layer,score,eval_lang,model_a,seed_a,model_b,seed_b,pre_steps
0,0.9805,de,de,1,fr,1,0
1,0.8731,de,de,1,fr,1,0
2,0.6571,de,de,1,fr,1,0
3,0.5623,de,de,1,fr,1,0
4,0.5464,de,de,1,fr,1,0
5,0.4911,de,de,1,fr,1,0
6,0.4166,de,de,1,fr,1,0
7,0.5181,de,de,1,fr,1,0
8,0.598,de,de,1,fr,1,0
9,0.5869,de,de,1,fr,1,0
10,0.5882,de,de,1,fr,1,0
11,0.4823,de,de,1,fr,1,0
12,0.5471,de,de,1,fr,1,0
0,0.9651,de,de,1,fr,2,0
1,0.8756,de,de,1,fr,2,0
2,0.6392,de,de,1,fr,2,0
3,0.5612,de,de,1,fr,2,0
4,0.5613,de,de,1,fr,2,0
5,0.5579,de,de,1,fr,2,0
6,0.5274,de,de,1,fr,2,0
7,0.5187,de,de,1,fr,2,0
8,0.6278,de,de,1,fr,2,0
9,0.6502,de,de,1,fr,2,0
10,0.5959,de,de,1,fr,2,0
11,0.5041,de,de,1,fr,2,0
12,0.5514,de,de,1,fr,2,0
0,0.9761,de,de,1,fr,4,0
1,0.8764,de,de,1,fr,4,0
2,0.6808,de,de,1,fr,4,0
3,0.5957,de,de,1,fr,4,0
4,0.5792,de,de,1,fr,4,0
5,0.5773,de,de,1,fr,4,0
6,0.4222,de,de,1,fr,4,0
7,0.4682,de,de,1,fr,4,0
8,0.6357,de,de,1,fr,4,0
9,0.6382,de,de,1,fr,4,0
10,0.5835,de,de,1,fr,4,0
11,0.5007,de,de,1,fr,4,0
12,0.5125,de,de,1,fr,4,0
0,0.9728,de,de,1,fr,5,0
1,0.8459,de,de,1,fr,5,0
2,0.6374,de,de,1,fr,5,0
3,0.5524,de,de,1,fr,5,0
4,0.5532,de,de,1,fr,5,0
5,0.5653,de,de,1,fr,5,0
6,0.6139,de,de,1,fr,5,0
7,0.573,de,de,1,fr,5,0
8,0.5139,de,de,1,fr,5,0
9,0.5551,de,de,1,fr,5,0
10,0.6134,de,de,1,fr,5,0
11,0.5016,de,de,1,fr,5,0
12,0.5309,de,de,1,fr,5,0
0,0.9738,de,de,1,fr,6,0
1,0.8609,de,de,1,fr,6,0
2,0.6603,de,de,1,fr,6,0
3,0.5964,de,de,1,fr,6,0
4,0.556,de,de,1,fr,6,0
5,0.576,de,de,1,fr,6,0
6,0.4946,de,de,1,fr,6,0
7,0.5384,de,de,1,fr,6,0
8,0.6184,de,de,1,fr,6,0
9,0.6224,de,de,1,fr,6,0
10,0.5667,de,de,1,fr,6,0
11,0.4908,de,de,1,fr,6,0
12,0.5127,de,de,1,fr,6,0
0,0.9777,de,de,1,fr,7,0
1,0.8823,de,de,1,fr,7,0
2,0.6731,de,de,1,fr,7,0
3,0.6244,de,de,1,fr,7,0
4,0.6077,de,de,1,fr,7,0
5,0.6372,de,de,1,fr,7,0
6,0.5818,de,de,1,fr,7,0
7,0.5097,de,de,1,fr,7,0
8,0.6118,de,de,1,fr,7,0
9,0.6637,de,de,1,fr,7,0
10,0.6199,de,de,1,fr,7,0
11,0.5116,de,de,1,fr,7,0
12,0.5492,de,de,1,fr,7,0
0,0.977,de,de,2,fr,1,0
1,0.8487,de,de,2,fr,1,0
2,0.6808,de,de,2,fr,1,0
3,0.5616,de,de,2,fr,1,0
4,0.5616,de,de,2,fr,1,0
5,0.4979,de,de,2,fr,1,0
6,0.4023,de,de,2,fr,1,0
7,0.5054,de,de,2,fr,1,0
8,0.5786,de,de,2,fr,1,0
9,0.5817,de,de,2,fr,1,0
10,0.5486,de,de,2,fr,1,0
11,0.5021,de,de,2,fr,1,0
12,0.5206,de,de,2,fr,1,0
0,0.9816,de,de,2,fr,2,0
1,0.8459,de,de,2,fr,2,0
2,0.6819,de,de,2,fr,2,0
3,0.563,de,de,2,fr,2,0
4,0.5632,de,de,2,fr,2,0
5,0.5085,de,de,2,fr,2,0
6,0.4908,de,de,2,fr,2,0
7,0.5285,de,de,2,fr,2,0
8,0.633,de,de,2,fr,2,0
9,0.6417,de,de,2,fr,2,0
10,0.568,de,de,2,fr,2,0
11,0.5271,de,de,2,fr,2,0
12,0.5337,de,de,2,fr,2,0
0,0.9568,de,de,2,fr,4,0
1,0.8534,de,de,2,fr,4,0
2,0.6905,de,de,2,fr,4,0
3,0.5872,de,de,2,fr,4,0
4,0.5615,de,de,2,fr,4,0
5,0.5359,de,de,2,fr,4,0
6,0.3959,de,de,2,fr,4,0
7,0.4594,de,de,2,fr,4,0
8,0.6123,de,de,2,fr,4,0
9,0.6182,de,de,2,fr,4,0
10,0.537,de,de,2,fr,4,0
11,0.5286,de,de,2,fr,4,0
12,0.4928,de,de,2,fr,4,0
0,0.9756,de,de,2,fr,5,0
1,0.8305,de,de,2,fr,5,0
2,0.6722,de,de,2,fr,5,0
3,0.5655,de,de,2,fr,5,0
4,0.56,de,de,2,fr,5,0
5,0.5232,de,de,2,fr,5,0
6,0.5337,de,de,2,fr,5,0
7,0.568,de,de,2,fr,5,0
8,0.5027,de,de,2,fr,5,0
9,0.524,de,de,2,fr,5,0
10,0.5729,de,de,2,fr,5,0
11,0.5186,de,de,2,fr,5,0
12,0.5045,de,de,2,fr,5,0
0,0.9588,de,de,2,fr,6,0
1,0.8231,de,de,2,fr,6,0
2,0.6727,de,de,2,fr,6,0
3,0.5984,de,de,2,fr,6,0
4,0.5678,de,de,2,fr,6,0
5,0.5359,de,de,2,fr,6,0
6,0.432,de,de,2,fr,6,0
7,0.4987,de,de,2,fr,6,0
8,0.6042,de,de,2,fr,6,0
9,0.6139,de,de,2,fr,6,0
10,0.5009,de,de,2,fr,6,0
11,0.5205,de,de,2,fr,6,0
12,0.4833,de,de,2,fr,6,0
0,0.974,de,de,2,fr,7,0
1,0.8643,de,de,2,fr,7,0
2,0.715,de,de,2,fr,7,0
3,0.6267,de,de,2,fr,7,0
4,0.6043,de,de,2,fr,7,0
5,0.5706,de,de,2,fr,7,0
6,0.4932,de,de,2,fr,7,0
7,0.4941,de,de,2,fr,7,0
8,0.5821,de,de,2,fr,7,0
9,0.6452,de,de,2,fr,7,0
10,0.5733,de,de,2,fr,7,0
11,0.5275,de,de,2,fr,7,0
12,0.5306,de,de,2,fr,7,0
0,0.9763,de,de,3,fr,1,0
1,0.8454,de,de,3,fr,1,0
2,0.6958,de,de,3,fr,1,0
3,0.6594,de,de,3,fr,1,0
4,0.5624,de,de,3,fr,1,0
5,0.5578,de,de,3,fr,1,0
6,0.4688,de,de,3,fr,1,0
7,0.5296,de,de,3,fr,1,0
8,0.5695,de,de,3,fr,1,0
9,0.5864,de,de,3,fr,1,0
10,0.6168,de,de,3,fr,1,0
11,0.5178,de,de,3,fr,1,0
12,0.5683,de,de,3,fr,1,0
0,0.955,de,de,3,fr,2,0
1,0.8482,de,de,3,fr,2,0
2,0.6615,de,de,3,fr,2,0
3,0.6424,de,de,3,fr,2,0
4,0.5546,de,de,3,fr,2,0
5,0.5932,de,de,3,fr,2,0
6,0.54,de,de,3,fr,2,0
7,0.5587,de,de,3,fr,2,0
8,0.5994,de,de,3,fr,2,0
9,0.5849,de,de,3,fr,2,0
10,0.6035,de,de,3,fr,2,0
11,0.5494,de,de,3,fr,2,0
12,0.5803,de,de,3,fr,2,0
0,0.9643,de,de,3,fr,4,0
1,0.8598,de,de,3,fr,4,0
2,0.6921,de,de,3,fr,4,0
3,0.6794,de,de,3,fr,4,0
4,0.5817,de,de,3,fr,4,0
5,0.6248,de,de,3,fr,4,0
6,0.4629,de,de,3,fr,4,0
7,0.5059,de,de,3,fr,4,0
8,0.6189,de,de,3,fr,4,0
9,0.5956,de,de,3,fr,4,0
10,0.5917,de,de,3,fr,4,0
11,0.5423,de,de,3,fr,4,0
12,0.5351,de,de,3,fr,4,0
0,0.9679,de,de,3,fr,5,0
1,0.8386,de,de,3,fr,5,0
2,0.66,de,de,3,fr,5,0
3,0.6324,de,de,3,fr,5,0
4,0.5511,de,de,3,fr,5,0
5,0.6013,de,de,3,fr,5,0
6,0.6073,de,de,3,fr,5,0
7,0.5893,de,de,3,fr,5,0
8,0.4963,de,de,3,fr,5,0
9,0.5339,de,de,3,fr,5,0
10,0.6349,de,de,3,fr,5,0
11,0.5456,de,de,3,fr,5,0
12,0.5526,de,de,3,fr,5,0
0,0.9651,de,de,3,fr,6,0
1,0.8461,de,de,3,fr,6,0
2,0.6742,de,de,3,fr,6,0
3,0.6893,de,de,3,fr,6,0
4,0.5587,de,de,3,fr,6,0
5,0.6123,de,de,3,fr,6,0
6,0.499,de,de,3,fr,6,0
7,0.5308,de,de,3,fr,6,0
8,0.5886,de,de,3,fr,6,0
9,0.6058,de,de,3,fr,6,0
10,0.6257,de,de,3,fr,6,0
11,0.5411,de,de,3,fr,6,0
12,0.5247,de,de,3,fr,6,0
0,0.9722,de,de,3,fr,7,0
1,0.8591,de,de,3,fr,7,0
2,0.7039,de,de,3,fr,7,0
3,0.6963,de,de,3,fr,7,0
4,0.5938,de,de,3,fr,7,0
5,0.6522,de,de,3,fr,7,0
6,0.5572,de,de,3,fr,7,0
7,0.5278,de,de,3,fr,7,0
8,0.5742,de,de,3,fr,7,0
9,0.6367,de,de,3,fr,7,0
10,0.6533,de,de,3,fr,7,0
11,0.5631,de,de,3,fr,7,0
12,0.5742,de,de,3,fr,7,0
0,0.9779,de,de,4,fr,1,0
1,0.8162,de,de,4,fr,1,0
2,0.7326,de,de,4,fr,1,0
3,0.6225,de,de,4,fr,1,0
4,0.6082,de,de,4,fr,1,0
5,0.59,de,de,4,fr,1,0
6,0.5337,de,de,4,fr,1,0
7,0.6066,de,de,4,fr,1,0
8,0.5499,de,de,4,fr,1,0
9,0.5556,de,de,4,fr,1,0
10,0.5876,de,de,4,fr,1,0
11,0.5245,de,de,4,fr,1,0
12,0.5641,de,de,4,fr,1,0
0,0.9659,de,de,4,fr,2,0
1,0.8151,de,de,4,fr,2,0
2,0.7138,de,de,4,fr,2,0
3,0.6073,de,de,4,fr,2,0
4,0.6123,de,de,4,fr,2,0
5,0.6122,de,de,4,fr,2,0
6,0.5959,de,de,4,fr,2,0
7,0.6258,de,de,4,fr,2,0
8,0.5996,de,de,4,fr,2,0
9,0.6133,de,de,4,fr,2,0
10,0.5713,de,de,4,fr,2,0
11,0.5234,de,de,4,fr,2,0
12,0.5813,de,de,4,fr,2,0
0,0.9834,de,de,4,fr,4,0
1,0.8198,de,de,4,fr,4,0
2,0.7431,de,de,4,fr,4,0
3,0.6445,de,de,4,fr,4,0
4,0.6247,de,de,4,fr,4,0
5,0.649,de,de,4,fr,4,0
6,0.5407,de,de,4,fr,4,0
7,0.6114,de,de,4,fr,4,0
8,0.6153,de,de,4,fr,4,0
9,0.61,de,de,4,fr,4,0
10,0.5903,de,de,4,fr,4,0
11,0.5385,de,de,4,fr,4,0
12,0.5319,de,de,4,fr,4,0
0,0.9761,de,de,4,fr,5,0
1,0.8114,de,de,4,fr,5,0
2,0.7186,de,de,4,fr,5,0
3,0.6057,de,de,4,fr,5,0
4,0.6068,de,de,4,fr,5,0
5,0.6151,de,de,4,fr,5,0
6,0.6571,de,de,4,fr,5,0
7,0.6619,de,de,4,fr,5,0
8,0.4953,de,de,4,fr,5,0
9,0.5489,de,de,4,fr,5,0
10,0.6053,de,de,4,fr,5,0
11,0.5211,de,de,4,fr,5,0
12,0.5479,de,de,4,fr,5,0
0,0.9792,de,de,4,fr,6,0
1,0.8093,de,de,4,fr,6,0
2,0.7267,de,de,4,fr,6,0
3,0.6451,de,de,4,fr,6,0
4,0.6102,de,de,4,fr,6,0
5,0.632,de,de,4,fr,6,0
6,0.5761,de,de,4,fr,6,0
7,0.6256,de,de,4,fr,6,0
8,0.5762,de,de,4,fr,6,0
9,0.5926,de,de,4,fr,6,0
10,0.6067,de,de,4,fr,6,0
11,0.5369,de,de,4,fr,6,0
12,0.5278,de,de,4,fr,6,0
0,0.9753,de,de,4,fr,7,0
1,0.8256,de,de,4,fr,7,0
2,0.7496,de,de,4,fr,7,0
3,0.6667,de,de,4,fr,7,0
4,0.6537,de,de,4,fr,7,0
5,0.6647,de,de,4,fr,7,0
6,0.6252,de,de,4,fr,7,0
7,0.6011,de,de,4,fr,7,0
8,0.5543,de,de,4,fr,7,0
9,0.6382,de,de,4,fr,7,0
10,0.6183,de,de,4,fr,7,0
11,0.5434,de,de,4,fr,7,0
12,0.5704,de,de,4,fr,7,0
0,0.9758,de,de,5,fr,1,0
1,0.7804,de,de,5,fr,1,0
2,0.6709,de,de,5,fr,1,0
3,0.5837,de,de,5,fr,1,0
4,0.5565,de,de,5,fr,1,0
5,0.5109,de,de,5,fr,1,0
6,0.4701,de,de,5,fr,1,0
7,0.5737,de,de,5,fr,1,0
8,0.5523,de,de,5,fr,1,0
9,0.5701,de,de,5,fr,1,0
10,0.5622,de,de,5,fr,1,0
11,0.403,de,de,5,fr,1,0
12,0.5035,de,de,5,fr,1,0
0,0.9592,de,de,5,fr,2,0
1,0.7831,de,de,5,fr,2,0
2,0.6699,de,de,5,fr,2,0
3,0.5721,de,de,5,fr,2,0
4,0.5364,de,de,5,fr,2,0
5,0.5362,de,de,5,fr,2,0
6,0.5471,de,de,5,fr,2,0
7,0.5903,de,de,5,fr,2,0
8,0.5946,de,de,5,fr,2,0
9,0.614,de,de,5,fr,2,0
10,0.5704,de,de,5,fr,2,0
11,0.4342,de,de,5,fr,2,0
12,0.519,de,de,5,fr,2,0
0,0.9715,de,de,5,fr,4,0
1,0.7921,de,de,5,fr,4,0
2,0.6945,de,de,5,fr,4,0
3,0.6099,de,de,5,fr,4,0
4,0.5751,de,de,5,fr,4,0
5,0.5665,de,de,5,fr,4,0
6,0.4901,de,de,5,fr,4,0
7,0.5525,de,de,5,fr,4,0
8,0.5967,de,de,5,fr,4,0
9,0.6078,de,de,5,fr,4,0
10,0.5417,de,de,5,fr,4,0
11,0.4355,de,de,5,fr,4,0
12,0.4724,de,de,5,fr,4,0
0,0.9756,de,de,5,fr,5,0
1,0.7934,de,de,5,fr,5,0
2,0.6637,de,de,5,fr,5,0
3,0.5715,de,de,5,fr,5,0
4,0.5404,de,de,5,fr,5,0
5,0.5355,de,de,5,fr,5,0
6,0.5702,de,de,5,fr,5,0
7,0.619,de,de,5,fr,5,0
8,0.494,de,de,5,fr,5,0
9,0.5359,de,de,5,fr,5,0
10,0.597,de,de,5,fr,5,0
11,0.4359,de,de,5,fr,5,0
12,0.4924,de,de,5,fr,5,0
0,0.9799,de,de,5,fr,6,0
1,0.7765,de,de,5,fr,6,0
2,0.6626,de,de,5,fr,6,0
3,0.6026,de,de,5,fr,6,0
4,0.5503,de,de,5,fr,6,0
5,0.5422,de,de,5,fr,6,0
6,0.4973,de,de,5,fr,6,0
7,0.5697,de,de,5,fr,6,0
8,0.5811,de,de,5,fr,6,0
9,0.6077,de,de,5,fr,6,0
10,0.5313,de,de,5,fr,6,0
11,0.4103,de,de,5,fr,6,0
12,0.4701,de,de,5,fr,6,0
0,0.9717,de,de,5,fr,7,0
1,0.7957,de,de,5,fr,7,0
2,0.6977,de,de,5,fr,7,0
3,0.6265,de,de,5,fr,7,0
4,0.5895,de,de,5,fr,7,0
5,0.5851,de,de,5,fr,7,0
6,0.5574,de,de,5,fr,7,0
7,0.5563,de,de,5,fr,7,0
8,0.548,de,de,5,fr,7,0
9,0.6472,de,de,5,fr,7,0
10,0.5969,de,de,5,fr,7,0
11,0.4411,de,de,5,fr,7,0
12,0.513,de,de,5,fr,7,0
0,0.9801,de,de,6,fr,1,0
1,0.8036,de,de,6,fr,1,0
2,0.6909,de,de,6,fr,1,0
3,0.6542,de,de,6,fr,1,0
4,0.6303,de,de,6,fr,1,0
5,0.5594,de,de,6,fr,1,0
6,0.451,de,de,6,fr,1,0
7,0.5019,de,de,6,fr,1,0
8,0.5315,de,de,6,fr,1,0
9,0.5566,de,de,6,fr,1,0
10,0.5514,de,de,6,fr,1,0
11,0.544,de,de,6,fr,1,0
12,0.5142,de,de,6,fr,1,0
0,0.9673,de,de,6,fr,2,0
1,0.8073,de,de,6,fr,2,0
2,0.6914,de,de,6,fr,2,0
3,0.6495,de,de,6,fr,2,0
4,0.6393,de,de,6,fr,2,0
5,0.5961,de,de,6,fr,2,0
6,0.5202,de,de,6,fr,2,0
7,0.4939,de,de,6,fr,2,0
8,0.5681,de,de,6,fr,2,0
9,0.6041,de,de,6,fr,2,0
10,0.5628,de,de,6,fr,2,0
11,0.5536,de,de,6,fr,2,0
12,0.5295,de,de,6,fr,2,0
0,0.978,de,de,6,fr,4,0
1,0.8153,de,de,6,fr,4,0
2,0.709,de,de,6,fr,4,0
3,0.6762,de,de,6,fr,4,0
4,0.6402,de,de,6,fr,4,0
5,0.6034,de,de,6,fr,4,0
6,0.4227,de,de,6,fr,4,0
7,0.4292,de,de,6,fr,4,0
8,0.5867,de,de,6,fr,4,0
9,0.6015,de,de,6,fr,4,0
10,0.555,de,de,6,fr,4,0
11,0.5667,de,de,6,fr,4,0
12,0.4823,de,de,6,fr,4,0
0,0.9742,de,de,6,fr,5,0
1,0.8038,de,de,6,fr,5,0
2,0.6949,de,de,6,fr,5,0
3,0.6416,de,de,6,fr,5,0
4,0.6146,de,de,6,fr,5,0
5,0.6008,de,de,6,fr,5,0
6,0.5795,de,de,6,fr,5,0
7,0.5455,de,de,6,fr,5,0
8,0.4555,de,de,6,fr,5,0
9,0.5023,de,de,6,fr,5,0
10,0.5889,de,de,6,fr,5,0
11,0.5414,de,de,6,fr,5,0
12,0.4996,de,de,6,fr,5,0
0,0.9835,de,de,6,fr,6,0
1,0.8052,de,de,6,fr,6,0
2,0.699,de,de,6,fr,6,0
3,0.673,de,de,6,fr,6,0
4,0.622,de,de,6,fr,6,0
5,0.6095,de,de,6,fr,6,0
6,0.4847,de,de,6,fr,6,0
7,0.5065,de,de,6,fr,6,0
8,0.5425,de,de,6,fr,6,0
9,0.5755,de,de,6,fr,6,0
10,0.5307,de,de,6,fr,6,0
11,0.5703,de,de,6,fr,6,0
12,0.4858,de,de,6,fr,6,0
0,0.9758,de,de,6,fr,7,0
1,0.8167,de,de,6,fr,7,0
2,0.7157,de,de,6,fr,7,0
3,0.6909,de,de,6,fr,7,0
4,0.6596,de,de,6,fr,7,0
5,0.6369,de,de,6,fr,7,0
6,0.5435,de,de,6,fr,7,0
7,0.4773,de,de,6,fr,7,0
8,0.529,de,de,6,fr,7,0
9,0.6338,de,de,6,fr,7,0
10,0.5877,de,de,6,fr,7,0
11,0.5739,de,de,6,fr,7,0
12,0.5219,de,de,6,fr,7,0
0,0.9858,de,fr,1,fr,2,0
1,0.9448,de,fr,1,fr,2,0
2,0.8878,de,fr,1,fr,2,0
3,0.8738,de,fr,1,fr,2,0
4,0.8571,de,fr,1,fr,2,0
5,0.8158,de,fr,1,fr,2,0
6,0.7194,de,fr,1,fr,2,0
7,0.7475,de,fr,1,fr,2,0
8,0.8019,de,fr,1,fr,2,0
9,0.7727,de,fr,1,fr,2,0
10,0.8256,de,fr,1,fr,2,0
11,0.8287,de,fr,1,fr,2,0
12,0.8357,de,fr,1,fr,2,0
0,0.9812,de,fr,1,fr,4,0
1,0.9509,de,fr,1,fr,4,0
2,0.9019,de,fr,1,fr,4,0
3,0.8865,de,fr,1,fr,4,0
4,0.8805,de,fr,1,fr,4,0
5,0.8116,de,fr,1,fr,4,0
6,0.7261,de,fr,1,fr,4,0
7,0.7305,de,fr,1,fr,4,0
8,0.7829,de,fr,1,fr,4,0
9,0.7739,de,fr,1,fr,4,0
10,0.8129,de,fr,1,fr,4,0
11,0.844,de,fr,1,fr,4,0
12,0.8472,de,fr,1,fr,4,0
0,0.9853,de,fr,1,fr,5,0
1,0.9323,de,fr,1,fr,5,0
2,0.879,de,fr,1,fr,5,0
3,0.8591,de,fr,1,fr,5,0
4,0.8463,de,fr,1,fr,5,0
5,0.8035,de,fr,1,fr,5,0
6,0.6917,de,fr,1,fr,5,0
7,0.7657,de,fr,1,fr,5,0
8,0.7889,de,fr,1,fr,5,0
9,0.7732,de,fr,1,fr,5,0
10,0.8527,de,fr,1,fr,5,0
11,0.8353,de,fr,1,fr,5,0
12,0.8405,de,fr,1,fr,5,0
0,0.9815,de,fr,1,fr,6,0
1,0.9427,de,fr,1,fr,6,0
2,0.8916,de,fr,1,fr,6,0
3,0.8574,de,fr,1,fr,6,0
4,0.8662,de,fr,1,fr,6,0
5,0.8281,de,fr,1,fr,6,0
6,0.7221,de,fr,1,fr,6,0
7,0.733,de,fr,1,fr,6,0
8,0.7992,de,fr,1,fr,6,0
9,0.8706,de,fr,1,fr,6,0
10,0.8685,de,fr,1,fr,6,0
11,0.8762,de,fr,1,fr,6,0
12,0.8329,de,fr,1,fr,6,0
0,0.9869,de,fr,1,fr,7,0
1,0.9545,de,fr,1,fr,7,0
2,0.8991,de,fr,1,fr,7,0
3,0.8739,de,fr,1,fr,7,0
4,0.8529,de,fr,1,fr,7,0
5,0.7822,de,fr,1,fr,7,0
6,0.7371,de,fr,1,fr,7,0
7,0.7428,de,fr,1,fr,7,0
8,0.8315,de,fr,1,fr,7,0
9,0.8342,de,fr,1,fr,7,0
10,0.8603,de,fr,1,fr,7,0
11,0.8443,de,fr,1,fr,7,0
12,0.839,de,fr,1,fr,7,0
0,0.9755,de,fr,2,fr,4,0
1,0.9592,de,fr,2,fr,4,0
2,0.9167,de,fr,2,fr,4,0
3,0.9154,de,fr,2,fr,4,0
4,0.8781,de,fr,2,fr,4,0
5,0.8602,de,fr,2,fr,4,0
6,0.7546,de,fr,2,fr,4,0
7,0.8176,de,fr,2,fr,4,0
8,0.8188,de,fr,2,fr,4,0
9,0.7927,de,fr,2,fr,4,0
10,0.8049,de,fr,2,fr,4,0
11,0.8252,de,fr,2,fr,4,0
12,0.8135,de,fr,2,fr,4,0
0,0.9818,de,fr,2,fr,5,0
1,0.9308,de,fr,2,fr,5,0
2,0.8965,de,fr,2,fr,5,0
3,0.8775,de,fr,2,fr,5,0
4,0.8764,de,fr,2,fr,5,0
5,0.8547,de,fr,2,fr,5,0
6,0.7829,de,fr,2,fr,5,0
7,0.8002,de,fr,2,fr,5,0
8,0.7721,de,fr,2,fr,5,0
9,0.7355,de,fr,2,fr,5,0
10,0.8064,de,fr,2,fr,5,0
11,0.8103,de,fr,2,fr,5,0
12,0.8124,de,fr,2,fr,5,0
0,0.972,de,fr,2,fr,6,0
1,0.9541,de,fr,2,fr,6,0
2,0.9179,de,fr,2,fr,6,0
3,0.898,de,fr,2,fr,6,0
4,0.8862,de,fr,2,fr,6,0
5,0.8838,de,fr,2,fr,6,0
6,0.7579,de,fr,2,fr,6,0
7,0.7688,de,fr,2,fr,6,0
8,0.7904,de,fr,2,fr,6,0
9,0.7915,de,fr,2,fr,6,0
10,0.7944,de,fr,2,fr,6,0
11,0.834,de,fr,2,fr,6,0
12,0.812,de,fr,2,fr,6,0
0,0.9812,de,fr,2,fr,7,0
1,0.9545,de,fr,2,fr,7,0
2,0.92,de,fr,2,fr,7,0
3,0.8999,de,fr,2,fr,7,0
4,0.8832,de,fr,2,fr,7,0
5,0.8833,de,fr,2,fr,7,0
6,0.8094,de,fr,2,fr,7,0
7,0.8359,de,fr,2,fr,7,0
8,0.8323,de,fr,2,fr,7,0
9,0.8251,de,fr,2,fr,7,0
10,0.8467,de,fr,2,fr,7,0
11,0.8311,de,fr,2,fr,7,0
12,0.8368,de,fr,2,fr,7,0
0,0.9806,de,fr,4,fr,5,0
1,0.9452,de,fr,4,fr,5,0
2,0.901,de,fr,4,fr,5,0
3,0.8979,de,fr,4,fr,5,0
4,0.8724,de,fr,4,fr,5,0
5,0.831,de,fr,4,fr,5,0
6,0.6803,de,fr,4,fr,5,0
7,0.7738,de,fr,4,fr,5,0
8,0.7296,de,fr,4,fr,5,0
9,0.7294,de,fr,4,fr,5,0
10,0.7651,de,fr,4,fr,5,0
11,0.8051,de,fr,4,fr,5,0
12,0.8435,de,fr,4,fr,5,0
0,0.9749,de,fr,4,fr,6,0
1,0.9575,de,fr,4,fr,6,0
2,0.9221,de,fr,4,fr,6,0
3,0.906,de,fr,4,fr,6,0
4,0.8973,de,fr,4,fr,6,0
5,0.8549,de,fr,4,fr,6,0
6,0.7445,de,fr,4,fr,6,0
7,0.7673,de,fr,4,fr,6,0
8,0.7998,de,fr,4,fr,6,0
9,0.7943,de,fr,4,fr,6,0
10,0.8157,de,fr,4,fr,6,0
11,0.8521,de,fr,4,fr,6,0
12,0.8425,de,fr,4,fr,6,0
0,0.983,de,fr,4,fr,7,0
1,0.9615,de,fr,4,fr,7,0
2,0.9204,de,fr,4,fr,7,0
3,0.9077,de,fr,4,fr,7,0
4,0.8886,de,fr,4,fr,7,0
5,0.8786,de,fr,4,fr,7,0
6,0.7678,de,fr,4,fr,7,0
7,0.8037,de,fr,4,fr,7,0
8,0.8036,de,fr,4,fr,7,0
9,0.8197,de,fr,4,fr,7,0
10,0.8278,de,fr,4,fr,7,0
11,0.8382,de,fr,4,fr,7,0
12,0.8593,de,fr,4,fr,7,0
0,0.9768,de,fr,5,fr,6,0
1,0.9372,de,fr,5,fr,6,0
2,0.8941,de,fr,5,fr,6,0
3,0.8772,de,fr,5,fr,6,0
4,0.884,de,fr,5,fr,6,0
5,0.8691,de,fr,5,fr,6,0
6,0.759,de,fr,5,fr,6,0
7,0.7819,de,fr,5,fr,6,0
8,0.7824,de,fr,5,fr,6,0
9,0.8032,de,fr,5,fr,6,0
10,0.8504,de,fr,5,fr,6,0
11,0.8427,de,fr,5,fr,6,0
12,0.8344,de,fr,5,fr,6,0
0,0.9847,de,fr,5,fr,7,0
1,0.9439,de,fr,5,fr,7,0
2,0.9078,de,fr,5,fr,7,0
3,0.8964,de,fr,5,fr,7,0
4,0.8935,de,fr,5,fr,7,0
5,0.8599,de,fr,5,fr,7,0
6,0.8032,de,fr,5,fr,7,0
7,0.7986,de,fr,5,fr,7,0
8,0.8134,de,fr,5,fr,7,0
9,0.7986,de,fr,5,fr,7,0
10,0.8485,de,fr,5,fr,7,0
11,0.8252,de,fr,5,fr,7,0
12,0.8443,de,fr,5,fr,7,0
0,0.9725,de,fr,6,fr,7,0
1,0.9547,de,fr,6,fr,7,0
2,0.9232,de,fr,6,fr,7,0
3,0.9153,de,fr,6,fr,7,0
4,0.8885,de,fr,6,fr,7,0
5,0.8804,de,fr,6,fr,7,0
6,0.7779,de,fr,6,fr,7,0
7,0.7838,de,fr,6,fr,7,0
8,0.8216,de,fr,6,fr,7,0
9,0.8508,de,fr,6,fr,7,0
10,0.8577,de,fr,6,fr,7,0
11,0.8617,de,fr,6,fr,7,0
12,0.8421,de,fr,6,fr,7,0
0,0.9802,de,de2fr,1,de,1,3360
0,0.9542,de,de2fr,1,de,2,3360
0,0.9752,de,de2fr,1,de,3,3360
0,0.9812,de,de2fr,1,de,4,3360
0,0.9761,de,de2fr,1,de,5,3360
0,0.9769,de,de2fr,1,de,6,3360
0,0.9828,de,de2fr,1,fr,1,3360
0,0.9689,de,de2fr,1,fr,2,3360
0,0.9827,de,de2fr,1,fr,4,3360
0,0.9767,de,de2fr,1,fr,5,3360
0,0.9702,de,de2fr,1,fr,6,3360
0,0.9812,de,de2fr,1,fr,7,3360
0,0.9769,de,de2fr,2,de,1,3360
0,0.9721,de,de2fr,2,de,2,3360
0,0.9721,de,de2fr,2,de,3,3360
0,0.9809,de,de2fr,2,de,4,3360
0,0.9755,de,de2fr,2,de,5,3360
0,0.9796,de,de2fr,2,de,6,3360
0,0.985,de,de2fr,2,fr,1,3360
0,0.981,de,de2fr,2,fr,2,3360
0,0.9852,de,de2fr,2,fr,4,3360
0,0.9872,de,de2fr,2,fr,5,3360
0,0.9801,de,de2fr,2,fr,6,3360
0,0.9858,de,de2fr,2,fr,7,3360
0,0.9789,de,de2fr,3,de,1,3360
0,0.9742,de,de2fr,3,de,2,3360
0,0.9772,de,de2fr,3,de,3,3360
0,0.9763,de,de2fr,3,de,4,3360
0,0.9749,de,de2fr,3,de,5,3360
0,0.9774,de,de2fr,3,de,6,3360
0,0.9868,de,de2fr,3,fr,1,3360
0,0.9795,de,de2fr,3,fr,2,3360
0,0.9821,de,de2fr,3,fr,4,3360
0,0.9869,de,de2fr,3,fr,5,3360
0,0.9724,de,de2fr,3,fr,6,3360
0,0.9884,de,de2fr,3,fr,7,3360
1,0.8823,de,de2fr,1,de,1,3360
1,0.8572,de,de2fr,1,de,2,3360
1,0.8623,de,de2fr,1,de,3,3360
1,0.8301,de,de2fr,1,de,4,3360
1,0.7946,de,de2fr,1,de,5,3360
1,0.8169,de,de2fr,1,de,6,3360
1,0.9446,de,de2fr,1,fr,1,3360
1,0.9451,de,de2fr,1,fr,2,3360
1,0.9566,de,de2fr,1,fr,4,3360
1,0.9324,de,de2fr,1,fr,5,3360
1,0.9514,de,de2fr,1,fr,6,3360
1,0.9568,de,de2fr,1,fr,7,3360
1,0.8689,de,de2fr,2,de,1,3360
1,0.8415,de,de2fr,2,de,2,3360
1,0.8459,de,de2fr,2,de,3,3360
1,0.8219,de,de2fr,2,de,4,3360
1,0.7928,de,de2fr,2,de,5,3360
1,0.8069,de,de2fr,2,de,6,3360
1,0.9453,de,de2fr,2,fr,1,3360
1,0.9443,de,de2fr,2,fr,2,3360
1,0.9531,de,de2fr,2,fr,4,3360
1,0.9447,de,de2fr,2,fr,5,3360
1,0.9455,de,de2fr,2,fr,6,3360
1,0.953,de,de2fr,2,fr,7,3360
1,0.8675,de,de2fr,3,de,1,3360
1,0.8478,de,de2fr,3,de,2,3360
1,0.8543,de,de2fr,3,de,3,3360
1,0.8251,de,de2fr,3,de,4,3360
1,0.7954,de,de2fr,3,de,5,3360
1,0.8103,de,de2fr,3,de,6,3360
1,0.9469,de,de2fr,3,fr,1,3360
1,0.9485,de,de2fr,3,fr,2,3360
1,0.9568,de,de2fr,3,fr,4,3360
1,0.9414,de,de2fr,3,fr,5,3360
1,0.9499,de,de2fr,3,fr,6,3360
1,0.953,de,de2fr,3,fr,7,3360
2,0.6578,de,de2fr,1,de,1,3360
2,0.7065,de,de2fr,1,de,2,3360
2,0.6944,de,de2fr,1,de,3,3360
2,0.7345,de,de2fr,1,de,4,3360
2,0.6822,de,de2fr,1,de,5,3360
2,0.7083,de,de2fr,1,de,6,3360
2,0.9047,de,de2fr,1,fr,1,3360
2,0.9207,de,de2fr,1,fr,2,3360
2,0.9223,de,de2fr,1,fr,4,3360
2,0.9069,de,de2fr,1,fr,5,3360
2,0.9189,de,de2fr,1,fr,6,3360
2,0.9281,de,de2fr,1,fr,7,3360
2,0.6846,de,de2fr,2,de,1,3360
2,0.7164,de,de2fr,2,de,2,3360
2,0.7022,de,de2fr,2,de,3,3360
2,0.7578,de,de2fr,2,de,4,3360
2,0.7133,de,de2fr,2,de,5,3360
2,0.7284,de,de2fr,2,de,6,3360
2,0.8955,de,de2fr,2,fr,1,3360
2,0.9052,de,de2fr,2,fr,2,3360
2,0.9091,de,de2fr,2,fr,4,3360
2,0.9087,de,de2fr,2,fr,5,3360
2,0.8984,de,de2fr,2,fr,6,3360
2,0.9182,de,de2fr,2,fr,7,3360
2,0.6519,de,de2fr,3,de,1,3360
2,0.6611,de,de2fr,3,de,2,3360
2,0.6695,de,de2fr,3,de,3,3360
2,0.7207,de,de2fr,3,de,4,3360
2,0.665,de,de2fr,3,de,5,3360
2,0.6721,de,de2fr,3,de,6,3360
2,0.8905,de,de2fr,3,fr,1,3360
2,0.888,de,de2fr,3,fr,2,3360
2,0.9144,de,de2fr,3,fr,4,3360
2,0.8817,de,de2fr,3,fr,5,3360
2,0.9095,de,de2fr,3,fr,6,3360
2,0.9003,de,de2fr,3,fr,7,3360
3,0.5809,de,de2fr,1,de,1,3360
3,0.5915,de,de2fr,1,de,2,3360
3,0.6748,de,de2fr,1,de,3,3360
3,0.6282,de,de2fr,1,de,4,3360
3,0.5976,de,de2fr,1,de,5,3360
3,0.6751,de,de2fr,1,de,6,3360
3,0.8612,de,de2fr,1,fr,1,3360
3,0.8979,de,de2fr,1,fr,2,3360
3,0.9006,de,de2fr,1,fr,4,3360
3,0.8823,de,de2fr,1,fr,5,3360
3,0.9042,de,de2fr,1,fr,6,3360
3,0.9069,de,de2fr,1,fr,7,3360
3,0.5934,de,de2fr,2,de,1,3360
3,0.6094,de,de2fr,2,de,2,3360
3,0.6973,de,de2fr,2,de,3,3360
3,0.6382,de,de2fr,2,de,4,3360
3,0.6176,de,de2fr,2,de,5,3360
3,0.6886,de,de2fr,2,de,6,3360
3,0.8538,de,de2fr,2,fr,1,3360
3,0.8675,de,de2fr,2,fr,2,3360
3,0.8973,de,de2fr,2,fr,4,3360
3,0.8739,de,de2fr,2,fr,5,3360
3,0.8863,de,de2fr,2,fr,6,3360
3,0.8921,de,de2fr,2,fr,7,3360
3,0.577,de,de2fr,3,de,1,3360
3,0.579,de,de2fr,3,de,2,3360
3,0.6939,de,de2fr,3,de,3,3360
3,0.6346,de,de2fr,3,de,4,3360
3,0.6015,de,de2fr,3,de,5,3360
3,0.6639,de,de2fr,3,de,6,3360
3,0.8583,de,de2fr,3,fr,1,3360
3,0.8868,de,de2fr,3,fr,2,3360
3,0.9104,de,de2fr,3,fr,4,3360
3,0.8643,de,de2fr,3,fr,5,3360
3,0.9081,de,de2fr,3,fr,6,3360
3,0.8967,de,de2fr,3,fr,7,3360
4,0.5856,de,de2fr,1,de,1,3360
4,0.5695,de,de2fr,1,de,2,3360
4,0.5832,de,de2fr,1,de,3,3360
4,0.6245,de,de2fr,1,de,4,3360
4,0.5604,de,de2fr,1,de,5,3360
4,0.6341,de,de2fr,1,de,6,3360
4,0.8198,de,de2fr,1,fr,1,3360
4,0.8824,de,de2fr,1,fr,2,3360
4,0.8643,de,de2fr,1,fr,4,3360
4,0.8686,de,de2fr,1,fr,5,3360
4,0.8527,de,de2fr,1,fr,6,3360
4,0.882,de,de2fr,1,fr,7,3360
4,0.596,de,de2fr,2,de,1,3360
4,0.5941,de,de2fr,2,de,2,3360
4,0.5936,de,de2fr,2,de,3,3360
4,0.6398,de,de2fr,2,de,4,3360
4,0.5824,de,de2fr,2,de,5,3360
4,0.6532,de,de2fr,2,de,6,3360
4,0.8518,de,de2fr,2,fr,1,3360
4,0.8726,de,de2fr,2,fr,2,3360
4,0.8955,de,de2fr,2,fr,4,3360
4,0.8754,de,de2fr,2,fr,5,3360
4,0.8627,de,de2fr,2,fr,6,3360
4,0.8919,de,de2fr,2,fr,7,3360
4,0.5503,de,de2fr,3,de,1,3360
4,0.5319,de,de2fr,3,de,2,3360
4,0.5696,de,de2fr,3,de,3,3360
4,0.6004,de,de2fr,3,de,4,3360
4,0.5665,de,de2fr,3,de,5,3360
4,0.6085,de,de2fr,3,de,6,3360
4,0.82,de,de2fr,3,fr,1,3360
4,0.8121,de,de2fr,3,fr,2,3360
4,0.8737,de,de2fr,3,fr,4,3360
4,0.8187,de,de2fr,3,fr,5,3360
4,0.8486,de,de2fr,3,fr,6,3360
4,0.8383,de,de2fr,3,fr,7,3360
5,0.4503,de,de2fr,1,de,1,3360
5,0.4498,de,de2fr,1,de,2,3360
5,0.4835,de,de2fr,1,de,3,3360
5,0.5184,de,de2fr,1,de,4,3360
5,0.4758,de,de2fr,1,de,5,3360
5,0.4822,de,de2fr,1,de,6,3360
5,0.7067,de,de2fr,1,fr,1,3360
5,0.7299,de,de2fr,1,fr,2,3360
5,0.7676,de,de2fr,1,fr,4,3360
5,0.6714,de,de2fr,1,fr,5,3360
5,0.7005,de,de2fr,1,fr,6,3360
5,0.7272,de,de2fr,1,fr,7,3360
5,0.4768,de,de2fr,2,de,1,3360
5,0.482,de,de2fr,2,de,2,3360
5,0.5281,de,de2fr,2,de,3,3360
5,0.5611,de,de2fr,2,de,4,3360
5,0.5085,de,de2fr,2,de,5,3360
5,0.5152,de,de2fr,2,de,6,3360
5,0.7656,de,de2fr,2,fr,1,3360
5,0.7711,de,de2fr,2,fr,2,3360
5,0.8163,de,de2fr,2,fr,4,3360
5,0.7258,de,de2fr,2,fr,5,3360
5,0.7505,de,de2fr,2,fr,6,3360
5,0.7693,de,de2fr,2,fr,7,3360
5,0.5001,de,de2fr,3,de,1,3360
5,0.457,de,de2fr,3,de,2,3360
5,0.5617,de,de2fr,3,de,3,3360
5,0.559,de,de2fr,3,de,4,3360
5,0.5065,de,de2fr,3,de,5,3360
5,0.5218,de,de2fr,3,de,6,3360
5,0.7355,de,de2fr,3,fr,1,3360
5,0.7982,de,de2fr,3,fr,2,3360
5,0.8156,de,de2fr,3,fr,4,3360
5,0.7352,de,de2fr,3,fr,5,3360
5,0.7795,de,de2fr,3,fr,6,3360
5,0.7839,de,de2fr,3,fr,7,3360
6,0.4611,de,de2fr,1,de,1,3360
6,0.4251,de,de2fr,1,de,2,3360
6,0.4884,de,de2fr,1,de,3,3360
6,0.5557,de,de2fr,1,de,4,3360
6,0.505,de,de2fr,1,de,5,3360
6,0.4547,de,de2fr,1,de,6,3360
6,0.6936,de,de2fr,1,fr,1,3360
6,0.76,de,de2fr,1,fr,2,3360
6,0.7887,de,de2fr,1,fr,4,3360
6,0.7125,de,de2fr,1,fr,5,3360
6,0.7227,de,de2fr,1,fr,6,3360
6,0.7753,de,de2fr,1,fr,7,3360
6,0.3621,de,de2fr,2,de,1,3360
6,0.3908,de,de2fr,2,de,2,3360
6,0.4261,de,de2fr,2,de,3,3360
6,0.4924,de,de2fr,2,de,4,3360
6,0.4512,de,de2fr,2,de,5,3360
6,0.3922,de,de2fr,2,de,6,3360
6,0.6829,de,de2fr,2,fr,1,3360
6,0.7388,de,de2fr,2,fr,2,3360
6,0.7736,de,de2fr,2,fr,4,3360
6,0.6416,de,de2fr,2,fr,5,3360
6,0.7202,de,de2fr,2,fr,6,3360
6,0.7124,de,de2fr,2,fr,7,3360
6,0.4821,de,de2fr,3,de,1,3360
6,0.4394,de,de2fr,3,de,2,3360
6,0.5125,de,de2fr,3,de,3,3360
6,0.5724,de,de2fr,3,de,4,3360
6,0.5096,de,de2fr,3,de,5,3360
6,0.4586,de,de2fr,3,de,6,3360
6,0.6754,de,de2fr,3,fr,1,3360
6,0.7755,de,de2fr,3,fr,2,3360
6,0.7633,de,de2fr,3,fr,4,3360
6,0.7393,de,de2fr,3,fr,5,3360
6,0.748,de,de2fr,3,fr,6,3360
6,0.7641,de,de2fr,3,fr,7,3360
7,0.5826,de,de2fr,1,de,1,3360
7,0.5603,de,de2fr,1,de,2,3360
7,0.5922,de,de2fr,1,de,3,3360
7,0.6376,de,de2fr,1,de,4,3360
7,0.6323,de,de2fr,1,de,5,3360
7,0.5505,de,de2fr,1,de,6,3360
7,0.7174,de,de2fr,1,fr,1,3360
7,0.8073,de,de2fr,1,fr,2,3360
7,0.7913,de,de2fr,1,fr,4,3360
7,0.7849,de,de2fr,1,fr,5,3360
7,0.7528,de,de2fr,1,fr,6,3360
7,0.7987,de,de2fr,1,fr,7,3360
7,0.4611,de,de2fr,2,de,1,3360
7,0.483,de,de2fr,2,de,2,3360
7,0.5129,de,de2fr,2,de,3,3360
7,0.5958,de,de2fr,2,de,4,3360
7,0.5548,de,de2fr,2,de,5,3360
7,0.4371,de,de2fr,2,de,6,3360
7,0.6989,de,de2fr,2,fr,1,3360
7,0.8177,de,de2fr,2,fr,2,3360
7,0.8042,de,de2fr,2,fr,4,3360
7,0.7501,de,de2fr,2,fr,5,3360
7,0.7538,de,de2fr,2,fr,6,3360
7,0.7972,de,de2fr,2,fr,7,3360
7,0.495,de,de2fr,3,de,1,3360
7,0.4874,de,de2fr,3,de,2,3360
7,0.5305,de,de2fr,3,de,3,3360
7,0.6006,de,de2fr,3,de,4,3360
7,0.5639,de,de2fr,3,de,5,3360
7,0.4634,de,de2fr,3,de,6,3360
7,0.6941,de,de2fr,3,fr,1,3360
7,0.783,de,de2fr,3,fr,2,3360
7,0.787,de,de2fr,3,fr,4,3360
7,0.7505,de,de2fr,3,fr,5,3360
7,0.7677,de,de2fr,3,fr,6,3360
7,0.7809,de,de2fr,3,fr,7,3360
8,0.65,de,de2fr,1,de,1,3360
8,0.6571,de,de2fr,1,de,2,3360
8,0.6387,de,de2fr,1,de,3,3360
8,0.6256,de,de2fr,1,de,4,3360
8,0.6164,de,de2fr,1,de,5,3360
8,0.6108,de,de2fr,1,de,6,3360
8,0.7878,de,de2fr,1,fr,1,3360
8,0.8356,de,de2fr,1,fr,2,3360
8,0.8265,de,de2fr,1,fr,4,3360
8,0.7287,de,de2fr,1,fr,5,3360
8,0.7805,de,de2fr,1,fr,6,3360
8,0.8121,de,de2fr,1,fr,7,3360
8,0.6084,de,de2fr,2,de,1,3360
8,0.6116,de,de2fr,2,de,2,3360
8,0.5814,de,de2fr,2,de,3,3360
8,0.5851,de,de2fr,2,de,4,3360
8,0.58,de,de2fr,2,de,5,3360
8,0.5495,de,de2fr,2,de,6,3360
8,0.7698,de,de2fr,2,fr,1,3360
8,0.8353,de,de2fr,2,fr,2,3360
8,0.8205,de,de2fr,2,fr,4,3360
8,0.7442,de,de2fr,2,fr,5,3360
8,0.7796,de,de2fr,2,fr,6,3360
8,0.8132,de,de2fr,2,fr,7,3360
8,0.5724,de,de2fr,3,de,1,3360
8,0.5564,de,de2fr,3,de,2,3360
8,0.5501,de,de2fr,3,de,3,3360
8,0.546,de,de2fr,3,de,4,3360
8,0.5396,de,de2fr,3,de,5,3360
8,0.4893,de,de2fr,3,de,6,3360
8,0.8001,de,de2fr,3,fr,1,3360
8,0.7901,de,de2fr,3,fr,2,3360
8,0.8047,de,de2fr,3,fr,4,3360
8,0.7688,de,de2fr,3,fr,5,3360
8,0.8087,de,de2fr,3,fr,6,3360
8,0.8335,de,de2fr,3,fr,7,3360
9,0.6718,de,de2fr,1,de,1,3360
9,0.6597,de,de2fr,1,de,2,3360
9,0.6164,de,de2fr,1,de,3,3360
9,0.6391,de,de2fr,1,de,4,3360
9,0.6397,de,de2fr,1,de,5,3360
9,0.6433,de,de2fr,1,de,6,3360
9,0.7759,de,de2fr,1,fr,1,3360
9,0.8458,de,de2fr,1,fr,2,3360
9,0.8054,de,de2fr,1,fr,4,3360
9,0.7332,de,de2fr,1,fr,5,3360
9,0.7879,de,de2fr,1,fr,6,3360
9,0.8362,de,de2fr,1,fr,7,3360
9,0.6507,de,de2fr,2,de,1,3360
9,0.6183,de,de2fr,2,de,2,3360
9,0.6061,de,de2fr,2,de,3,3360
9,0.6069,de,de2fr,2,de,4,3360
9,0.6174,de,de2fr,2,de,5,3360
9,0.5996,de,de2fr,2,de,6,3360
9,0.8073,de,de2fr,2,fr,1,3360
9,0.7962,de,de2fr,2,fr,2,3360
9,0.818,de,de2fr,2,fr,4,3360
9,0.7684,de,de2fr,2,fr,5,3360
9,0.8113,de,de2fr,2,fr,6,3360
9,0.8372,de,de2fr,2,fr,7,3360
9,0.6442,de,de2fr,3,de,1,3360
9,0.6276,de,de2fr,3,de,2,3360
9,0.6164,de,de2fr,3,de,3,3360
9,0.6151,de,de2fr,3,de,4,3360
9,0.6161,de,de2fr,3,de,5,3360
9,0.5935,de,de2fr,3,de,6,3360
9,0.8606,de,de2fr,3,fr,1,3360
9,0.7997,de,de2fr,3,fr,2,3360
9,0.8137,de,de2fr,3,fr,4,3360
9,0.8059,de,de2fr,3,fr,5,3360
9,0.8726,de,de2fr,3,fr,6,3360
9,0.8601,de,de2fr,3,fr,7,3360
10,0.5973,de,de2fr,1,de,1,3360
10,0.5546,de,de2fr,1,de,2,3360
10,0.6228,de,de2fr,1,de,3,3360
10,0.605,de,de2fr,1,de,4,3360
10,0.5673,de,de2fr,1,de,5,3360
10,0.5809,de,de2fr,1,de,6,3360
10,0.8382,de,de2fr,1,fr,1,3360
10,0.8285,de,de2fr,1,fr,2,3360
10,0.8091,de,de2fr,1,fr,4,3360
10,0.8191,de,de2fr,1,fr,5,3360
10,0.8333,de,de2fr,1,fr,6,3360
10,0.8518,de,de2fr,1,fr,7,3360
10,0.5595,de,de2fr,2,de,1,3360
10,0.499,de,de2fr,2,de,2,3360
10,0.5842,de,de2fr,2,de,3,3360
10,0.5683,de,de2fr,2,de,4,3360
10,0.5086,de,de2fr,2,de,5,3360
10,0.5125,de,de2fr,2,de,6,3360
10,0.8344,de,de2fr,2,fr,1,3360
10,0.8106,de,de2fr,2,fr,2,3360
10,0.8246,de,de2fr,2,fr,4,3360
10,0.7816,de,de2fr,2,fr,5,3360
10,0.826,de,de2fr,2,fr,6,3360
10,0.8297,de,de2fr,2,fr,7,3360
10,0.598,de,de2fr,3,de,1,3360
10,0.5407,de,de2fr,3,de,2,3360
10,0.622,de,de2fr,3,de,3,3360
10,0.61,de,de2fr,3,de,4,3360
10,0.5522,de,de2fr,3,de,5,3360
10,0.5558,de,de2fr,3,de,6,3360
10,0.8575,de,de2fr,3,fr,1,3360
10,0.8209,de,de2fr,3,fr,2,3360
10,0.8442,de,de2fr,3,fr,4,3360
10,0.8242,de,de2fr,3,fr,5,3360
10,0.8663,de,de2fr,3,fr,6,3360
10,0.8596,de,de2fr,3,fr,7,3360
11,0.515,de,de2fr,1,de,1,3360
11,0.5198,de,de2fr,1,de,2,3360
11,0.5381,de,de2fr,1,de,3,3360
11,0.532,de,de2fr,1,de,4,3360
11,0.4412,de,de2fr,1,de,5,3360
11,0.5711,de,de2fr,1,de,6,3360
11,0.808,de,de2fr,1,fr,1,3360
11,0.8147,de,de2fr,1,fr,2,3360
11,0.8044,de,de2fr,1,fr,4,3360
11,0.7996,de,de2fr,1,fr,5,3360
11,0.8256,de,de2fr,1,fr,6,3360
11,0.8285,de,de2fr,1,fr,7,3360
11,0.5042,de,de2fr,2,de,1,3360
11,0.5162,de,de2fr,2,de,2,3360
11,0.5367,de,de2fr,2,de,3,3360
11,0.5225,de,de2fr,2,de,4,3360
11,0.4272,de,de2fr,2,de,5,3360
11,0.5527,de,de2fr,2,de,6,3360
11,0.8476,de,de2fr,2,fr,1,3360
11,0.8376,de,de2fr,2,fr,2,3360
11,0.835,de,de2fr,2,fr,4,3360
11,0.8231,de,de2fr,2,fr,5,3360
11,0.8462,de,de2fr,2,fr,6,3360
11,0.8335,de,de2fr,2,fr,7,3360
11,0.5084,de,de2fr,3,de,1,3360
11,0.5402,de,de2fr,3,de,2,3360
11,0.5541,de,de2fr,3,de,3,3360
11,0.5351,de,de2fr,3,de,4,3360
11,0.4349,de,de2fr,3,de,5,3360
11,0.5721,de,de2fr,3,de,6,3360
11,0.8431,de,de2fr,3,fr,1,3360
11,0.8341,de,de2fr,3,fr,2,3360
11,0.8517,de,de2fr,3,fr,4,3360
11,0.8224,de,de2fr,3,fr,5,3360
11,0.8672,de,de2fr,3,fr,6,3360
11,0.8503,de,de2fr,3,fr,7,3360
12,0.5163,de,de2fr,1,de,1,3360
12,0.5044,de,de2fr,1,de,2,3360
12,0.5573,de,de2fr,1,de,3,3360
12,0.5499,de,de2fr,1,de,4,3360
12,0.4793,de,de2fr,1,de,5,3360
12,0.4892,de,de2fr,1,de,6,3360
12,0.835,de,de2fr,1,fr,1,3360
12,0.8294,de,de2fr,1,fr,2,3360
12,0.845,de,de2fr,1,fr,4,3360
12,0.8355,de,de2fr,1,fr,5,3360
12,0.8296,de,de2fr,1,fr,6,3360
12,0.843,de,de2fr,1,fr,7,3360
12,0.5335,de,de2fr,2,de,1,3360
12,0.5089,de,de2fr,2,de,2,3360
12,0.5595,de,de2fr,2,de,3,3360
12,0.5567,de,de2fr,2,de,4,3360
12,0.4802,de,de2fr,2,de,5,3360
12,0.5026,de,de2fr,2,de,6,3360
12,0.8536,de,de2fr,2,fr,1,3360
12,0.8455,de,de2fr,2,fr,2,3360
12,0.8419,de,de2fr,2,fr,4,3360
12,0.8326,de,de2fr,2,fr,5,3360
12,0.8317,de,de2fr,2,fr,6,3360
12,0.8425,de,de2fr,2,fr,7,3360
12,0.5648,de,de2fr,3,de,1,3360
12,0.5375,de,de2fr,3,de,2,3360
12,0.5823,de,de2fr,3,de,3,3360
12,0.5738,de,de2fr,3,de,4,3360
12,0.5191,de,de2fr,3,de,5,3360
12,0.5307,de,de2fr,3,de,6,3360
12,0.8537,de,de2fr,3,fr,1,3360
12,0.8413,de,de2fr,3,fr,2,3360
12,0.8612,de,de2fr,3,fr,4,3360
12,0.8509,de,de2fr,3,fr,5,3360
12,0.8473,de,de2fr,3,fr,6,3360
12,0.8608,de,de2fr,3,fr,7,3360
0,0.9799,de,de2fr,1,de,1,5040
0,0.9465,de,de2fr,1,de,2,5040
0,0.9742,de,de2fr,1,de,3,5040
0,0.9834,de,de2fr,1,de,4,5040
0,0.9773,de,de2fr,1,de,5,5040
0,0.9784,de,de2fr,1,de,6,5040
0,0.9792,de,de2fr,1,fr,1,5040
0,0.9636,de,de2fr,1,fr,2,5040
0,0.9852,de,de2fr,1,fr,4,5040
0,0.9735,de,de2fr,1,fr,5,5040
0,0.9727,de,de2fr,1,fr,6,5040
0,0.9768,de,de2fr,1,fr,7,5040
0,0.9799,de,de2fr,2,de,1,5040
0,0.9703,de,de2fr,2,de,2,5040
0,0.9706,de,de2fr,2,de,3,5040
0,0.9847,de,de2fr,2,de,4,5040
0,0.9804,de,de2fr,2,de,5,5040
0,0.9822,de,de2fr,2,de,6,5040
0,0.9856,de,de2fr,2,fr,1,5040
0,0.9812,de,de2fr,2,fr,2,5040
0,0.988,de,de2fr,2,fr,4,5040
0,0.988,de,de2fr,2,fr,5,5040
0,0.9821,de,de2fr,2,fr,6,5040
0,0.9867,de,de2fr,2,fr,7,5040
0,0.9732,de,de2fr,3,de,1,5040
0,0.9785,de,de2fr,3,de,2,5040
0,0.9698,de,de2fr,3,de,3,5040
0,0.9784,de,de2fr,3,de,4,5040
0,0.9729,de,de2fr,3,de,5,5040
0,0.9756,de,de2fr,3,de,6,5040
0,0.9851,de,de2fr,3,fr,1,5040
0,0.9823,de,de2fr,3,fr,2,5040
0,0.981,de,de2fr,3,fr,4,5040
0,0.9889,de,de2fr,3,fr,5,5040
0,0.9768,de,de2fr,3,fr,6,5040
0,0.987,de,de2fr,3,fr,7,5040
1,0.8693,de,de2fr,1,de,1,5040
1,0.846,de,de2fr,1,de,2,5040
1,0.8584,de,de2fr,1,de,3,5040
1,0.8257,de,de2fr,1,de,4,5040
1,0.7871,de,de2fr,1,de,5,5040
1,0.8206,de,de2fr,1,de,6,5040
1,0.9429,de,de2fr,1,fr,1,5040
1,0.9514,de,de2fr,1,fr,2,5040
1,0.9581,de,de2fr,1,fr,4,5040
1,0.9459,de,de2fr,1,fr,5,5040
1,0.9641,de,de2fr,1,fr,6,5040
1,0.9596,de,de2fr,1,fr,7,5040
1,0.8806,de,de2fr,2,de,1,5040
1,0.8527,de,de2fr,2,de,2,5040
1,0.8615,de,de2fr,2,de,3,5040
1,0.83,de,de2fr,2,de,4,5040
1,0.8057,de,de2fr,2,de,5,5040
1,0.8172,de,de2fr,2,de,6,5040
1,0.9424,de,de2fr,2,fr,1,5040
1,0.9412,de,de2fr,2,fr,2,5040
1,0.9493,de,de2fr,2,fr,4,5040
1,0.9349,de,de2fr,2,fr,5,5040
1,0.9503,de,de2fr,2,fr,6,5040
1,0.9561,de,de2fr,2,fr,7,5040
1,0.8741,de,de2fr,3,de,1,5040
1,0.8455,de,de2fr,3,de,2,5040
1,0.8529,de,de2fr,3,de,3,5040
1,0.8223,de,de2fr,3,de,4,5040
1,0.7892,de,de2fr,3,de,5,5040
1,0.8119,de,de2fr,3,de,6,5040
1,0.9493,de,de2fr,3,fr,1,5040
1,0.9465,de,de2fr,3,fr,2,5040
1,0.9602,de,de2fr,3,fr,4,5040
1,0.9442,de,de2fr,3,fr,5,5040
1,0.9595,de,de2fr,3,fr,6,5040
1,0.9633,de,de2fr,3,fr,7,5040
2,0.6642,de,de2fr,1,de,1,5040
2,0.7007,de,de2fr,1,de,2,5040
2,0.6838,de,de2fr,1,de,3,5040
2,0.7344,de,de2fr,1,de,4,5040
2,0.6706,de,de2fr,1,de,5,5040
2,0.7191,de,de2fr,1,de,6,5040
2,0.8925,de,de2fr,1,fr,1,5040
2,0.9117,de,de2fr,1,fr,2,5040
2,0.9054,de,de2fr,1,fr,4,5040
2,0.9134,de,de2fr,1,fr,5,5040
2,0.9183,de,de2fr,1,fr,6,5040
2,0.9237,de,de2fr,1,fr,7,5040
2,0.6726,de,de2fr,2,de,1,5040
2,0.702,de,de2fr,2,de,2,5040
2,0.6793,de,de2fr,2,de,3,5040
2,0.7216,de,de2fr,2,de,4,5040
2,0.6883,de,de2fr,2,de,5,5040
2,0.7094,de,de2fr,2,de,6,5040
2,0.8675,de,de2fr,2,fr,1,5040
2,0.8974,de,de2fr,2,fr,2,5040
2,0.8925,de,de2fr,2,fr,4,5040
2,0.8962,de,de2fr,2,fr,5,5040
2,0.905,de,de2fr,2,fr,6,5040
2,0.917,de,de2fr,2,fr,7,5040
2,0.6726,de,de2fr,3,de,1,5040
2,0.6955,de,de2fr,3,de,2,5040
2,0.6862,de,de2fr,3,de,3,5040
2,0.7427,de,de2fr,3,de,4,5040
2,0.6807,de,de2fr,3,de,5,5040
2,0.6988,de,de2fr,3,de,6,5040
2,0.8848,de,de2fr,3,fr,1,5040
2,0.8951,de,de2fr,3,fr,2,5040
2,0.9206,de,de2fr,3,fr,4,5040
2,0.8744,de,de2fr,3,fr,5,5040
2,0.9078,de,de2fr,3,fr,6,5040
2,0.9074,de,de2fr,3,fr,7,5040
3,0.5872,de,de2fr,1,de,1,5040
3,0.5867,de,de2fr,1,de,2,5040
3,0.6662,de,de2fr,1,de,3,5040
3,0.6273,de,de2fr,1,de,4,5040
3,0.5914,de,de2fr,1,de,5,5040
3,0.6648,de,de2fr,1,de,6,5040
3,0.8525,de,de2fr,1,fr,1,5040
3,0.8933,de,de2fr,1,fr,2,5040
3,0.8921,de,de2fr,1,fr,4,5040
3,0.8895,de,de2fr,1,fr,5,5040
3,0.8968,de,de2fr,1,fr,6,5040
3,0.9042,de,de2fr,1,fr,7,5040
3,0.6048,de,de2fr,2,de,1,5040
3,0.6181,de,de2fr,2,de,2,5040
3,0.6882,de,de2fr,2,de,3,5040
3,0.638,de,de2fr,2,de,4,5040
3,0.6042,de,de2fr,2,de,5,5040
3,0.6836,de,de2fr,2,de,6,5040
3,0.8237,de,de2fr,2,fr,1,5040
3,0.8684,de,de2fr,2,fr,2,5040
3,0.8845,de,de2fr,2,fr,4,5040
3,0.8718,de,de2fr,2,fr,5,5040
3,0.902,de,de2fr,2,fr,6,5040
3,0.9043,de,de2fr,2,fr,7,5040
3,0.6062,de,de2fr,3,de,1,5040
3,0.6137,de,de2fr,3,de,2,5040
3,0.6926,de,de2fr,3,de,3,5040
3,0.6573,de,de2fr,3,de,4,5040
3,0.6265,de,de2fr,3,de,5,5040
3,0.6925,de,de2fr,3,de,6,5040
3,0.8799,de,de2fr,3,fr,1,5040
3,0.8987,de,de2fr,3,fr,2,5040
3,0.9124,de,de2fr,3,fr,4,5040
3,0.8744,de,de2fr,3,fr,5,5040
3,0.9016,de,de2fr,3,fr,6,5040
3,0.906,de,de2fr,3,fr,7,5040
4,0.5918,de,de2fr,1,de,1,5040
4,0.5793,de,de2fr,1,de,2,5040
4,0.5796,de,de2fr,1,de,3,5040
4,0.631,de,de2fr,1,de,4,5040
4,0.5624,de,de2fr,1,de,5,5040
4,0.6465,de,de2fr,1,de,6,5040
4,0.827,de,de2fr,1,fr,1,5040
4,0.9075,de,de2fr,1,fr,2,5040
4,0.8704,de,de2fr,1,fr,4,5040
4,0.871,de,de2fr,1,fr,5,5040
4,0.8643,de,de2fr,1,fr,6,5040
4,0.8867,de,de2fr,1,fr,7,5040
4,0.6015,de,de2fr,2,de,1,5040
4,0.585,de,de2fr,2,de,2,5040
4,0.5823,de,de2fr,2,de,3,5040
4,0.6404,de,de2fr,2,de,4,5040
4,0.5807,de,de2fr,2,de,5,5040
4,0.6457,de,de2fr,2,de,6,5040
4,0.8191,de,de2fr,2,fr,1,5040
4,0.8547,de,de2fr,2,fr,2,5040
4,0.8793,de,de2fr,2,fr,4,5040
4,0.8635,de,de2fr,2,fr,5,5040
4,0.8621,de,de2fr,2,fr,6,5040
4,0.8851,de,de2fr,2,fr,7,5040
4,0.5878,de,de2fr,3,de,1,5040
4,0.6003,de,de2fr,3,de,2,5040
4,0.5861,de,de2fr,3,de,3,5040
4,0.6445,de,de2fr,3,de,4,5040
4,0.5765,de,de2fr,3,de,5,5040
4,0.6504,de,de2fr,3,de,6,5040
4,0.8435,de,de2fr,3,fr,1,5040
4,0.8741,de,de2fr,3,fr,2,5040
4,0.8876,de,de2fr,3,fr,4,5040
4,0.8676,de,de2fr,3,fr,5,5040
4,0.8731,de,de2fr,3,fr,6,5040
4,0.8853,de,de2fr,3,fr,7,5040
5,0.5552,de,de2fr,1,de,1,5040
5,0.5179,de,de2fr,1,de,2,5040
5,0.5851,de,de2fr,1,de,3,5040
5,0.6136,de,de2fr,1,de,4,5040
5,0.5505,de,de2fr,1,de,5,5040
5,0.5662,de,de2fr,1,de,6,5040
5,0.7655,de,de2fr,1,fr,1,5040
5,0.8334,de,de2fr,1,fr,2,5040
5,0.8518,de,de2fr,1,fr,4,5040
5,0.7847,de,de2fr,1,fr,5,5040
5,0.8077,de,de2fr,1,fr,6,5040
5,0.8418,de,de2fr,1,fr,7,5040
5,0.5474,de,de2fr,2,de,1,5040
5,0.5208,de,de2fr,2,de,2,5040
5,0.5893,de,de2fr,2,de,3,5040
5,0.6144,de,de2fr,2,de,4,5040
5,0.5418,de,de2fr,2,de,5,5040
5,0.5708,de,de2fr,2,de,6,5040
5,0.7839,de,de2fr,2,fr,1,5040
5,0.8344,de,de2fr,2,fr,2,5040
5,0.8634,de,de2fr,2,fr,4,5040
5,0.7872,de,de2fr,2,fr,5,5040
5,0.8303,de,de2fr,2,fr,6,5040
5,0.8409,de,de2fr,2,fr,7,5040
5,0.5584,de,de2fr,3,de,1,5040
5,0.5453,de,de2fr,3,de,2,5040
5,0.6038,de,de2fr,3,de,3,5040
5,0.6314,de,de2fr,3,de,4,5040
5,0.5675,de,de2fr,3,de,5,5040
5,0.5916,de,de2fr,3,de,6,5040
5,0.7895,de,de2fr,3,fr,1,5040
5,0.8441,de,de2fr,3,fr,2,5040
5,0.8742,de,de2fr,3,fr,4,5040
5,0.8062,de,de2fr,3,fr,5,5040
5,0.8467,de,de2fr,3,fr,6,5040
5,0.8531,de,de2fr,3,fr,7,5040
6,0.5043,de,de2fr,1,de,1,5040
6,0.4624,de,de2fr,1,de,2,5040
6,0.526,de,de2fr,1,de,3,5040
6,0.6006,de,de2fr,1,de,4,5040
6,0.5331,de,de2fr,1,de,5,5040
6,0.4841,de,de2fr,1,de,6,5040
6,0.6991,de,de2fr,1,fr,1,5040
6,0.8007,de,de2fr,1,fr,2,5040
6,0.8068,de,de2fr,1,fr,4,5040
6,0.752,de,de2fr,1,fr,5,5040
6,0.7578,de,de2fr,1,fr,6,5040
6,0.8215,de,de2fr,1,fr,7,5040
6,0.4511,de,de2fr,2,de,1,5040
6,0.4156,de,de2fr,2,de,2,5040
6,0.481,de,de2fr,2,de,3,5040
6,0.5473,de,de2fr,2,de,4,5040
6,0.4884,de,de2fr,2,de,5,5040
6,0.4441,de,de2fr,2,de,6,5040
6,0.6977,de,de2fr,2,fr,1,5040
6,0.7881,de,de2fr,2,fr,2,5040
6,0.7996,de,de2fr,2,fr,4,5040
6,0.6995,de,de2fr,2,fr,5,5040
6,0.756,de,de2fr,2,fr,6,5040
6,0.7804,de,de2fr,2,fr,7,5040
6,0.4285,de,de2fr,3,de,1,5040
6,0.4308,de,de2fr,3,de,2,5040
6,0.4705,de,de2fr,3,de,3,5040
6,0.5545,de,de2fr,3,de,4,5040
6,0.5024,de,de2fr,3,de,5,5040
6,0.4429,de,de2fr,3,de,6,5040
6,0.7184,de,de2fr,3,fr,1,5040
6,0.7312,de,de2fr,3,fr,2,5040
6,0.8062,de,de2fr,3,fr,4,5040
6,0.651,de,de2fr,3,fr,5,5040
6,0.7338,de,de2fr,3,fr,6,5040
6,0.7535,de,de2fr,3,fr,7,5040
7,0.5735,de,de2fr,1,de,1,5040
7,0.5521,de,de2fr,1,de,2,5040
7,0.5917,de,de2fr,1,de,3,5040
7,0.6401,de,de2fr,1,de,4,5040
7,0.6183,de,de2fr,1,de,5,5040
7,0.5374,de,de2fr,1,de,6,5040
7,0.6843,de,de2fr,1,fr,1,5040
7,0.8053,de,de2fr,1,fr,2,5040
7,0.774,de,de2fr,1,fr,4,5040
7,0.7761,de,de2fr,1,fr,5,5040
7,0.7553,de,de2fr,1,fr,6,5040
7,0.8032,de,de2fr,1,fr,7,5040
7,0.5122,de,de2fr,2,de,1,5040
7,0.4895,de,de2fr,2,de,2,5040
7,0.5375,de,de2fr,2,de,3,5040
7,0.6053,de,de2fr,2,de,4,5040
7,0.5619,de,de2fr,2,de,5,5040
7,0.4673,de,de2fr,2,de,6,5040
7,0.7132,de,de2fr,2,fr,1,5040
7,0.8294,de,de2fr,2,fr,2,5040
7,0.8191,de,de2fr,2,fr,4,5040
7,0.7599,de,de2fr,2,fr,5,5040
7,0.7745,de,de2fr,2,fr,6,5040
7,0.8291,de,de2fr,2,fr,7,5040
7,0.5335,de,de2fr,3,de,1,5040
7,0.5557,de,de2fr,3,de,2,5040
7,0.575,de,de2fr,3,de,3,5040
7,0.6366,de,de2fr,3,de,4,5040
7,0.6029,de,de2fr,3,de,5,5040
7,0.5044,de,de2fr,3,de,6,5040
7,0.7269,de,de2fr,3,fr,1,5040
7,0.8071,de,de2fr,3,fr,2,5040
7,0.8085,de,de2fr,3,fr,4,5040
7,0.7581,de,de2fr,3,fr,5,5040
7,0.7484,de,de2fr,3,fr,6,5040
7,0.7945,de,de2fr,3,fr,7,5040
8,0.6516,de,de2fr,1,de,1,5040
8,0.6513,de,de2fr,1,de,2,5040
8,0.6458,de,de2fr,1,de,3,5040
8,0.6265,de,de2fr,1,de,4,5040
8,0.6088,de,de2fr,1,de,5,5040
8,0.5919,de,de2fr,1,de,6,5040
8,0.8012,de,de2fr,1,fr,1,5040
8,0.8499,de,de2fr,1,fr,2,5040
8,0.8334,de,de2fr,1,fr,4,5040
8,0.7591,de,de2fr,1,fr,5,5040
8,0.8001,de,de2fr,1,fr,6,5040
8,0.8538,de,de2fr,1,fr,7,5040
8,0.6592,de,de2fr,2,de,1,5040
8,0.6115,de,de2fr,2,de,2,5040
8,0.6141,de,de2fr,2,de,3,5040
8,0.6037,de,de2fr,2,de,4,5040
8,0.5926,de,de2fr,2,de,5,5040
8,0.5997,de,de2fr,2,de,6,5040
8,0.7925,de,de2fr,2,fr,1,5040
8,0.8378,de,de2fr,2,fr,2,5040
8,0.848,de,de2fr,2,fr,4,5040
8,0.7545,de,de2fr,2,fr,5,5040
8,0.7846,de,de2fr,2,fr,6,5040
8,0.8324,de,de2fr,2,fr,7,5040
8,0.6616,de,de2fr,3,de,1,5040
8,0.6495,de,de2fr,3,de,2,5040
8,0.6292,de,de2fr,3,de,3,5040
8,0.6158,de,de2fr,3,de,4,5040
8,0.6132,de,de2fr,3,de,5,5040
8,0.6,de,de2fr,3,de,6,5040
8,0.7871,de,de2fr,3,fr,1,5040
8,0.8304,de,de2fr,3,fr,2,5040
8,0.8327,de,de2fr,3,fr,4,5040
8,0.746,de,de2fr,3,fr,5,5040
8,0.7984,de,de2fr,3,fr,6,5040
8,0.8252,de,de2fr,3,fr,7,5040
9,0.6507,de,de2fr,1,de,1,5040
9,0.6407,de,de2fr,1,de,2,5040
9,0.6098,de,de2fr,1,de,3,5040
9,0.6156,de,de2fr,1,de,4,5040
9,0.6204,de,de2fr,1,de,5,5040
9,0.599,de,de2fr,1,de,6,5040
9,0.8084,de,de2fr,1,fr,1,5040
9,0.841,de,de2fr,1,fr,2,5040
9,0.8271,de,de2fr,1,fr,4,5040
9,0.7578,de,de2fr,1,fr,5,5040
9,0.8217,de,de2fr,1,fr,6,5040
9,0.8521,de,de2fr,1,fr,7,5040
9,0.6659,de,de2fr,2,de,1,5040
9,0.6376,de,de2fr,2,de,2,5040
9,0.6215,de,de2fr,2,de,3,5040
9,0.6197,de,de2fr,2,de,4,5040
9,0.6261,de,de2fr,2,de,5,5040
9,0.6499,de,de2fr,2,de,6,5040
9,0.8258,de,de2fr,2,fr,1,5040
9,0.7991,de,de2fr,2,fr,2,5040
9,0.8302,de,de2fr,2,fr,4,5040
9,0.761,de,de2fr,2,fr,5,5040
9,0.8211,de,de2fr,2,fr,6,5040
9,0.8483,de,de2fr,2,fr,7,5040
9,0.6479,de,de2fr,3,de,1,5040
9,0.6317,de,de2fr,3,de,2,5040
9,0.6204,de,de2fr,3,de,3,5040
9,0.6172,de,de2fr,3,de,4,5040
9,0.6333,de,de2fr,3,de,5,5040
9,0.6297,de,de2fr,3,de,6,5040
9,0.8031,de,de2fr,3,fr,1,5040
9,0.7844,de,de2fr,3,fr,2,5040
9,0.8188,de,de2fr,3,fr,4,5040
9,0.7627,de,de2fr,3,fr,5,5040
9,0.8127,de,de2fr,3,fr,6,5040
9,0.8435,de,de2fr,3,fr,7,5040
10,0.58,de,de2fr,1,de,1,5040
10,0.5255,de,de2fr,1,de,2,5040
10,0.6088,de,de2fr,1,de,3,5040
10,0.5948,de,de2fr,1,de,4,5040
10,0.543,de,de2fr,1,de,5,5040
10,0.5433,de,de2fr,1,de,6,5040
10,0.8362,de,de2fr,1,fr,1,5040
10,0.8238,de,de2fr,1,fr,2,5040
10,0.8311,de,de2fr,1,fr,4,5040
10,0.8018,de,de2fr,1,fr,5,5040
10,0.8346,de,de2fr,1,fr,6,5040
10,0.8582,de,de2fr,1,fr,7,5040
10,0.5663,de,de2fr,2,de,1,5040
10,0.5134,de,de2fr,2,de,2,5040
10,0.5898,de,de2fr,2,de,3,5040
10,0.5803,de,de2fr,2,de,4,5040
10,0.5197,de,de2fr,2,de,5,5040
10,0.5388,de,de2fr,2,de,6,5040
10,0.8457,de,de2fr,2,fr,1,5040
10,0.8222,de,de2fr,2,fr,2,5040
10,0.845,de,de2fr,2,fr,4,5040
10,0.8018,de,de2fr,2,fr,5,5040
10,0.8455,de,de2fr,2,fr,6,5040
10,0.8436,de,de2fr,2,fr,7,5040
10,0.5757,de,de2fr,3,de,1,5040
10,0.5262,de,de2fr,3,de,2,5040
10,0.6034,de,de2fr,3,de,3,5040
10,0.5794,de,de2fr,3,de,4,5040
10,0.5383,de,de2fr,3,de,5,5040
10,0.548,de,de2fr,3,de,6,5040
10,0.8386,de,de2fr,3,fr,1,5040
10,0.8065,de,de2fr,3,fr,2,5040
10,0.8207,de,de2fr,3,fr,4,5040
10,0.8022,de,de2fr,3,fr,5,5040
10,0.834,de,de2fr,3,fr,6,5040
10,0.8413,de,de2fr,3,fr,7,5040
11,0.516,de,de2fr,1,de,1,5040
11,0.5301,de,de2fr,1,de,2,5040
11,0.5487,de,de2fr,1,de,3,5040
11,0.5353,de,de2fr,1,de,4,5040
11,0.4435,de,de2fr,1,de,5,5040
11,0.5679,de,de2fr,1,de,6,5040
11,0.8291,de,de2fr,1,fr,1,5040
11,0.8344,de,de2fr,1,fr,2,5040
11,0.8389,de,de2fr,1,fr,4,5040
11,0.8189,de,de2fr,1,fr,5,5040
11,0.8524,de,de2fr,1,fr,6,5040
11,0.8524,de,de2fr,1,fr,7,5040
11,0.51,de,de2fr,2,de,1,5040
11,0.5241,de,de2fr,2,de,2,5040
11,0.5447,de,de2fr,2,de,3,5040
11,0.5311,de,de2fr,2,de,4,5040
11,0.4316,de,de2fr,2,de,5,5040
11,0.5618,de,de2fr,2,de,6,5040
11,0.8584,de,de2fr,2,fr,1,5040
11,0.8443,de,de2fr,2,fr,2,5040
11,0.8501,de,de2fr,2,fr,4,5040
11,0.8328,de,de2fr,2,fr,5,5040
11,0.8643,de,de2fr,2,fr,6,5040
11,0.8552,de,de2fr,2,fr,7,5040
11,0.515,de,de2fr,3,de,1,5040
11,0.5219,de,de2fr,3,de,2,5040
11,0.5428,de,de2fr,3,de,3,5040
11,0.5328,de,de2fr,3,de,4,5040
11,0.4326,de,de2fr,3,de,5,5040
11,0.57,de,de2fr,3,de,6,5040
11,0.8431,de,de2fr,3,fr,1,5040
11,0.8322,de,de2fr,3,fr,2,5040
11,0.8348,de,de2fr,3,fr,4,5040
11,0.8247,de,de2fr,3,fr,5,5040
11,0.8472,de,de2fr,3,fr,6,5040
11,0.8521,de,de2fr,3,fr,7,5040
12,0.5361,de,de2fr,1,de,1,5040
12,0.5216,de,de2fr,1,de,2,5040
12,0.5798,de,de2fr,1,de,3,5040
12,0.5664,de,de2fr,1,de,4,5040
12,0.495,de,de2fr,1,de,5,5040
12,0.5037,de,de2fr,1,de,6,5040
12,0.8276,de,de2fr,1,fr,1,5040
12,0.8094,de,de2fr,1,fr,2,5040
12,0.8328,de,de2fr,1,fr,4,5040
12,0.819,de,de2fr,1,fr,5,5040
12,0.8131,de,de2fr,1,fr,6,5040
12,0.8193,de,de2fr,1,fr,7,5040
12,0.5366,de,de2fr,2,de,1,5040
12,0.516,de,de2fr,2,de,2,5040
12,0.568,de,de2fr,2,de,3,5040
12,0.5627,de,de2fr,2,de,4,5040
12,0.4986,de,de2fr,2,de,5,5040
12,0.5014,de,de2fr,2,de,6,5040
12,0.8573,de,de2fr,2,fr,1,5040
12,0.8377,de,de2fr,2,fr,2,5040
12,0.8667,de,de2fr,2,fr,4,5040
12,0.8524,de,de2fr,2,fr,5,5040
12,0.8394,de,de2fr,2,fr,6,5040
12,0.8577,de,de2fr,2,fr,7,5040
12,0.5478,de,de2fr,3,de,1,5040
12,0.5198,de,de2fr,3,de,2,5040
12,0.5796,de,de2fr,3,de,3,5040
12,0.5668,de,de2fr,3,de,4,5040
12,0.5003,de,de2fr,3,de,5,5040
12,0.5095,de,de2fr,3,de,6,5040
12,0.859,de,de2fr,3,fr,1,5040
12,0.8403,de,de2fr,3,fr,2,5040
12,0.8472,de,de2fr,3,fr,4,5040
12,0.845,de,de2fr,3,fr,5,5040
12,0.8255,de,de2fr,3,fr,6,5040
12,0.8503,de,de2fr,3,fr,7,5040
0,0.9812,de,de2fr,1,de,1,6720
0,0.9725,de,de2fr,1,de,2,6720
0,0.9812,de,de2fr,1,de,3,6720
0,0.9789,de,de2fr,1,de,4,6720
0,0.9839,de,de2fr,1,de,5,6720
0,0.9824,de,de2fr,1,de,6,6720
0,0.9865,de,de2fr,1,fr,1,6720
0,0.9739,de,de2fr,1,fr,2,6720
0,0.9765,de,de2fr,1,fr,4,6720
0,0.9864,de,de2fr,1,fr,5,6720
0,0.9833,de,de2fr,1,fr,6,6720
0,0.9836,de,de2fr,1,fr,7,6720
0,0.9685,de,de2fr,2,de,1,6720
0,0.9807,de,de2fr,2,de,2,6720
0,0.9714,de,de2fr,2,de,3,6720
0,0.9713,de,de2fr,2,de,4,6720
0,0.963,de,de2fr,2,de,5,6720
0,0.9674,de,de2fr,2,de,6,6720
0,0.9856,de,de2fr,2,fr,1,6720
0,0.9784,de,de2fr,2,fr,2,6720
0,0.9729,de,de2fr,2,fr,4,6720
0,0.9828,de,de2fr,2,fr,5,6720
0,0.9646,de,de2fr,2,fr,6,6720
0,0.9866,de,de2fr,2,fr,7,6720
0,0.9827,de,de2fr,3,de,1,6720
0,0.9503,de,de2fr,3,de,2,6720
0,0.9672,de,de2fr,3,de,3,6720
0,0.9821,de,de2fr,3,de,4,6720
0,0.9854,de,de2fr,3,de,5,6720
0,0.9882,de,de2fr,3,de,6,6720
0,0.9777,de,de2fr,3,fr,1,6720
0,0.9687,de,de2fr,3,fr,2,6720
0,0.9852,de,de2fr,3,fr,4,6720
0,0.9767,de,de2fr,3,fr,5,6720
0,0.9815,de,de2fr,3,fr,6,6720
0,0.9802,de,de2fr,3,fr,7,6720
1,0.8822,de,de2fr,1,de,1,6720
1,0.852,de,de2fr,1,de,2,6720
1,0.8649,de,de2fr,1,de,3,6720
1,0.8302,de,de2fr,1,de,4,6720
1,0.7919,de,de2fr,1,de,5,6720
1,0.8176,de,de2fr,1,de,6,6720
1,0.9464,de,de2fr,1,fr,1,6720
1,0.9591,de,de2fr,1,fr,2,6720
1,0.9587,de,de2fr,1,fr,4,6720
1,0.9341,de,de2fr,1,fr,5,6720
1,0.9615,de,de2fr,1,fr,6,6720
1,0.955,de,de2fr,1,fr,7,6720
1,0.8668,de,de2fr,2,de,1,6720
1,0.8473,de,de2fr,2,de,2,6720
1,0.8514,de,de2fr,2,de,3,6720
1,0.8162,de,de2fr,2,de,4,6720
1,0.7958,de,de2fr,2,de,5,6720
1,0.8045,de,de2fr,2,de,6,6720
1,0.9315,de,de2fr,2,fr,1,6720
1,0.9365,de,de2fr,2,fr,2,6720
1,0.9423,de,de2fr,2,fr,4,6720
1,0.9425,de,de2fr,2,fr,5,6720
1,0.9422,de,de2fr,2,fr,6,6720
1,0.9525,de,de2fr,2,fr,7,6720
1,0.874,de,de2fr,3,de,1,6720
1,0.8459,de,de2fr,3,de,2,6720
1,0.8546,de,de2fr,3,de,3,6720
1,0.8179,de,de2fr,3,de,4,6720
1,0.7894,de,de2fr,3,de,5,6720
1,0.8201,de,de2fr,3,de,6,6720
1,0.9448,de,de2fr,3,fr,1,6720
1,0.9523,de,de2fr,3,fr,2,6720
1,0.9587,de,de2fr,3,fr,4,6720
1,0.9352,de,de2fr,3,fr,5,6720
1,0.9624,de,de2fr,3,fr,6,6720
1,0.9553,de,de2fr,3,fr,7,6720
2,0.6487,de,de2fr,1,de,1,6720
2,0.6748,de,de2fr,1,de,2,6720
2,0.676,de,de2fr,1,de,3,6720
2,0.7228,de,de2fr,1,de,4,6720
2,0.6612,de,de2fr,1,de,5,6720
2,0.682,de,de2fr,1,de,6,6720
2,0.9124,de,de2fr,1,fr,1,6720
2,0.9123,de,de2fr,1,fr,2,6720
2,0.9219,de,de2fr,1,fr,4,6720
2,0.8996,de,de2fr,1,fr,5,6720
2,0.9303,de,de2fr,1,fr,6,6720
2,0.923,de,de2fr,1,fr,7,6720
2,0.6742,de,de2fr,2,de,1,6720
2,0.6981,de,de2fr,2,de,2,6720
2,0.6948,de,de2fr,2,de,3,6720
2,0.7451,de,de2fr,2,de,4,6720
2,0.6946,de,de2fr,2,de,5,6720
2,0.7197,de,de2fr,2,de,6,6720
2,0.8843,de,de2fr,2,fr,1,6720
2,0.8994,de,de2fr,2,fr,2,6720
2,0.9009,de,de2fr,2,fr,4,6720
2,0.9147,de,de2fr,2,fr,5,6720
2,0.9038,de,de2fr,2,fr,6,6720
2,0.9181,de,de2fr,2,fr,7,6720
2,0.6773,de,de2fr,3,de,1,6720
2,0.7048,de,de2fr,3,de,2,6720
2,0.6961,de,de2fr,3,de,3,6720
2,0.7553,de,de2fr,3,de,4,6720
2,0.6898,de,de2fr,3,de,5,6720
2,0.7242,de,de2fr,3,de,6,6720
2,0.9032,de,de2fr,3,fr,1,6720
2,0.9205,de,de2fr,3,fr,2,6720
2,0.9261,de,de2fr,3,fr,4,6720
2,0.9096,de,de2fr,3,fr,5,6720
2,0.9281,de,de2fr,3,fr,6,6720
2,0.9311,de,de2fr,3,fr,7,6720
3,0.5946,de,de2fr,1,de,1,6720
3,0.5975,de,de2fr,1,de,2,6720
3,0.7123,de,de2fr,1,de,3,6720
3,0.6423,de,de2fr,1,de,4,6720
3,0.6046,de,de2fr,1,de,5,6720
3,0.6826,de,de2fr,1,de,6,6720
3,0.8747,de,de2fr,1,fr,1,6720
3,0.8993,de,de2fr,1,fr,2,6720
3,0.9116,de,de2fr,1,fr,4,6720
3,0.8696,de,de2fr,1,fr,5,6720
3,0.9116,de,de2fr,1,fr,6,6720
3,0.9106,de,de2fr,1,fr,7,6720
3,0.579,de,de2fr,2,de,1,6720
3,0.5859,de,de2fr,2,de,2,6720
3,0.6625,de,de2fr,2,de,3,6720
3,0.6254,de,de2fr,2,de,4,6720
3,0.5842,de,de2fr,2,de,5,6720
3,0.6504,de,de2fr,2,de,6,6720
3,0.8408,de,de2fr,2,fr,1,6720
3,0.8828,de,de2fr,2,fr,2,6720
3,0.8837,de,de2fr,2,fr,4,6720
3,0.8834,de,de2fr,2,fr,5,6720
3,0.8912,de,de2fr,2,fr,6,6720
3,0.9022,de,de2fr,2,fr,7,6720
3,0.5963,de,de2fr,3,de,1,6720
3,0.594,de,de2fr,3,de,2,6720
3,0.6814,de,de2fr,3,de,3,6720
3,0.6407,de,de2fr,3,de,4,6720
3,0.5983,de,de2fr,3,de,5,6720
3,0.6815,de,de2fr,3,de,6,6720
3,0.8677,de,de2fr,3,fr,1,6720
3,0.9002,de,de2fr,3,fr,2,6720
3,0.9064,de,de2fr,3,fr,4,6720
3,0.8886,de,de2fr,3,fr,5,6720
3,0.9086,de,de2fr,3,fr,6,6720
3,0.9147,de,de2fr,3,fr,7,6720
4,0.5806,de,de2fr,1,de,1,6720
4,0.5673,de,de2fr,1,de,2,6720
4,0.5697,de,de2fr,1,de,3,6720
4,0.6176,de,de2fr,1,de,4,6720
4,0.5687,de,de2fr,1,de,5,6720
4,0.6365,de,de2fr,1,de,6,6720
4,0.8676,de,de2fr,1,fr,1,6720
4,0.8493,de,de2fr,1,fr,2,6720
4,0.8974,de,de2fr,1,fr,4,6720
4,0.8556,de,de2fr,1,fr,5,6720
4,0.8759,de,de2fr,1,fr,6,6720
4,0.866,de,de2fr,1,fr,7,6720
4,0.5681,de,de2fr,2,de,1,6720
4,0.5606,de,de2fr,2,de,2,6720
4,0.5567,de,de2fr,2,de,3,6720
4,0.6157,de,de2fr,2,de,4,6720
4,0.5506,de,de2fr,2,de,5,6720
4,0.6164,de,de2fr,2,de,6,6720
4,0.8346,de,de2fr,2,fr,1,6720
4,0.885,de,de2fr,2,fr,2,6720
4,0.8851,de,de2fr,2,fr,4,6720
4,0.8788,de,de2fr,2,fr,5,6720
4,0.8728,de,de2fr,2,fr,6,6720
4,0.8905,de,de2fr,2,fr,7,6720
4,0.5769,de,de2fr,3,de,1,6720
4,0.5615,de,de2fr,3,de,2,6720
4,0.5524,de,de2fr,3,de,3,6720
4,0.6131,de,de2fr,3,de,4,6720
4,0.5659,de,de2fr,3,de,5,6720
4,0.6354,de,de2fr,3,de,6,6720
4,0.8612,de,de2fr,3,fr,1,6720
4,0.8412,de,de2fr,3,fr,2,6720
4,0.8719,de,de2fr,3,fr,4,6720
4,0.8538,de,de2fr,3,fr,5,6720
4,0.8647,de,de2fr,3,fr,6,6720
4,0.8629,de,de2fr,3,fr,7,6720
5,0.6032,de,de2fr,1,de,1,6720
5,0.5488,de,de2fr,1,de,2,6720
5,0.6431,de,de2fr,1,de,3,6720
5,0.6501,de,de2fr,1,de,4,6720
5,0.572,de,de2fr,1,de,5,6720
5,0.623,de,de2fr,1,de,6,6720
5,0.7796,de,de2fr,1,fr,1,6720
5,0.8616,de,de2fr,1,fr,2,6720
5,0.8628,de,de2fr,1,fr,4,6720
5,0.8285,de,de2fr,1,fr,5,6720
5,0.8601,de,de2fr,1,fr,6,6720
5,0.8848,de,de2fr,1,fr,7,6720
5,0.5209,de,de2fr,2,de,1,6720
5,0.4887,de,de2fr,2,de,2,6720
5,0.562,de,de2fr,2,de,3,6720
5,0.5773,de,de2fr,2,de,4,6720
5,0.507,de,de2fr,2,de,5,6720
5,0.5412,de,de2fr,2,de,6,6720
5,0.7562,de,de2fr,2,fr,1,6720
5,0.8194,de,de2fr,2,fr,2,6720
5,0.8468,de,de2fr,2,fr,4,6720
5,0.7916,de,de2fr,2,fr,5,6720
5,0.8125,de,de2fr,2,fr,6,6720
5,0.8416,de,de2fr,2,fr,7,6720
5,0.5161,de,de2fr,3,de,1,6720
5,0.5048,de,de2fr,3,de,2,6720
5,0.5555,de,de2fr,3,de,3,6720
5,0.5988,de,de2fr,3,de,4,6720
5,0.537,de,de2fr,3,de,5,6720
5,0.5639,de,de2fr,3,de,6,6720
5,0.8241,de,de2fr,3,fr,1,6720
5,0.8188,de,de2fr,3,fr,2,6720
5,0.8361,de,de2fr,3,fr,4,6720
5,0.7853,de,de2fr,3,fr,5,6720
5,0.8039,de,de2fr,3,fr,6,6720
5,0.7926,de,de2fr,3,fr,7,6720
6,0.627,de,de2fr,1,de,1,6720
6,0.558,de,de2fr,1,de,2,6720
6,0.6266,de,de2fr,1,de,3,6720
6,0.6813,de,de2fr,1,de,4,6720
6,0.6146,de,de2fr,1,de,5,6720
6,0.5998,de,de2fr,1,de,6,6720
6,0.6898,de,de2fr,1,fr,1,6720
6,0.8203,de,de2fr,1,fr,2,6720
6,0.73,de,de2fr,1,fr,4,6720
6,0.8058,de,de2fr,1,fr,5,6720
6,0.739,de,de2fr,1,fr,6,6720
6,0.8299,de,de2fr,1,fr,7,6720
6,0.4406,de,de2fr,2,de,1,6720
6,0.3641,de,de2fr,2,de,2,6720
6,0.4518,de,de2fr,2,de,3,6720
6,0.507,de,de2fr,2,de,4,6720
6,0.4306,de,de2fr,2,de,5,6720
6,0.4012,de,de2fr,2,de,6,6720
6,0.6575,de,de2fr,2,fr,1,6720
6,0.7051,de,de2fr,2,fr,2,6720
6,0.727,de,de2fr,2,fr,4,6720
6,0.685,de,de2fr,2,fr,5,6720
6,0.7326,de,de2fr,2,fr,6,6720
6,0.7576,de,de2fr,2,fr,7,6720
6,0.408,de,de2fr,3,de,1,6720
6,0.4025,de,de2fr,3,de,2,6720
6,0.4635,de,de2fr,3,de,3,6720
6,0.5287,de,de2fr,3,de,4,6720
6,0.4777,de,de2fr,3,de,5,6720
6,0.42,de,de2fr,3,de,6,6720
6,0.7107,de,de2fr,3,fr,1,6720
6,0.7524,de,de2fr,3,fr,2,6720
6,0.7981,de,de2fr,3,fr,4,6720
6,0.6758,de,de2fr,3,fr,5,6720
6,0.7149,de,de2fr,3,fr,6,6720
6,0.7376,de,de2fr,3,fr,7,6720
7,0.5467,de,de2fr,1,de,1,6720
7,0.5452,de,de2fr,1,de,2,6720
7,0.5845,de,de2fr,1,de,3,6720
7,0.6407,de,de2fr,1,de,4,6720
7,0.6033,de,de2fr,1,de,5,6720
7,0.533,de,de2fr,1,de,6,6720
7,0.7491,de,de2fr,1,fr,1,6720
7,0.8128,de,de2fr,1,fr,2,6720
7,0.7729,de,de2fr,1,fr,4,6720
7,0.7808,de,de2fr,1,fr,5,6720
7,0.7746,de,de2fr,1,fr,6,6720
7,0.8115,de,de2fr,1,fr,7,6720
7,0.4738,de,de2fr,2,de,1,6720
7,0.44,de,de2fr,2,de,2,6720
7,0.4764,de,de2fr,2,de,3,6720
7,0.5693,de,de2fr,2,de,4,6720
7,0.5179,de,de2fr,2,de,5,6720
7,0.4252,de,de2fr,2,de,6,6720
7,0.689,de,de2fr,2,fr,1,6720
7,0.7707,de,de2fr,2,fr,2,6720
7,0.7993,de,de2fr,2,fr,4,6720
7,0.7383,de,de2fr,2,fr,5,6720
7,0.7408,de,de2fr,2,fr,6,6720
7,0.7742,de,de2fr,2,fr,7,6720
7,0.478,de,de2fr,3,de,1,6720
7,0.4718,de,de2fr,3,de,2,6720
7,0.5173,de,de2fr,3,de,3,6720
7,0.5856,de,de2fr,3,de,4,6720
7,0.5451,de,de2fr,3,de,5,6720
7,0.4517,de,de2fr,3,de,6,6720
7,0.7203,de,de2fr,3,fr,1,6720
7,0.8021,de,de2fr,3,fr,2,6720
7,0.8042,de,de2fr,3,fr,4,6720
7,0.7702,de,de2fr,3,fr,5,6720
7,0.7506,de,de2fr,3,fr,6,6720
7,0.7868,de,de2fr,3,fr,7,6720
8,0.5994,de,de2fr,1,de,1,6720
8,0.6003,de,de2fr,1,de,2,6720
8,0.603,de,de2fr,1,de,3,6720
8,0.5808,de,de2fr,1,de,4,6720
8,0.5643,de,de2fr,1,de,5,6720
8,0.539,de,de2fr,1,de,6,6720
8,0.8148,de,de2fr,1,fr,1,6720
8,0.801,de,de2fr,1,fr,2,6720
8,0.7801,de,de2fr,1,fr,4,6720
8,0.7862,de,de2fr,1,fr,5,6720
8,0.7941,de,de2fr,1,fr,6,6720
8,0.8296,de,de2fr,1,fr,7,6720
8,0.5967,de,de2fr,2,de,1,6720
8,0.58,de,de2fr,2,de,2,6720
8,0.5586,de,de2fr,2,de,3,6720
8,0.5615,de,de2fr,2,de,4,6720
8,0.5532,de,de2fr,2,de,5,6720
8,0.5433,de,de2fr,2,de,6,6720
8,0.7836,de,de2fr,2,fr,1,6720
8,0.8195,de,de2fr,2,fr,2,6720
8,0.8284,de,de2fr,2,fr,4,6720
8,0.7725,de,de2fr,2,fr,5,6720
8,0.793,de,de2fr,2,fr,6,6720
8,0.8195,de,de2fr,2,fr,7,6720
8,0.6323,de,de2fr,3,de,1,6720
8,0.61,de,de2fr,3,de,2,6720
8,0.6033,de,de2fr,3,de,3,6720
8,0.5867,de,de2fr,3,de,4,6720
8,0.5791,de,de2fr,3,de,5,6720
8,0.597,de,de2fr,3,de,6,6720
8,0.7749,de,de2fr,3,fr,1,6720
8,0.7919,de,de2fr,3,fr,2,6720
8,0.8108,de,de2fr,3,fr,4,6720
8,0.7262,de,de2fr,3,fr,5,6720
8,0.7809,de,de2fr,3,fr,6,6720
8,0.7886,de,de2fr,3,fr,7,6720
9,0.6756,de,de2fr,1,de,1,6720
9,0.6789,de,de2fr,1,de,2,6720
9,0.6465,de,de2fr,1,de,3,6720
9,0.6521,de,de2fr,1,de,4,6720
9,0.6653,de,de2fr,1,de,5,6720
9,0.6566,de,de2fr,1,de,6,6720
9,0.827,de,de2fr,1,fr,1,6720
9,0.8316,de,de2fr,1,fr,2,6720
9,0.7919,de,de2fr,1,fr,4,6720
9,0.7579,de,de2fr,1,fr,5,6720
9,0.8333,de,de2fr,1,fr,6,6720
9,0.8552,de,de2fr,1,fr,7,6720
9,0.6445,de,de2fr,2,de,1,6720
9,0.6304,de,de2fr,2,de,2,6720
9,0.6018,de,de2fr,2,de,3,6720
9,0.6017,de,de2fr,2,de,4,6720
9,0.6192,de,de2fr,2,de,5,6720
9,0.5934,de,de2fr,2,de,6,6720
9,0.8122,de,de2fr,2,fr,1,6720
9,0.8119,de,de2fr,2,fr,2,6720
9,0.8326,de,de2fr,2,fr,4,6720
9,0.7824,de,de2fr,2,fr,5,6720
9,0.8298,de,de2fr,2,fr,6,6720
9,0.8391,de,de2fr,2,fr,7,6720
9,0.6685,de,de2fr,3,de,1,6720
9,0.6478,de,de2fr,3,de,2,6720
9,0.6203,de,de2fr,3,de,3,6720
9,0.6276,de,de2fr,3,de,4,6720
9,0.6401,de,de2fr,3,de,5,6720
9,0.6753,de,de2fr,3,de,6,6720
9,0.7766,de,de2fr,3,fr,1,6720
9,0.7723,de,de2fr,3,fr,2,6720
9,0.8033,de,de2fr,3,fr,4,6720
9,0.7477,de,de2fr,3,fr,5,6720
9,0.7894,de,de2fr,3,fr,6,6720
9,0.8199,de,de2fr,3,fr,7,6720
10,0.5859,de,de2fr,1,de,1,6720
10,0.5294,de,de2fr,1,de,2,6720
10,0.6196,de,de2fr,1,de,3,6720
10,0.6114,de,de2fr,1,de,4,6720
10,0.546,de,de2fr,1,de,5,6720
10,0.5535,de,de2fr,1,de,6,6720
10,0.8431,de,de2fr,1,fr,1,6720
10,0.8076,de,de2fr,1,fr,2,6720
10,0.8162,de,de2fr,1,fr,4,6720
10,0.8262,de,de2fr,1,fr,5,6720
10,0.861,de,de2fr,1,fr,6,6720
10,0.8524,de,de2fr,1,fr,7,6720
10,0.5915,de,de2fr,2,de,1,6720
10,0.5303,de,de2fr,2,de,2,6720
10,0.6151,de,de2fr,2,de,3,6720
10,0.5985,de,de2fr,2,de,4,6720
10,0.5462,de,de2fr,2,de,5,6720
10,0.5487,de,de2fr,2,de,6,6720
10,0.8438,de,de2fr,2,fr,1,6720
10,0.8029,de,de2fr,2,fr,2,6720
10,0.8435,de,de2fr,2,fr,4,6720
10,0.8097,de,de2fr,2,fr,5,6720
10,0.8602,de,de2fr,2,fr,6,6720
10,0.8478,de,de2fr,2,fr,7,6720
10,0.5828,de,de2fr,3,de,1,6720
10,0.5201,de,de2fr,3,de,2,6720
10,0.5979,de,de2fr,3,de,3,6720
10,0.5941,de,de2fr,3,de,4,6720
10,0.5313,de,de2fr,3,de,5,6720
10,0.565,de,de2fr,3,de,6,6720
10,0.837,de,de2fr,3,fr,1,6720
10,0.7883,de,de2fr,3,fr,2,6720
10,0.8341,de,de2fr,3,fr,4,6720
10,0.8049,de,de2fr,3,fr,5,6720
10,0.8503,de,de2fr,3,fr,6,6720
10,0.8363,de,de2fr,3,fr,7,6720
11,0.5307,de,de2fr,1,de,1,6720
11,0.5472,de,de2fr,1,de,2,6720
11,0.567,de,de2fr,1,de,3,6720
11,0.5557,de,de2fr,1,de,4,6720
11,0.4619,de,de2fr,1,de,5,6720
11,0.5845,de,de2fr,1,de,6,6720
11,0.8426,de,de2fr,1,fr,1,6720
11,0.8096,de,de2fr,1,fr,2,6720
11,0.8399,de,de2fr,1,fr,4,6720
11,0.8303,de,de2fr,1,fr,5,6720
11,0.8648,de,de2fr,1,fr,6,6720
11,0.8503,de,de2fr,1,fr,7,6720
11,0.481,de,de2fr,2,de,1,6720
11,0.4979,de,de2fr,2,de,2,6720
11,0.5273,de,de2fr,2,de,3,6720
11,0.5276,de,de2fr,2,de,4,6720
11,0.3959,de,de2fr,2,de,5,6720
11,0.5521,de,de2fr,2,de,6,6720
11,0.8333,de,de2fr,2,fr,1,6720
11,0.8182,de,de2fr,2,fr,2,6720
11,0.8411,de,de2fr,2,fr,4,6720
11,0.8059,de,de2fr,2,fr,5,6720
11,0.8555,de,de2fr,2,fr,6,6720
11,0.8278,de,de2fr,2,fr,7,6720
11,0.4972,de,de2fr,3,de,1,6720
11,0.5184,de,de2fr,3,de,2,6720
11,0.5462,de,de2fr,3,de,3,6720
11,0.5354,de,de2fr,3,de,4,6720
11,0.4155,de,de2fr,3,de,5,6720
11,0.5785,de,de2fr,3,de,6,6720
11,0.8345,de,de2fr,3,fr,1,6720
11,0.8082,de,de2fr,3,fr,2,6720
11,0.8314,de,de2fr,3,fr,4,6720
11,0.8038,de,de2fr,3,fr,5,6720
11,0.8528,de,de2fr,3,fr,6,6720
11,0.8393,de,de2fr,3,fr,7,6720
12,0.5411,de,de2fr,1,de,1,6720
12,0.5151,de,de2fr,1,de,2,6720
12,0.5599,de,de2fr,1,de,3,6720
12,0.5717,de,de2fr,1,de,4,6720
12,0.4973,de,de2fr,1,de,5,6720
12,0.5037,de,de2fr,1,de,6,6720
12,0.8159,de,de2fr,1,fr,1,6720
12,0.7958,de,de2fr,1,fr,2,6720
12,0.8324,de,de2fr,1,fr,4,6720
12,0.8131,de,de2fr,1,fr,5,6720
12,0.8011,de,de2fr,1,fr,6,6720
12,0.8324,de,de2fr,1,fr,7,6720
12,0.5355,de,de2fr,2,de,1,6720
12,0.4954,de,de2fr,2,de,2,6720
12,0.5612,de,de2fr,2,de,3,6720
12,0.5515,de,de2fr,2,de,4,6720
12,0.4809,de,de2fr,2,de,5,6720
12,0.4838,de,de2fr,2,de,6,6720
12,0.8307,de,de2fr,2,fr,1,6720
12,0.8143,de,de2fr,2,fr,2,6720
12,0.8389,de,de2fr,2,fr,4,6720
12,0.8255,de,de2fr,2,fr,5,6720
12,0.8332,de,de2fr,2,fr,6,6720
12,0.828,de,de2fr,2,fr,7,6720
12,0.5241,de,de2fr,3,de,1,6720
12,0.4959,de,de2fr,3,de,2,6720
12,0.5599,de,de2fr,3,de,3,6720
12,0.5401,de,de2fr,3,de,4,6720
12,0.4756,de,de2fr,3,de,5,6720
12,0.5019,de,de2fr,3,de,6,6720
12,0.8703,de,de2fr,3,fr,1,6720
12,0.8397,de,de2fr,3,fr,2,6720
12,0.8508,de,de2fr,3,fr,4,6720
12,0.8461,de,de2fr,3,fr,5,6720
12,0.8418,de,de2fr,3,fr,6,6720
12,0.8466,de,de2fr,3,fr,7,6720
0,0.9809,de,de2fr,1,de,1,8400
0,0.9637,de,de2fr,1,de,2,8400
0,0.9706,de,de2fr,1,de,3,8400
0,0.9786,de,de2fr,1,de,4,8400
0,0.9769,de,de2fr,1,de,5,8400
0,0.9782,de,de2fr,1,de,6,8400
0,0.9845,de,de2fr,1,fr,1,8400
0,0.9796,de,de2fr,1,fr,2,8400
0,0.9837,de,de2fr,1,fr,4,8400
0,0.9766,de,de2fr,1,fr,5,8400
0,0.9755,de,de2fr,1,fr,6,8400
0,0.9848,de,de2fr,1,fr,7,8400
0,0.9736,de,de2fr,2,de,1,8400
0,0.9403,de,de2fr,2,de,2,8400
0,0.966,de,de2fr,2,de,3,8400
0,0.9693,de,de2fr,2,de,4,8400
0,0.9665,de,de2fr,2,de,5,8400
0,0.9679,de,de2fr,2,de,6,8400
0,0.9694,de,de2fr,2,fr,1,8400
0,0.9567,de,de2fr,2,fr,2,8400
0,0.9821,de,de2fr,2,fr,4,8400
0,0.9679,de,de2fr,2,fr,5,8400
0,0.9525,de,de2fr,2,fr,6,8400
0,0.9767,de,de2fr,2,fr,7,8400
0,0.9682,de,de2fr,3,de,1,8400
0,0.9752,de,de2fr,3,de,2,8400
0,0.9585,de,de2fr,3,de,3,8400
0,0.9715,de,de2fr,3,de,4,8400
0,0.9695,de,de2fr,3,de,5,8400
0,0.9743,de,de2fr,3,de,6,8400
0,0.9845,de,de2fr,3,fr,1,8400
0,0.9859,de,de2fr,3,fr,2,8400
0,0.9785,de,de2fr,3,fr,4,8400
0,0.9848,de,de2fr,3,fr,5,8400
0,0.9812,de,de2fr,3,fr,6,8400
0,0.9822,de,de2fr,3,fr,7,8400
0,0.98,de,de2fr,4,de,1,8400
0,0.9418,de,de2fr,4,de,2,8400
0,0.9757,de,de2fr,4,de,3,8400
0,0.9791,de,de2fr,4,de,4,8400
0,0.9802,de,de2fr,4,de,5,8400
0,0.9784,de,de2fr,4,de,6,8400
0,0.9764,de,de2fr,4,fr,1,8400
0,0.9621,de,de2fr,4,fr,2,8400
0,0.9856,de,de2fr,4,fr,4,8400
0,0.974,de,de2fr,4,fr,5,8400
0,0.9682,de,de2fr,4,fr,6,8400
0,0.9774,de,de2fr,4,fr,7,8400
0,0.9774,de,de2fr,5,de,1,8400
0,0.9326,de,de2fr,5,de,2,8400
0,0.9728,de,de2fr,5,de,3,8400
0,0.9779,de,de2fr,5,de,4,8400
0,0.978,de,de2fr,5,de,5,8400
0,0.9764,de,de2fr,5,de,6,8400
0,0.9702,de,de2fr,5,fr,1,8400
0,0.9541,de,de2fr,5,fr,2,8400
0,0.9792,de,de2fr,5,fr,4,8400
0,0.9696,de,de2fr,5,fr,5,8400
0,0.9738,de,de2fr,5,fr,6,8400
0,0.9678,de,de2fr,5,fr,7,8400
0,0.9625,de,de2fr,6,de,1,8400
0,0.9703,de,de2fr,6,de,2,8400
0,0.9567,de,de2fr,6,de,3,8400
0,0.973,de,de2fr,6,de,4,8400
0,0.9566,de,de2fr,6,de,5,8400
0,0.9637,de,de2fr,6,de,6,8400
0,0.9784,de,de2fr,6,fr,1,8400
0,0.9824,de,de2fr,6,fr,2,8400
0,0.9798,de,de2fr,6,fr,4,8400
0,0.9802,de,de2fr,6,fr,5,8400
0,0.9658,de,de2fr,6,fr,6,8400
0,0.9771,de,de2fr,6,fr,7,8400
0,0.9893,de,de2fr,7,de,1,8400
0,0.9659,de,de2fr,7,de,2,8400
0,0.9827,de,de2fr,7,de,3,8400
0,0.98,de,de2fr,7,de,4,8400
0,0.9824,de,de2fr,7,de,5,8400
0,0.9861,de,de2fr,7,de,6,8400
0,0.9856,de,de2fr,7,fr,1,8400
0,0.9736,de,de2fr,7,fr,2,8400
0,0.9831,de,de2fr,7,fr,4,8400
0,0.9787,de,de2fr,7,fr,5,8400
0,0.9759,de,de2fr,7,fr,6,8400
0,0.9842,de,de2fr,7,fr,7,8400
0,0.9799,de,de2fr,8,de,1,8400
0,0.9528,de,de2fr,8,de,2,8400
0,0.9712,de,de2fr,8,de,3,8400
0,0.9818,de,de2fr,8,de,4,8400
0,0.9761,de,de2fr,8,de,5,8400
0,0.9766,de,de2fr,8,de,6,8400
0,0.9776,de,de2fr,8,fr,1,8400
0,0.9692,de,de2fr,8,fr,2,8400
0,0.9893,de,de2fr,8,fr,4,8400
0,0.9784,de,de2fr,8,fr,5,8400
0,0.9709,de,de2fr,8,fr,6,8400
0,0.9807,de,de2fr,8,fr,7,8400
1,0.8545,de,de2fr,1,de,1,8400
1,0.8402,de,de2fr,1,de,2,8400
1,0.8254,de,de2fr,1,de,3,8400
1,0.7856,de,de2fr,1,de,4,8400
1,0.7786,de,de2fr,1,de,5,8400
1,0.7877,de,de2fr,1,de,6,8400
1,0.9399,de,de2fr,1,fr,1,8400
1,0.9349,de,de2fr,1,fr,2,8400
1,0.9499,de,de2fr,1,fr,4,8400
1,0.9275,de,de2fr,1,fr,5,8400
1,0.944,de,de2fr,1,fr,6,8400
1,0.9464,de,de2fr,1,fr,7,8400
1,0.8988,de,de2fr,2,de,1,8400
1,0.8777,de,de2fr,2,de,2,8400
1,0.8807,de,de2fr,2,de,3,8400
1,0.8527,de,de2fr,2,de,4,8400
1,0.8198,de,de2fr,2,de,5,8400
1,0.8371,de,de2fr,2,de,6,8400
1,0.942,de,de2fr,2,fr,1,8400
1,0.9516,de,de2fr,2,fr,2,8400
1,0.9554,de,de2fr,2,fr,4,8400
1,0.938,de,de2fr,2,fr,5,8400
1,0.9505,de,de2fr,2,fr,6,8400
1,0.9567,de,de2fr,2,fr,7,8400
1,0.8769,de,de2fr,3,de,1,8400
1,0.8552,de,de2fr,3,de,2,8400
1,0.8588,de,de2fr,3,de,3,8400
1,0.82,de,de2fr,3,de,4,8400
1,0.803,de,de2fr,3,de,5,8400
1,0.8158,de,de2fr,3,de,6,8400
1,0.9457,de,de2fr,3,fr,1,8400
1,0.946,de,de2fr,3,fr,2,8400
1,0.9591,de,de2fr,3,fr,4,8400
1,0.9347,de,de2fr,3,fr,5,8400
1,0.9535,de,de2fr,3,fr,6,8400
1,0.953,de,de2fr,3,fr,7,8400
1,0.8866,de,de2fr,4,de,1,8400
1,0.8619,de,de2fr,4,de,2,8400
1,0.8662,de,de2fr,4,de,3,8400
1,0.832,de,de2fr,4,de,4,8400
1,0.8102,de,de2fr,4,de,5,8400
1,0.8223,de,de2fr,4,de,6,8400
1,0.9559,de,de2fr,4,fr,1,8400
1,0.9559,de,de2fr,4,fr,2,8400
1,0.9651,de,de2fr,4,fr,4,8400
1,0.9384,de,de2fr,4,fr,5,8400
1,0.9558,de,de2fr,4,fr,6,8400
1,0.9587,de,de2fr,4,fr,7,8400
1,0.8929,de,de2fr,5,de,1,8400
1,0.8722,de,de2fr,5,de,2,8400
1,0.8718,de,de2fr,5,de,3,8400
1,0.8424,de,de2fr,5,de,4,8400
1,0.8285,de,de2fr,5,de,5,8400
1,0.8343,de,de2fr,5,de,6,8400
1,0.9427,de,de2fr,5,fr,1,8400
1,0.9461,de,de2fr,5,fr,2,8400
1,0.9566,de,de2fr,5,fr,4,8400
1,0.9473,de,de2fr,5,fr,5,8400
1,0.9463,de,de2fr,5,fr,6,8400
1,0.95,de,de2fr,5,fr,7,8400
1,0.8732,de,de2fr,6,de,1,8400
1,0.8613,de,de2fr,6,de,2,8400
1,0.8529,de,de2fr,6,de,3,8400
1,0.8179,de,de2fr,6,de,4,8400
1,0.8028,de,de2fr,6,de,5,8400
1,0.799,de,de2fr,6,de,6,8400
1,0.9403,de,de2fr,6,fr,1,8400
1,0.9351,de,de2fr,6,fr,2,8400
1,0.9532,de,de2fr,6,fr,4,8400
1,0.9355,de,de2fr,6,fr,5,8400
1,0.9359,de,de2fr,6,fr,6,8400
1,0.9532,de,de2fr,6,fr,7,8400
1,0.8963,de,de2fr,7,de,1,8400
1,0.8596,de,de2fr,7,de,2,8400
1,0.8685,de,de2fr,7,de,3,8400
1,0.8409,de,de2fr,7,de,4,8400
1,0.8038,de,de2fr,7,de,5,8400
1,0.8222,de,de2fr,7,de,6,8400
1,0.9506,de,de2fr,7,fr,1,8400
1,0.96,de,de2fr,7,fr,2,8400
1,0.9574,de,de2fr,7,fr,4,8400
1,0.9294,de,de2fr,7,fr,5,8400
1,0.9578,de,de2fr,7,fr,6,8400
1,0.9599,de,de2fr,7,fr,7,8400
1,0.8884,de,de2fr,8,de,1,8400
1,0.863,de,de2fr,8,de,2,8400
1,0.8666,de,de2fr,8,de,3,8400
1,0.8403,de,de2fr,8,de,4,8400
1,0.8116,de,de2fr,8,de,5,8400
1,0.8191,de,de2fr,8,de,6,8400
1,0.9497,de,de2fr,8,fr,1,8400
1,0.9496,de,de2fr,8,fr,2,8400
1,0.9567,de,de2fr,8,fr,4,8400
1,0.9445,de,de2fr,8,fr,5,8400
1,0.9562,de,de2fr,8,fr,6,8400
1,0.9554,de,de2fr,8,fr,7,8400
2,0.6523,de,de2fr,1,de,1,8400
2,0.6765,de,de2fr,1,de,2,8400
2,0.6677,de,de2fr,1,de,3,8400
2,0.7269,de,de2fr,1,de,4,8400
2,0.6651,de,de2fr,1,de,5,8400
2,0.6911,de,de2fr,1,de,6,8400
2,0.8811,de,de2fr,1,fr,1,8400
2,0.9001,de,de2fr,1,fr,2,8400
2,0.9242,de,de2fr,1,fr,4,8400
2,0.9029,de,de2fr,1,fr,5,8400
2,0.921,de,de2fr,1,fr,6,8400
2,0.9179,de,de2fr,1,fr,7,8400
2,0.7122,de,de2fr,2,de,1,8400
2,0.7379,de,de2fr,2,de,2,8400
2,0.7378,de,de2fr,2,de,3,8400
2,0.7864,de,de2fr,2,de,4,8400
2,0.7394,de,de2fr,2,de,5,8400
2,0.7509,de,de2fr,2,de,6,8400
2,0.8908,de,de2fr,2,fr,1,8400
2,0.907,de,de2fr,2,fr,2,8400
2,0.9211,de,de2fr,2,fr,4,8400
2,0.9016,de,de2fr,2,fr,5,8400
2,0.9048,de,de2fr,2,fr,6,8400
2,0.9184,de,de2fr,2,fr,7,8400
2,0.6753,de,de2fr,3,de,1,8400
2,0.6996,de,de2fr,3,de,2,8400
2,0.7029,de,de2fr,3,de,3,8400
2,0.7546,de,de2fr,3,de,4,8400
2,0.7024,de,de2fr,3,de,5,8400
2,0.7141,de,de2fr,3,de,6,8400
2,0.9021,de,de2fr,3,fr,1,8400
2,0.9056,de,de2fr,3,fr,2,8400
2,0.9252,de,de2fr,3,fr,4,8400
2,0.9049,de,de2fr,3,fr,5,8400
2,0.9201,de,de2fr,3,fr,6,8400
2,0.9282,de,de2fr,3,fr,7,8400
2,0.6728,de,de2fr,4,de,1,8400
2,0.6949,de,de2fr,4,de,2,8400
2,0.6908,de,de2fr,4,de,3,8400
2,0.7309,de,de2fr,4,de,4,8400
2,0.6944,de,de2fr,4,de,5,8400
2,0.6975,de,de2fr,4,de,6,8400
2,0.9198,de,de2fr,4,fr,1,8400
2,0.9109,de,de2fr,4,fr,2,8400
2,0.9199,de,de2fr,4,fr,4,8400
2,0.896,de,de2fr,4,fr,5,8400
2,0.9145,de,de2fr,4,fr,6,8400
2,0.9215,de,de2fr,4,fr,7,8400
2,0.6684,de,de2fr,5,de,1,8400
2,0.6946,de,de2fr,5,de,2,8400
2,0.6843,de,de2fr,5,de,3,8400
2,0.734,de,de2fr,5,de,4,8400
2,0.6847,de,de2fr,5,de,5,8400
2,0.7102,de,de2fr,5,de,6,8400
2,0.8881,de,de2fr,5,fr,1,8400
2,0.9123,de,de2fr,5,fr,2,8400
2,0.9136,de,de2fr,5,fr,4,8400
2,0.9135,de,de2fr,5,fr,5,8400
2,0.9141,de,de2fr,5,fr,6,8400
2,0.9193,de,de2fr,5,fr,7,8400
2,0.6727,de,de2fr,6,de,1,8400
2,0.7005,de,de2fr,6,de,2,8400
2,0.6777,de,de2fr,6,de,3,8400
2,0.7247,de,de2fr,6,de,4,8400
2,0.6782,de,de2fr,6,de,5,8400
2,0.6861,de,de2fr,6,de,6,8400
2,0.8666,de,de2fr,6,fr,1,8400
2,0.8885,de,de2fr,6,fr,2,8400
2,0.9039,de,de2fr,6,fr,4,8400
2,0.8943,de,de2fr,6,fr,5,8400
2,0.8964,de,de2fr,6,fr,6,8400
2,0.9084,de,de2fr,6,fr,7,8400
2,0.6804,de,de2fr,7,de,1,8400
2,0.7069,de,de2fr,7,de,2,8400
2,0.7082,de,de2fr,7,de,3,8400
2,0.7506,de,de2fr,7,de,4,8400
2,0.6967,de,de2fr,7,de,5,8400
2,0.7108,de,de2fr,7,de,6,8400
2,0.9001,de,de2fr,7,fr,1,8400
2,0.8902,de,de2fr,7,fr,2,8400
2,0.9069,de,de2fr,7,fr,4,8400
2,0.9041,de,de2fr,7,fr,5,8400
2,0.9009,de,de2fr,7,fr,6,8400
2,0.9072,de,de2fr,7,fr,7,8400
2,0.6728,de,de2fr,8,de,1,8400
2,0.6892,de,de2fr,8,de,2,8400
2,0.6894,de,de2fr,8,de,3,8400
2,0.7457,de,de2fr,8,de,4,8400
2,0.6881,de,de2fr,8,de,5,8400
2,0.7127,de,de2fr,8,de,6,8400
2,0.8763,de,de2fr,8,fr,1,8400
2,0.9018,de,de2fr,8,fr,2,8400
2,0.9051,de,de2fr,8,fr,4,8400
2,0.9027,de,de2fr,8,fr,5,8400
2,0.9204,de,de2fr,8,fr,6,8400
2,0.9166,de,de2fr,8,fr,7,8400
3,0.6076,de,de2fr,1,de,1,8400
3,0.6128,de,de2fr,1,de,2,8400
3,0.6933,de,de2fr,1,de,3,8400
3,0.6514,de,de2fr,1,de,4,8400
3,0.6176,de,de2fr,1,de,5,8400
3,0.678,de,de2fr,1,de,6,8400
3,0.8546,de,de2fr,1,fr,1,8400
3,0.8957,de,de2fr,1,fr,2,8400
3,0.9049,de,de2fr,1,fr,4,8400
3,0.8723,de,de2fr,1,fr,5,8400
3,0.9021,de,de2fr,1,fr,6,8400
3,0.9029,de,de2fr,1,fr,7,8400
3,0.6243,de,de2fr,2,de,1,8400
3,0.6373,de,de2fr,2,de,2,8400
3,0.742,de,de2fr,2,de,3,8400
3,0.6795,de,de2fr,2,de,4,8400
3,0.6449,de,de2fr,2,de,5,8400
3,0.722,de,de2fr,2,de,6,8400
3,0.8542,de,de2fr,2,fr,1,8400
3,0.8752,de,de2fr,2,fr,2,8400
3,0.8984,de,de2fr,2,fr,4,8400
3,0.8633,de,de2fr,2,fr,5,8400
3,0.891,de,de2fr,2,fr,6,8400
3,0.8962,de,de2fr,2,fr,7,8400
3,0.5662,de,de2fr,3,de,1,8400
3,0.5684,de,de2fr,3,de,2,8400
3,0.6615,de,de2fr,3,de,3,8400
3,0.6314,de,de2fr,3,de,4,8400
3,0.5921,de,de2fr,3,de,5,8400
3,0.6342,de,de2fr,3,de,6,8400
3,0.8627,de,de2fr,3,fr,1,8400
3,0.8632,de,de2fr,3,fr,2,8400
3,0.8956,de,de2fr,3,fr,4,8400
3,0.8781,de,de2fr,3,fr,5,8400
3,0.8854,de,de2fr,3,fr,6,8400
3,0.8959,de,de2fr,3,fr,7,8400
3,0.5785,de,de2fr,4,de,1,8400
3,0.5854,de,de2fr,4,de,2,8400
3,0.6649,de,de2fr,4,de,3,8400
3,0.6329,de,de2fr,4,de,4,8400
3,0.5877,de,de2fr,4,de,5,8400
3,0.657,de,de2fr,4,de,6,8400
3,0.8844,de,de2fr,4,fr,1,8400
3,0.8968,de,de2fr,4,fr,2,8400
3,0.9078,de,de2fr,4,fr,4,8400
3,0.8863,de,de2fr,4,fr,5,8400
3,0.9026,de,de2fr,4,fr,6,8400
3,0.9115,de,de2fr,4,fr,7,8400
3,0.537,de,de2fr,5,de,1,8400
3,0.5385,de,de2fr,5,de,2,8400
3,0.6068,de,de2fr,5,de,3,8400
3,0.6026,de,de2fr,5,de,4,8400
3,0.572,de,de2fr,5,de,5,8400
3,0.6161,de,de2fr,5,de,6,8400
3,0.8337,de,de2fr,5,fr,1,8400
3,0.8459,de,de2fr,5,fr,2,8400
3,0.8745,de,de2fr,5,fr,4,8400
3,0.868,de,de2fr,5,fr,5,8400
3,0.8589,de,de2fr,5,fr,6,8400
3,0.8631,de,de2fr,5,fr,7,8400
3,0.5941,de,de2fr,6,de,1,8400
3,0.6064,de,de2fr,6,de,2,8400
3,0.6837,de,de2fr,6,de,3,8400
3,0.6416,de,de2fr,6,de,4,8400
3,0.5958,de,de2fr,6,de,5,8400
3,0.666,de,de2fr,6,de,6,8400
3,0.8275,de,de2fr,6,fr,1,8400
3,0.8817,de,de2fr,6,fr,2,8400
3,0.8904,de,de2fr,6,fr,4,8400
3,0.8718,de,de2fr,6,fr,5,8400
3,0.9013,de,de2fr,6,fr,6,8400
3,0.8964,de,de2fr,6,fr,7,8400
3,0.5515,de,de2fr,7,de,1,8400
3,0.5388,de,de2fr,7,de,2,8400
3,0.628,de,de2fr,7,de,3,8400
3,0.6146,de,de2fr,7,de,4,8400
3,0.5737,de,de2fr,7,de,5,8400
3,0.6208,de,de2fr,7,de,6,8400
3,0.8741,de,de2fr,7,fr,1,8400
3,0.8781,de,de2fr,7,fr,2,8400
3,0.9004,de,de2fr,7,fr,4,8400
3,0.8572,de,de2fr,7,fr,5,8400
3,0.8713,de,de2fr,7,fr,6,8400
3,0.869,de,de2fr,7,fr,7,8400
3,0.5942,de,de2fr,8,de,1,8400
3,0.5928,de,de2fr,8,de,2,8400
3,0.667,de,de2fr,8,de,3,8400
3,0.6507,de,de2fr,8,de,4,8400
3,0.6129,de,de2fr,8,de,5,8400
3,0.6717,de,de2fr,8,de,6,8400
3,0.8521,de,de2fr,8,fr,1,8400
3,0.8857,de,de2fr,8,fr,2,8400
3,0.9033,de,de2fr,8,fr,4,8400
3,0.8751,de,de2fr,8,fr,5,8400
3,0.9008,de,de2fr,8,fr,6,8400
3,0.9016,de,de2fr,8,fr,7,8400
4,0.5822,de,de2fr,1,de,1,8400
4,0.6038,de,de2fr,1,de,2,8400
4,0.5924,de,de2fr,1,de,3,8400
4,0.6401,de,de2fr,1,de,4,8400
4,0.5677,de,de2fr,1,de,5,8400
4,0.6371,de,de2fr,1,de,6,8400
4,0.8371,de,de2fr,1,fr,1,8400
4,0.896,de,de2fr,1,fr,2,8400
4,0.8749,de,de2fr,1,fr,4,8400
4,0.8799,de,de2fr,1,fr,5,8400
4,0.879,de,de2fr,1,fr,6,8400
4,0.8946,de,de2fr,1,fr,7,8400
4,0.5784,de,de2fr,2,de,1,8400
4,0.5578,de,de2fr,2,de,2,8400
4,0.5838,de,de2fr,2,de,3,8400
4,0.6211,de,de2fr,2,de,4,8400
4,0.5864,de,de2fr,2,de,5,8400
4,0.6228,de,de2fr,2,de,6,8400
4,0.8206,de,de2fr,2,fr,1,8400
4,0.7899,de,de2fr,2,fr,2,8400
4,0.8553,de,de2fr,2,fr,4,8400
4,0.8233,de,de2fr,2,fr,5,8400
4,0.8218,de,de2fr,2,fr,6,8400
4,0.8384,de,de2fr,2,fr,7,8400
4,0.5647,de,de2fr,3,de,1,8400
4,0.5662,de,de2fr,3,de,2,8400
4,0.5936,de,de2fr,3,de,3,8400
4,0.6268,de,de2fr,3,de,4,8400
4,0.581,de,de2fr,3,de,5,8400
4,0.6421,de,de2fr,3,de,6,8400
4,0.8734,de,de2fr,3,fr,1,8400
4,0.8635,de,de2fr,3,fr,2,8400
4,0.8985,de,de2fr,3,fr,4,8400
4,0.8664,de,de2fr,3,fr,5,8400
4,0.8682,de,de2fr,3,fr,6,8400
4,0.8787,de,de2fr,3,fr,7,8400
4,0.5615,de,de2fr,4,de,1,8400
4,0.5704,de,de2fr,4,de,2,8400
4,0.5682,de,de2fr,4,de,3,8400
4,0.6189,de,de2fr,4,de,4,8400
4,0.5613,de,de2fr,4,de,5,8400
4,0.6349,de,de2fr,4,de,6,8400
4,0.8692,de,de2fr,4,fr,1,8400
4,0.8849,de,de2fr,4,fr,2,8400
4,0.8958,de,de2fr,4,fr,4,8400
4,0.8735,de,de2fr,4,fr,5,8400
4,0.8954,de,de2fr,4,fr,6,8400
4,0.8955,de,de2fr,4,fr,7,8400
4,0.5822,de,de2fr,5,de,1,8400
4,0.5612,de,de2fr,5,de,2,8400
4,0.5875,de,de2fr,5,de,3,8400
4,0.6219,de,de2fr,5,de,4,8400
4,0.5962,de,de2fr,5,de,5,8400
4,0.63,de,de2fr,5,de,6,8400
4,0.8199,de,de2fr,5,fr,1,8400
4,0.8227,de,de2fr,5,fr,2,8400
4,0.8686,de,de2fr,5,fr,4,8400
4,0.8427,de,de2fr,5,fr,5,8400
4,0.8411,de,de2fr,5,fr,6,8400
4,0.854,de,de2fr,5,fr,7,8400
4,0.589,de,de2fr,6,de,1,8400
4,0.5776,de,de2fr,6,de,2,8400
4,0.5646,de,de2fr,6,de,3,8400
4,0.6273,de,de2fr,6,de,4,8400
4,0.5511,de,de2fr,6,de,5,8400
4,0.6271,de,de2fr,6,de,6,8400
4,0.7997,de,de2fr,6,fr,1,8400
4,0.8833,de,de2fr,6,fr,2,8400
4,0.8605,de,de2fr,6,fr,4,8400
4,0.8636,de,de2fr,6,fr,5,8400
4,0.8503,de,de2fr,6,fr,6,8400
4,0.8812,de,de2fr,6,fr,7,8400
4,0.5291,de,de2fr,7,de,1,8400
4,0.5203,de,de2fr,7,de,2,8400
4,0.5306,de,de2fr,7,de,3,8400
4,0.5777,de,de2fr,7,de,4,8400
4,0.5561,de,de2fr,7,de,5,8400
4,0.5922,de,de2fr,7,de,6,8400
4,0.8281,de,de2fr,7,fr,1,8400
4,0.7925,de,de2fr,7,fr,2,8400
4,0.859,de,de2fr,7,fr,4,8400
4,0.7969,de,de2fr,7,fr,5,8400
4,0.8262,de,de2fr,7,fr,6,8400
4,0.8044,de,de2fr,7,fr,7,8400
4,0.5696,de,de2fr,8,de,1,8400
4,0.5481,de,de2fr,8,de,2,8400
4,0.5604,de,de2fr,8,de,3,8400
4,0.6155,de,de2fr,8,de,4,8400
4,0.5845,de,de2fr,8,de,5,8400
4,0.6139,de,de2fr,8,de,6,8400
4,0.822,de,de2fr,8,fr,1,8400
4,0.7968,de,de2fr,8,fr,2,8400
4,0.8681,de,de2fr,8,fr,4,8400
4,0.7961,de,de2fr,8,fr,5,8400
4,0.8208,de,de2fr,8,fr,6,8400
4,0.8228,de,de2fr,8,fr,7,8400
5,0.5727,de,de2fr,1,de,1,8400
5,0.5433,de,de2fr,1,de,2,8400
5,0.6129,de,de2fr,1,de,3,8400
5,0.6211,de,de2fr,1,de,4,8400
5,0.5525,de,de2fr,1,de,5,8400
5,0.5834,de,de2fr,1,de,6,8400
5,0.7807,de,de2fr,1,fr,1,8400
5,0.8611,de,de2fr,1,fr,2,8400
5,0.8594,de,de2fr,1,fr,4,8400
5,0.8138,de,de2fr,1,fr,5,8400
5,0.8568,de,de2fr,1,fr,6,8400
5,0.8629,de,de2fr,1,fr,7,8400
5,0.4163,de,de2fr,2,de,1,8400
5,0.4301,de,de2fr,2,de,2,8400
5,0.4651,de,de2fr,2,de,3,8400
5,0.5011,de,de2fr,2,de,4,8400
5,0.46,de,de2fr,2,de,5,8400
5,0.4521,de,de2fr,2,de,6,8400
5,0.7115,de,de2fr,2,fr,1,8400
5,0.6828,de,de2fr,2,fr,2,8400
5,0.7322,de,de2fr,2,fr,4,8400
5,0.6459,de,de2fr,2,fr,5,8400
5,0.657,de,de2fr,2,fr,6,8400
5,0.6829,de,de2fr,2,fr,7,8400
5,0.4737,de,de2fr,3,de,1,8400
5,0.4845,de,de2fr,3,de,2,8400
5,0.5292,de,de2fr,3,de,3,8400
5,0.5617,de,de2fr,3,de,4,8400
5,0.5062,de,de2fr,3,de,5,8400
5,0.5263,de,de2fr,3,de,6,8400
5,0.7674,de,de2fr,3,fr,1,8400
5,0.7645,de,de2fr,3,fr,2,8400
5,0.7985,de,de2fr,3,fr,4,8400
5,0.7179,de,de2fr,3,fr,5,8400
5,0.7388,de,de2fr,3,fr,6,8400
5,0.7498,de,de2fr,3,fr,7,8400
5,0.435,de,de2fr,4,de,1,8400
5,0.4351,de,de2fr,4,de,2,8400
5,0.4809,de,de2fr,4,de,3,8400
5,0.5152,de,de2fr,4,de,4,8400
5,0.4691,de,de2fr,4,de,5,8400
5,0.4758,de,de2fr,4,de,6,8400
5,0.7319,de,de2fr,4,fr,1,8400
5,0.7304,de,de2fr,4,fr,2,8400
5,0.7648,de,de2fr,4,fr,4,8400
5,0.6878,de,de2fr,4,fr,5,8400
5,0.7149,de,de2fr,4,fr,6,8400
5,0.7187,de,de2fr,4,fr,7,8400
5,0.5267,de,de2fr,5,de,1,8400
5,0.4938,de,de2fr,5,de,2,8400
5,0.571,de,de2fr,5,de,3,8400
5,0.5884,de,de2fr,5,de,4,8400
5,0.5406,de,de2fr,5,de,5,8400
5,0.54,de,de2fr,5,de,6,8400
5,0.7343,de,de2fr,5,fr,1,8400
5,0.7951,de,de2fr,5,fr,2,8400
5,0.8119,de,de2fr,5,fr,4,8400
5,0.7362,de,de2fr,5,fr,5,8400
5,0.7663,de,de2fr,5,fr,6,8400
5,0.7864,de,de2fr,5,fr,7,8400
5,0.4976,de,de2fr,6,de,1,8400
5,0.4783,de,de2fr,6,de,2,8400
5,0.52,de,de2fr,6,de,3,8400
5,0.5415,de,de2fr,6,de,4,8400
5,0.4838,de,de2fr,6,de,5,8400
5,0.5029,de,de2fr,6,de,6,8400
5,0.7241,de,de2fr,6,fr,1,8400
5,0.7793,de,de2fr,6,fr,2,8400
5,0.8078,de,de2fr,6,fr,4,8400
5,0.73,de,de2fr,6,fr,5,8400
5,0.7555,de,de2fr,6,fr,6,8400
5,0.7864,de,de2fr,6,fr,7,8400
5,0.4892,de,de2fr,7,de,1,8400
5,0.4799,de,de2fr,7,de,2,8400
5,0.5366,de,de2fr,7,de,3,8400
5,0.5642,de,de2fr,7,de,4,8400
5,0.5117,de,de2fr,7,de,5,8400
5,0.5168,de,de2fr,7,de,6,8400
5,0.7645,de,de2fr,7,fr,1,8400
5,0.779,de,de2fr,7,fr,2,8400
5,0.83,de,de2fr,7,fr,4,8400
5,0.7203,de,de2fr,7,fr,5,8400
5,0.7485,de,de2fr,7,fr,6,8400
5,0.7726,de,de2fr,7,fr,7,8400
5,0.4794,de,de2fr,8,de,1,8400
5,0.4733,de,de2fr,8,de,2,8400
5,0.5502,de,de2fr,8,de,3,8400
5,0.5772,de,de2fr,8,de,4,8400
5,0.5168,de,de2fr,8,de,5,8400
5,0.5124,de,de2fr,8,de,6,8400
5,0.7914,de,de2fr,8,fr,1,8400
5,0.7759,de,de2fr,8,fr,2,8400
5,0.8481,de,de2fr,8,fr,4,8400
5,0.732,de,de2fr,8,fr,5,8400
5,0.7785,de,de2fr,8,fr,6,8400
5,0.7699,de,de2fr,8,fr,7,8400
6,0.519,de,de2fr,1,de,1,8400
6,0.4537,de,de2fr,1,de,2,8400
6,0.5318,de,de2fr,1,de,3,8400
6,0.5961,de,de2fr,1,de,4,8400
6,0.522,de,de2fr,1,de,5,8400
6,0.4786,de,de2fr,1,de,6,8400
6,0.7145,de,de2fr,1,fr,1,8400
6,0.782,de,de2fr,1,fr,2,8400
6,0.7639,de,de2fr,1,fr,4,8400
6,0.7664,de,de2fr,1,fr,5,8400
6,0.7735,de,de2fr,1,fr,6,8400
6,0.7994,de,de2fr,1,fr,7,8400
6,0.4178,de,de2fr,2,de,1,8400
6,0.3704,de,de2fr,2,de,2,8400
6,0.4559,de,de2fr,2,de,3,8400
6,0.5284,de,de2fr,2,de,4,8400
6,0.4586,de,de2fr,2,de,5,8400
6,0.3965,de,de2fr,2,de,6,8400
6,0.7053,de,de2fr,2,fr,1,8400
6,0.7125,de,de2fr,2,fr,2,8400
6,0.7588,de,de2fr,2,fr,4,8400
6,0.6786,de,de2fr,2,fr,5,8400
6,0.7377,de,de2fr,2,fr,6,8400
6,0.7322,de,de2fr,2,fr,7,8400
6,0.5475,de,de2fr,3,de,1,8400
6,0.5185,de,de2fr,3,de,2,8400
6,0.59,de,de2fr,3,de,3,8400
6,0.6541,de,de2fr,3,de,4,8400
6,0.5937,de,de2fr,3,de,5,8400
6,0.5599,de,de2fr,3,de,6,8400
6,0.7341,de,de2fr,3,fr,1,8400
6,0.8031,de,de2fr,3,fr,2,8400
6,0.7802,de,de2fr,3,fr,4,8400
6,0.7693,de,de2fr,3,fr,5,8400
6,0.7636,de,de2fr,3,fr,6,8400
6,0.8061,de,de2fr,3,fr,7,8400
6,0.4838,de,de2fr,4,de,1,8400
6,0.4635,de,de2fr,4,de,2,8400
6,0.5264,de,de2fr,4,de,3,8400
6,0.5927,de,de2fr,4,de,4,8400
6,0.5416,de,de2fr,4,de,5,8400
6,0.4941,de,de2fr,4,de,6,8400
6,0.7279,de,de2fr,4,fr,1,8400
6,0.7832,de,de2fr,4,fr,2,8400
6,0.7852,de,de2fr,4,fr,4,8400
6,0.7315,de,de2fr,4,fr,5,8400
6,0.7694,de,de2fr,4,fr,6,8400
6,0.7781,de,de2fr,4,fr,7,8400
6,0.4528,de,de2fr,5,de,1,8400
6,0.4175,de,de2fr,5,de,2,8400
6,0.4849,de,de2fr,5,de,3,8400
6,0.5442,de,de2fr,5,de,4,8400
6,0.5069,de,de2fr,5,de,5,8400
6,0.4438,de,de2fr,5,de,6,8400
6,0.6737,de,de2fr,5,fr,1,8400
6,0.7746,de,de2fr,5,fr,2,8400
6,0.7931,de,de2fr,5,fr,4,8400
6,0.6926,de,de2fr,5,fr,5,8400
6,0.728,de,de2fr,5,fr,6,8400
6,0.7588,de,de2fr,5,fr,7,8400
6,0.6216,de,de2fr,6,de,1,8400
6,0.5127,de,de2fr,6,de,2,8400
6,0.5945,de,de2fr,6,de,3,8400
6,0.6604,de,de2fr,6,de,4,8400
6,0.5833,de,de2fr,6,de,5,8400
6,0.5618,de,de2fr,6,de,6,8400
6,0.6611,de,de2fr,6,fr,1,8400
6,0.7694,de,de2fr,6,fr,2,8400
6,0.711,de,de2fr,6,fr,4,8400
6,0.782,de,de2fr,6,fr,5,8400
6,0.7221,de,de2fr,6,fr,6,8400
6,0.8073,de,de2fr,6,fr,7,8400
6,0.4271,de,de2fr,7,de,1,8400
6,0.3988,de,de2fr,7,de,2,8400
6,0.4769,de,de2fr,7,de,3,8400
6,0.5556,de,de2fr,7,de,4,8400
6,0.495,de,de2fr,7,de,5,8400
6,0.4242,de,de2fr,7,de,6,8400
6,0.7153,de,de2fr,7,fr,1,8400
6,0.7334,de,de2fr,7,fr,2,8400
6,0.8002,de,de2fr,7,fr,4,8400
6,0.6758,de,de2fr,7,fr,5,8400
6,0.7286,de,de2fr,7,fr,6,8400
6,0.7561,de,de2fr,7,fr,7,8400
6,0.3723,de,de2fr,8,de,1,8400
6,0.3405,de,de2fr,8,de,2,8400
6,0.4106,de,de2fr,8,de,3,8400
6,0.4838,de,de2fr,8,de,4,8400
6,0.4448,de,de2fr,8,de,5,8400
6,0.3635,de,de2fr,8,de,6,8400
6,0.665,de,de2fr,8,fr,1,8400
6,0.6859,de,de2fr,8,fr,2,8400
6,0.7722,de,de2fr,8,fr,4,8400
6,0.6096,de,de2fr,8,fr,5,8400
6,0.6936,de,de2fr,8,fr,6,8400
6,0.6799,de,de2fr,8,fr,7,8400
7,0.5055,de,de2fr,1,de,1,8400
7,0.4936,de,de2fr,1,de,2,8400
7,0.5386,de,de2fr,1,de,3,8400
7,0.5983,de,de2fr,1,de,4,8400
7,0.5648,de,de2fr,1,de,5,8400
7,0.4652,de,de2fr,1,de,6,8400
7,0.7238,de,de2fr,1,fr,1,8400
7,0.8098,de,de2fr,1,fr,2,8400
7,0.7801,de,de2fr,1,fr,4,8400
7,0.7561,de,de2fr,1,fr,5,8400
7,0.7539,de,de2fr,1,fr,6,8400
7,0.8012,de,de2fr,1,fr,7,8400
7,0.5625,de,de2fr,2,de,1,8400
7,0.5102,de,de2fr,2,de,2,8400
7,0.5802,de,de2fr,2,de,3,8400
7,0.6409,de,de2fr,2,de,4,8400
7,0.6133,de,de2fr,2,de,5,8400
7,0.5178,de,de2fr,2,de,6,8400
7,0.7014,de,de2fr,2,fr,1,8400
7,0.7872,de,de2fr,2,fr,2,8400
7,0.7872,de,de2fr,2,fr,4,8400
7,0.7285,de,de2fr,2,fr,5,8400
7,0.7407,de,de2fr,2,fr,6,8400
7,0.7848,de,de2fr,2,fr,7,8400
7,0.5274,de,de2fr,3,de,1,8400
7,0.5349,de,de2fr,3,de,2,8400
7,0.5814,de,de2fr,3,de,3,8400
7,0.6417,de,de2fr,3,de,4,8400
7,0.6126,de,de2fr,3,de,5,8400
7,0.5107,de,de2fr,3,de,6,8400
7,0.7568,de,de2fr,3,fr,1,8400
7,0.818,de,de2fr,3,fr,2,8400
7,0.7987,de,de2fr,3,fr,4,8400
7,0.7716,de,de2fr,3,fr,5,8400
7,0.76,de,de2fr,3,fr,6,8400
7,0.815,de,de2fr,3,fr,7,8400
7,0.5424,de,de2fr,4,de,1,8400
7,0.5253,de,de2fr,4,de,2,8400
7,0.5568,de,de2fr,4,de,3,8400
7,0.6198,de,de2fr,4,de,4,8400
7,0.5941,de,de2fr,4,de,5,8400
7,0.513,de,de2fr,4,de,6,8400
7,0.6881,de,de2fr,4,fr,1,8400
7,0.781,de,de2fr,4,fr,2,8400
7,0.75,de,de2fr,4,fr,4,8400
7,0.7523,de,de2fr,4,fr,5,8400
7,0.7764,de,de2fr,4,fr,6,8400
7,0.8063,de,de2fr,4,fr,7,8400
7,0.6214,de,de2fr,5,de,1,8400
7,0.5534,de,de2fr,5,de,2,8400
7,0.6163,de,de2fr,5,de,3,8400
7,0.6455,de,de2fr,5,de,4,8400
7,0.6567,de,de2fr,5,de,5,8400
7,0.5739,de,de2fr,5,de,6,8400
7,0.6862,de,de2fr,5,fr,1,8400
7,0.7823,de,de2fr,5,fr,2,8400
7,0.7581,de,de2fr,5,fr,4,8400
7,0.7572,de,de2fr,5,fr,5,8400
7,0.747,de,de2fr,5,fr,6,8400
7,0.7887,de,de2fr,5,fr,7,8400
7,0.6048,de,de2fr,6,de,1,8400
7,0.5412,de,de2fr,6,de,2,8400
7,0.5867,de,de2fr,6,de,3,8400
7,0.6355,de,de2fr,6,de,4,8400
7,0.6204,de,de2fr,6,de,5,8400
7,0.5451,de,de2fr,6,de,6,8400
7,0.6966,de,de2fr,6,fr,1,8400
7,0.7944,de,de2fr,6,fr,2,8400
7,0.7604,de,de2fr,6,fr,4,8400
7,0.7505,de,de2fr,6,fr,5,8400
7,0.7425,de,de2fr,6,fr,6,8400
7,0.7879,de,de2fr,6,fr,7,8400
7,0.4857,de,de2fr,7,de,1,8400
7,0.4872,de,de2fr,7,de,2,8400
7,0.5277,de,de2fr,7,de,3,8400
7,0.6125,de,de2fr,7,de,4,8400
7,0.5679,de,de2fr,7,de,5,8400
7,0.4562,de,de2fr,7,de,6,8400
7,0.7286,de,de2fr,7,fr,1,8400
7,0.8212,de,de2fr,7,fr,2,8400
7,0.8295,de,de2fr,7,fr,4,8400
7,0.7665,de,de2fr,7,fr,5,8400
7,0.7677,de,de2fr,7,fr,6,8400
7,0.8221,de,de2fr,7,fr,7,8400
7,0.4675,de,de2fr,8,de,1,8400
7,0.4579,de,de2fr,8,de,2,8400
7,0.5104,de,de2fr,8,de,3,8400
7,0.5916,de,de2fr,8,de,4,8400
7,0.567,de,de2fr,8,de,5,8400
7,0.4377,de,de2fr,8,de,6,8400
7,0.707,de,de2fr,8,fr,1,8400
7,0.7646,de,de2fr,8,fr,2,8400
7,0.8095,de,de2fr,8,fr,4,8400
7,0.7309,de,de2fr,8,fr,5,8400
7,0.7268,de,de2fr,8,fr,6,8400
7,0.7583,de,de2fr,8,fr,7,8400
8,0.6156,de,de2fr,1,de,1,8400
8,0.6079,de,de2fr,1,de,2,8400
8,0.6044,de,de2fr,1,de,3,8400
8,0.5831,de,de2fr,1,de,4,8400
8,0.5816,de,de2fr,1,de,5,8400
8,0.5773,de,de2fr,1,de,6,8400
8,0.8173,de,de2fr,1,fr,1,8400
8,0.8388,de,de2fr,1,fr,2,8400
8,0.8041,de,de2fr,1,fr,4,8400
8,0.8048,de,de2fr,1,fr,5,8400
8,0.8017,de,de2fr,1,fr,6,8400
8,0.8312,de,de2fr,1,fr,7,8400
8,0.6653,de,de2fr,2,de,1,8400
8,0.6397,de,de2fr,2,de,2,8400
8,0.6604,de,de2fr,2,de,3,8400
8,0.6256,de,de2fr,2,de,4,8400
8,0.6182,de,de2fr,2,de,5,8400
8,0.6676,de,de2fr,2,de,6,8400
8,0.7172,de,de2fr,2,fr,1,8400
8,0.7557,de,de2fr,2,fr,2,8400
8,0.7902,de,de2fr,2,fr,4,8400
8,0.6583,de,de2fr,2,fr,5,8400
8,0.7212,de,de2fr,2,fr,6,8400
8,0.7487,de,de2fr,2,fr,7,8400
8,0.6364,de,de2fr,3,de,1,8400
8,0.6421,de,de2fr,3,de,2,8400
8,0.6396,de,de2fr,3,de,3,8400
8,0.6269,de,de2fr,3,de,4,8400
8,0.62,de,de2fr,3,de,5,8400
8,0.5948,de,de2fr,3,de,6,8400
8,0.8156,de,de2fr,3,fr,1,8400
8,0.8334,de,de2fr,3,fr,2,8400
8,0.8234,de,de2fr,3,fr,4,8400
8,0.7577,de,de2fr,3,fr,5,8400
8,0.8089,de,de2fr,3,fr,6,8400
8,0.8319,de,de2fr,3,fr,7,8400
8,0.5318,de,de2fr,4,de,1,8400
8,0.5203,de,de2fr,4,de,2,8400
8,0.5041,de,de2fr,4,de,3,8400
8,0.4926,de,de2fr,4,de,4,8400
8,0.5029,de,de2fr,4,de,5,8400
8,0.4415,de,de2fr,4,de,6,8400
8,0.759,de,de2fr,4,fr,1,8400
8,0.7827,de,de2fr,4,fr,2,8400
8,0.7488,de,de2fr,4,fr,4,8400
8,0.7896,de,de2fr,4,fr,5,8400
8,0.7819,de,de2fr,4,fr,6,8400
8,0.8228,de,de2fr,4,fr,7,8400
8,0.6765,de,de2fr,5,de,1,8400
8,0.6537,de,de2fr,5,de,2,8400
8,0.656,de,de2fr,5,de,3,8400
8,0.6284,de,de2fr,5,de,4,8400
8,0.6296,de,de2fr,5,de,5,8400
8,0.6461,de,de2fr,5,de,6,8400
8,0.7562,de,de2fr,5,fr,1,8400
8,0.7976,de,de2fr,5,fr,2,8400
8,0.8159,de,de2fr,5,fr,4,8400
8,0.7174,de,de2fr,5,fr,5,8400
8,0.7649,de,de2fr,5,fr,6,8400
8,0.7949,de,de2fr,5,fr,7,8400
8,0.651,de,de2fr,6,de,1,8400
8,0.6272,de,de2fr,6,de,2,8400
8,0.6401,de,de2fr,6,de,3,8400
8,0.6112,de,de2fr,6,de,4,8400
8,0.5947,de,de2fr,6,de,5,8400
8,0.6077,de,de2fr,6,de,6,8400
8,0.7943,de,de2fr,6,fr,1,8400
8,0.8037,de,de2fr,6,fr,2,8400
8,0.8167,de,de2fr,6,fr,4,8400
8,0.7259,de,de2fr,6,fr,5,8400
8,0.7891,de,de2fr,6,fr,6,8400
8,0.826,de,de2fr,6,fr,7,8400
8,0.6617,de,de2fr,7,de,1,8400
8,0.6264,de,de2fr,7,de,2,8400
8,0.6365,de,de2fr,7,de,3,8400
8,0.6109,de,de2fr,7,de,4,8400
8,0.6095,de,de2fr,7,de,5,8400
8,0.6221,de,de2fr,7,de,6,8400
8,0.7823,de,de2fr,7,fr,1,8400
8,0.8121,de,de2fr,7,fr,2,8400
8,0.8393,de,de2fr,7,fr,4,8400
8,0.7163,de,de2fr,7,fr,5,8400
8,0.7909,de,de2fr,7,fr,6,8400
8,0.8176,de,de2fr,7,fr,7,8400
8,0.5854,de,de2fr,8,de,1,8400
8,0.588,de,de2fr,8,de,2,8400
8,0.583,de,de2fr,8,de,3,8400
8,0.5733,de,de2fr,8,de,4,8400
8,0.5827,de,de2fr,8,de,5,8400
8,0.5383,de,de2fr,8,de,6,8400
8,0.7749,de,de2fr,8,fr,1,8400
8,0.8097,de,de2fr,8,fr,2,8400
8,0.8235,de,de2fr,8,fr,4,8400
8,0.7642,de,de2fr,8,fr,5,8400
8,0.7723,de,de2fr,8,fr,6,8400
8,0.7972,de,de2fr,8,fr,7,8400
9,0.6608,de,de2fr,1,de,1,8400
9,0.6408,de,de2fr,1,de,2,8400
9,0.6298,de,de2fr,1,de,3,8400
9,0.6359,de,de2fr,1,de,4,8400
9,0.636,de,de2fr,1,de,5,8400
9,0.6261,de,de2fr,1,de,6,8400
9,0.8031,de,de2fr,1,fr,1,8400
9,0.8295,de,de2fr,1,fr,2,8400
9,0.8307,de,de2fr,1,fr,4,8400
9,0.8018,de,de2fr,1,fr,5,8400
9,0.8205,de,de2fr,1,fr,6,8400
9,0.8507,de,de2fr,1,fr,7,8400
9,0.6717,de,de2fr,2,de,1,8400
9,0.6491,de,de2fr,2,de,2,8400
9,0.6278,de,de2fr,2,de,3,8400
9,0.6266,de,de2fr,2,de,4,8400
9,0.6387,de,de2fr,2,de,5,8400
9,0.6431,de,de2fr,2,de,6,8400
9,0.7941,de,de2fr,2,fr,1,8400
9,0.8078,de,de2fr,2,fr,2,8400
9,0.8132,de,de2fr,2,fr,4,8400
9,0.7406,de,de2fr,2,fr,5,8400
9,0.7986,de,de2fr,2,fr,6,8400
9,0.8418,de,de2fr,2,fr,7,8400
9,0.6557,de,de2fr,3,de,1,8400
9,0.6337,de,de2fr,3,de,2,8400
9,0.6349,de,de2fr,3,de,3,8400
9,0.6283,de,de2fr,3,de,4,8400
9,0.6344,de,de2fr,3,de,5,8400
9,0.6145,de,de2fr,3,de,6,8400
9,0.8407,de,de2fr,3,fr,1,8400
9,0.8059,de,de2fr,3,fr,2,8400
9,0.8296,de,de2fr,3,fr,4,8400
9,0.7886,de,de2fr,3,fr,5,8400
9,0.8563,de,de2fr,3,fr,6,8400
9,0.8585,de,de2fr,3,fr,7,8400
9,0.6132,de,de2fr,4,de,1,8400
9,0.5697,de,de2fr,4,de,2,8400
9,0.5778,de,de2fr,4,de,3,8400
9,0.5638,de,de2fr,4,de,4,8400
9,0.5808,de,de2fr,4,de,5,8400
9,0.529,de,de2fr,4,de,6,8400
9,0.8009,de,de2fr,4,fr,1,8400
9,0.7685,de,de2fr,4,fr,2,8400
9,0.7768,de,de2fr,4,fr,4,8400
9,0.8077,de,de2fr,4,fr,5,8400
9,0.8227,de,de2fr,4,fr,6,8400
9,0.817,de,de2fr,4,fr,7,8400
9,0.6884,de,de2fr,5,de,1,8400
9,0.6546,de,de2fr,5,de,2,8400
9,0.6321,de,de2fr,5,de,3,8400
9,0.6369,de,de2fr,5,de,4,8400
9,0.6565,de,de2fr,5,de,5,8400
9,0.6348,de,de2fr,5,de,6,8400
9,0.7854,de,de2fr,5,fr,1,8400
9,0.8138,de,de2fr,5,fr,2,8400
9,0.8264,de,de2fr,5,fr,4,8400
9,0.7663,de,de2fr,5,fr,5,8400
9,0.8052,de,de2fr,5,fr,6,8400
9,0.8405,de,de2fr,5,fr,7,8400
9,0.6106,de,de2fr,6,de,1,8400
9,0.594,de,de2fr,6,de,2,8400
9,0.5907,de,de2fr,6,de,3,8400
9,0.5805,de,de2fr,6,de,4,8400
9,0.5842,de,de2fr,6,de,5,8400
9,0.5541,de,de2fr,6,de,6,8400
9,0.8279,de,de2fr,6,fr,1,8400
9,0.7981,de,de2fr,6,fr,2,8400
9,0.8166,de,de2fr,6,fr,4,8400
9,0.7464,de,de2fr,6,fr,5,8400
9,0.8268,de,de2fr,6,fr,6,8400
9,0.8212,de,de2fr,6,fr,7,8400
9,0.668,de,de2fr,7,de,1,8400
9,0.6592,de,de2fr,7,de,2,8400
9,0.6339,de,de2fr,7,de,3,8400
9,0.6307,de,de2fr,7,de,4,8400
9,0.6399,de,de2fr,7,de,5,8400
9,0.6463,de,de2fr,7,de,6,8400
9,0.825,de,de2fr,7,fr,1,8400
9,0.8172,de,de2fr,7,fr,2,8400
9,0.8226,de,de2fr,7,fr,4,8400
9,0.7773,de,de2fr,7,fr,5,8400
9,0.8369,de,de2fr,7,fr,6,8400
9,0.8536,de,de2fr,7,fr,7,8400
9,0.5461,de,de2fr,8,de,1,8400
9,0.5147,de,de2fr,8,de,2,8400
9,0.5194,de,de2fr,8,de,3,8400
9,0.5212,de,de2fr,8,de,4,8400
9,0.5226,de,de2fr,8,de,5,8400
9,0.473,de,de2fr,8,de,6,8400
9,0.74,de,de2fr,8,fr,1,8400
9,0.7304,de,de2fr,8,fr,2,8400
9,0.7926,de,de2fr,8,fr,4,8400
9,0.7387,de,de2fr,8,fr,5,8400
9,0.7688,de,de2fr,8,fr,6,8400
9,0.7572,de,de2fr,8,fr,7,8400
10,0.6329,de,de2fr,1,de,1,8400
10,0.5953,de,de2fr,1,de,2,8400
10,0.6407,de,de2fr,1,de,3,8400
10,0.6192,de,de2fr,1,de,4,8400
10,0.6097,de,de2fr,1,de,5,8400
10,0.6125,de,de2fr,1,de,6,8400
10,0.8369,de,de2fr,1,fr,1,8400
10,0.8347,de,de2fr,1,fr,2,8400
10,0.8294,de,de2fr,1,fr,4,8400
10,0.835,de,de2fr,1,fr,5,8400
10,0.8239,de,de2fr,1,fr,6,8400
10,0.8572,de,de2fr,1,fr,7,8400
10,0.5392,de,de2fr,2,de,1,8400
10,0.4876,de,de2fr,2,de,2,8400
10,0.5917,de,de2fr,2,de,3,8400
10,0.5721,de,de2fr,2,de,4,8400
10,0.5121,de,de2fr,2,de,5,8400
10,0.5139,de,de2fr,2,de,6,8400
10,0.8312,de,de2fr,2,fr,1,8400
10,0.8086,de,de2fr,2,fr,2,8400
10,0.8279,de,de2fr,2,fr,4,8400
10,0.7866,de,de2fr,2,fr,5,8400
10,0.8365,de,de2fr,2,fr,6,8400
10,0.8249,de,de2fr,2,fr,7,8400
10,0.5927,de,de2fr,3,de,1,8400
10,0.5252,de,de2fr,3,de,2,8400
10,0.6391,de,de2fr,3,de,3,8400
10,0.6184,de,de2fr,3,de,4,8400
10,0.5594,de,de2fr,3,de,5,8400
10,0.5615,de,de2fr,3,de,6,8400
10,0.8413,de,de2fr,3,fr,1,8400
10,0.8026,de,de2fr,3,fr,2,8400
10,0.8245,de,de2fr,3,fr,4,8400
10,0.8059,de,de2fr,3,fr,5,8400
10,0.8577,de,de2fr,3,fr,6,8400
10,0.8479,de,de2fr,3,fr,7,8400
10,0.6292,de,de2fr,4,de,1,8400
10,0.5707,de,de2fr,4,de,2,8400
10,0.6439,de,de2fr,4,de,3,8400
10,0.6155,de,de2fr,4,de,4,8400
10,0.6004,de,de2fr,4,de,5,8400
10,0.5873,de,de2fr,4,de,6,8400
10,0.8284,de,de2fr,4,fr,1,8400
10,0.8085,de,de2fr,4,fr,2,8400
10,0.8224,de,de2fr,4,fr,4,8400
10,0.8233,de,de2fr,4,fr,5,8400
10,0.8358,de,de2fr,4,fr,6,8400
10,0.8495,de,de2fr,4,fr,7,8400
10,0.5821,de,de2fr,5,de,1,8400
10,0.5177,de,de2fr,5,de,2,8400
10,0.6255,de,de2fr,5,de,3,8400
10,0.5995,de,de2fr,5,de,4,8400
10,0.5575,de,de2fr,5,de,5,8400
10,0.5434,de,de2fr,5,de,6,8400
10,0.846,de,de2fr,5,fr,1,8400
10,0.8163,de,de2fr,5,fr,2,8400
10,0.8432,de,de2fr,5,fr,4,8400
10,0.8145,de,de2fr,5,fr,5,8400
10,0.8626,de,de2fr,5,fr,6,8400
10,0.85,de,de2fr,5,fr,7,8400
10,0.559,de,de2fr,6,de,1,8400
10,0.5127,de,de2fr,6,de,2,8400
10,0.6138,de,de2fr,6,de,3,8400
10,0.5846,de,de2fr,6,de,4,8400
10,0.5402,de,de2fr,6,de,5,8400
10,0.5222,de,de2fr,6,de,6,8400
10,0.8547,de,de2fr,6,fr,1,8400
10,0.8286,de,de2fr,6,fr,2,8400
10,0.8188,de,de2fr,6,fr,4,8400
10,0.8166,de,de2fr,6,fr,5,8400
10,0.8501,de,de2fr,6,fr,6,8400
10,0.8422,de,de2fr,6,fr,7,8400
10,0.5964,de,de2fr,7,de,1,8400
10,0.5517,de,de2fr,7,de,2,8400
10,0.6257,de,de2fr,7,de,3,8400
10,0.5999,de,de2fr,7,de,4,8400
10,0.5727,de,de2fr,7,de,5,8400
10,0.5756,de,de2fr,7,de,6,8400
10,0.8424,de,de2fr,7,fr,1,8400
10,0.8286,de,de2fr,7,fr,2,8400
10,0.819,de,de2fr,7,fr,4,8400
10,0.833,de,de2fr,7,fr,5,8400
10,0.8414,de,de2fr,7,fr,6,8400
10,0.8544,de,de2fr,7,fr,7,8400
10,0.5134,de,de2fr,8,de,1,8400
10,0.4368,de,de2fr,8,de,2,8400
10,0.5614,de,de2fr,8,de,3,8400
10,0.5696,de,de2fr,8,de,4,8400
10,0.473,de,de2fr,8,de,5,8400
10,0.4783,de,de2fr,8,de,6,8400
10,0.7779,de,de2fr,8,fr,1,8400
10,0.7593,de,de2fr,8,fr,2,8400
10,0.8364,de,de2fr,8,fr,4,8400
10,0.7361,de,de2fr,8,fr,5,8400
10,0.8203,de,de2fr,8,fr,6,8400
10,0.7911,de,de2fr,8,fr,7,8400
11,0.5334,de,de2fr,1,de,1,8400
11,0.5672,de,de2fr,1,de,2,8400
11,0.5746,de,de2fr,1,de,3,8400
11,0.5618,de,de2fr,1,de,4,8400
11,0.483,de,de2fr,1,de,5,8400
11,0.586,de,de2fr,1,de,6,8400
11,0.8174,de,de2fr,1,fr,1,8400
11,0.8239,de,de2fr,1,fr,2,8400
11,0.8239,de,de2fr,1,fr,4,8400
11,0.8292,de,de2fr,1,fr,5,8400
11,0.8402,de,de2fr,1,fr,6,8400
11,0.8272,de,de2fr,1,fr,7,8400
11,0.5134,de,de2fr,2,de,1,8400
11,0.5274,de,de2fr,2,de,2,8400
11,0.5591,de,de2fr,2,de,3,8400
11,0.5403,de,de2fr,2,de,4,8400
11,0.4576,de,de2fr,2,de,5,8400
11,0.5663,de,de2fr,2,de,6,8400
11,0.8232,de,de2fr,2,fr,1,8400
11,0.8319,de,de2fr,2,fr,2,8400
11,0.8287,de,de2fr,2,fr,4,8400
11,0.8222,de,de2fr,2,fr,5,8400
11,0.8397,de,de2fr,2,fr,6,8400
11,0.8309,de,de2fr,2,fr,7,8400
11,0.5422,de,de2fr,3,de,1,8400
11,0.5589,de,de2fr,3,de,2,8400
11,0.5726,de,de2fr,3,de,3,8400
11,0.5712,de,de2fr,3,de,4,8400
11,0.4777,de,de2fr,3,de,5,8400
11,0.5982,de,de2fr,3,de,6,8400
11,0.8207,de,de2fr,3,fr,1,8400
11,0.8108,de,de2fr,3,fr,2,8400
11,0.8287,de,de2fr,3,fr,4,8400
11,0.806,de,de2fr,3,fr,5,8400
11,0.8333,de,de2fr,3,fr,6,8400
11,0.8259,de,de2fr,3,fr,7,8400
11,0.5274,de,de2fr,4,de,1,8400
11,0.559,de,de2fr,4,de,2,8400
11,0.5661,de,de2fr,4,de,3,8400
11,0.5479,de,de2fr,4,de,4,8400
11,0.4696,de,de2fr,4,de,5,8400
11,0.5745,de,de2fr,4,de,6,8400
11,0.8096,de,de2fr,4,fr,1,8400
11,0.8186,de,de2fr,4,fr,2,8400
11,0.8392,de,de2fr,4,fr,4,8400
11,0.8026,de,de2fr,4,fr,5,8400
11,0.8336,de,de2fr,4,fr,6,8400
11,0.8309,de,de2fr,4,fr,7,8400
11,0.5295,de,de2fr,5,de,1,8400
11,0.5674,de,de2fr,5,de,2,8400
11,0.5812,de,de2fr,5,de,3,8400
11,0.5454,de,de2fr,5,de,4,8400
11,0.4793,de,de2fr,5,de,5,8400
11,0.5856,de,de2fr,5,de,6,8400
11,0.8086,de,de2fr,5,fr,1,8400
11,0.8383,de,de2fr,5,fr,2,8400
11,0.8389,de,de2fr,5,fr,4,8400
11,0.8172,de,de2fr,5,fr,5,8400
11,0.8369,de,de2fr,5,fr,6,8400
11,0.8335,de,de2fr,5,fr,7,8400
11,0.5129,de,de2fr,6,de,1,8400
11,0.5446,de,de2fr,6,de,2,8400
11,0.5541,de,de2fr,6,de,3,8400
11,0.5458,de,de2fr,6,de,4,8400
11,0.4605,de,de2fr,6,de,5,8400
11,0.5733,de,de2fr,6,de,6,8400
11,0.8358,de,de2fr,6,fr,1,8400
11,0.8296,de,de2fr,6,fr,2,8400
11,0.8534,de,de2fr,6,fr,4,8400
11,0.8243,de,de2fr,6,fr,5,8400
11,0.8477,de,de2fr,6,fr,6,8400
11,0.8365,de,de2fr,6,fr,7,8400
11,0.4974,de,de2fr,7,de,1,8400
11,0.5161,de,de2fr,7,de,2,8400
11,0.5383,de,de2fr,7,de,3,8400
11,0.5368,de,de2fr,7,de,4,8400
11,0.4327,de,de2fr,7,de,5,8400
11,0.5699,de,de2fr,7,de,6,8400
11,0.8569,de,de2fr,7,fr,1,8400
11,0.8178,de,de2fr,7,fr,2,8400
11,0.852,de,de2fr,7,fr,4,8400
11,0.8287,de,de2fr,7,fr,5,8400
11,0.8739,de,de2fr,7,fr,6,8400
11,0.8407,de,de2fr,7,fr,7,8400
11,0.4769,de,de2fr,8,de,1,8400
11,0.4957,de,de2fr,8,de,2,8400
11,0.5182,de,de2fr,8,de,3,8400
11,0.5386,de,de2fr,8,de,4,8400
11,0.4106,de,de2fr,8,de,5,8400
11,0.5736,de,de2fr,8,de,6,8400
11,0.836,de,de2fr,8,fr,1,8400
11,0.8015,de,de2fr,8,fr,2,8400
11,0.8427,de,de2fr,8,fr,4,8400
11,0.7991,de,de2fr,8,fr,5,8400
11,0.8502,de,de2fr,8,fr,6,8400
11,0.8147,de,de2fr,8,fr,7,8400
12,0.5568,de,de2fr,1,de,1,8400
12,0.5492,de,de2fr,1,de,2,8400
12,0.5945,de,de2fr,1,de,3,8400
12,0.5958,de,de2fr,1,de,4,8400
12,0.5331,de,de2fr,1,de,5,8400
12,0.5319,de,de2fr,1,de,6,8400
12,0.8238,de,de2fr,1,fr,1,8400
12,0.8302,de,de2fr,1,fr,2,8400
12,0.8245,de,de2fr,1,fr,4,8400
12,0.8288,de,de2fr,1,fr,5,8400
12,0.8058,de,de2fr,1,fr,6,8400
12,0.8352,de,de2fr,1,fr,7,8400
12,0.5368,de,de2fr,2,de,1,8400
12,0.5084,de,de2fr,2,de,2,8400
12,0.5695,de,de2fr,2,de,3,8400
12,0.5728,de,de2fr,2,de,4,8400
12,0.5072,de,de2fr,2,de,5,8400
12,0.5045,de,de2fr,2,de,6,8400
12,0.8521,de,de2fr,2,fr,1,8400
12,0.8351,de,de2fr,2,fr,2,8400
12,0.8419,de,de2fr,2,fr,4,8400
12,0.8261,de,de2fr,2,fr,5,8400
12,0.8159,de,de2fr,2,fr,6,8400
12,0.8314,de,de2fr,2,fr,7,8400
12,0.5634,de,de2fr,3,de,1,8400
12,0.548,de,de2fr,3,de,2,8400
12,0.5841,de,de2fr,3,de,3,8400
12,0.5934,de,de2fr,3,de,4,8400
12,0.536,de,de2fr,3,de,5,8400
12,0.5389,de,de2fr,3,de,6,8400
12,0.8368,de,de2fr,3,fr,1,8400
12,0.8387,de,de2fr,3,fr,2,8400
12,0.8396,de,de2fr,3,fr,4,8400
12,0.8254,de,de2fr,3,fr,5,8400
12,0.8145,de,de2fr,3,fr,6,8400
12,0.8399,de,de2fr,3,fr,7,8400
12,0.5484,de,de2fr,4,de,1,8400
12,0.5196,de,de2fr,4,de,2,8400
12,0.5636,de,de2fr,4,de,3,8400
12,0.5665,de,de2fr,4,de,4,8400
12,0.5255,de,de2fr,4,de,5,8400
12,0.5129,de,de2fr,4,de,6,8400
12,0.8354,de,de2fr,4,fr,1,8400
12,0.8314,de,de2fr,4,fr,2,8400
12,0.8529,de,de2fr,4,fr,4,8400
12,0.8309,de,de2fr,4,fr,5,8400
12,0.8354,de,de2fr,4,fr,6,8400
12,0.8497,de,de2fr,4,fr,7,8400
12,0.5369,de,de2fr,5,de,1,8400
12,0.513,de,de2fr,5,de,2,8400
12,0.5767,de,de2fr,5,de,3,8400
12,0.5709,de,de2fr,5,de,4,8400
12,0.5114,de,de2fr,5,de,5,8400
12,0.5076,de,de2fr,5,de,6,8400
12,0.8435,de,de2fr,5,fr,1,8400
12,0.8436,de,de2fr,5,fr,2,8400
12,0.8738,de,de2fr,5,fr,4,8400
12,0.8516,de,de2fr,5,fr,5,8400
12,0.8509,de,de2fr,5,fr,6,8400
12,0.8626,de,de2fr,5,fr,7,8400
12,0.5192,de,de2fr,6,de,1,8400
12,0.505,de,de2fr,6,de,2,8400
12,0.5628,de,de2fr,6,de,3,8400
12,0.5529,de,de2fr,6,de,4,8400
12,0.477,de,de2fr,6,de,5,8400
12,0.4882,de,de2fr,6,de,6,8400
12,0.846,de,de2fr,6,fr,1,8400
12,0.8289,de,de2fr,6,fr,2,8400
12,0.8414,de,de2fr,6,fr,4,8400
12,0.8259,de,de2fr,6,fr,5,8400
12,0.8075,de,de2fr,6,fr,6,8400
12,0.8323,de,de2fr,6,fr,7,8400
12,0.5195,de,de2fr,7,de,1,8400
12,0.4999,de,de2fr,7,de,2,8400
12,0.5641,de,de2fr,7,de,3,8400
12,0.5652,de,de2fr,7,de,4,8400
12,0.4961,de,de2fr,7,de,5,8400
12,0.4886,de,de2fr,7,de,6,8400
12,0.8452,de,de2fr,7,fr,1,8400
12,0.8216,de,de2fr,7,fr,2,8400
12,0.8583,de,de2fr,7,fr,4,8400
12,0.8339,de,de2fr,7,fr,5,8400
12,0.8241,de,de2fr,7,fr,6,8400
12,0.8382,de,de2fr,7,fr,7,8400
12,0.5232,de,de2fr,8,de,1,8400
12,0.4891,de,de2fr,8,de,2,8400
12,0.5458,de,de2fr,8,de,3,8400
12,0.5634,de,de2fr,8,de,4,8400
12,0.4981,de,de2fr,8,de,5,8400
12,0.4835,de,de2fr,8,de,6,8400
12,0.8248,de,de2fr,8,fr,1,8400
12,0.8186,de,de2fr,8,fr,2,8400
12,0.8534,de,de2fr,8,fr,4,8400
12,0.821,de,de2fr,8,fr,5,8400
12,0.8224,de,de2fr,8,fr,6,8400
12,0.8373,de,de2fr,8,fr,7,8400
0,0.976,en,de,1,de,2,0
1,0.9439,en,de,1,de,2,0
2,0.9051,en,de,1,de,2,0
3,0.9052,en,de,1,de,2,0
4,0.7637,en,de,1,de,2,0
5,0.7624,en,de,1,de,2,0
6,0.6914,en,de,1,de,2,0
7,0.7629,en,de,1,de,2,0
8,0.8245,en,de,1,de,2,0
9,0.852,en,de,1,de,2,0
10,0.8454,en,de,1,de,2,0
11,0.8523,en,de,1,de,2,0
12,0.8467,en,de,1,de,2,0
0,0.9894,en,de,1,de,3,0
1,0.9608,en,de,1,de,3,0
2,0.8866,en,de,1,de,3,0
3,0.8745,en,de,1,de,3,0
4,0.8209,en,de,1,de,3,0
5,0.8277,en,de,1,de,3,0
6,0.82,en,de,1,de,3,0
7,0.8334,en,de,1,de,3,0
8,0.8494,en,de,1,de,3,0
9,0.8545,en,de,1,de,3,0
10,0.8505,en,de,1,de,3,0
11,0.8557,en,de,1,de,3,0
12,0.8547,en,de,1,de,3,0
0,0.9884,en,de,1,de,4,0
1,0.95,en,de,1,de,4,0
2,0.8878,en,de,1,de,4,0
3,0.8954,en,de,1,de,4,0
4,0.8729,en,de,1,de,4,0
5,0.849,en,de,1,de,4,0
6,0.8359,en,de,1,de,4,0
7,0.8113,en,de,1,de,4,0
8,0.8286,en,de,1,de,4,0
9,0.8436,en,de,1,de,4,0
10,0.85,en,de,1,de,4,0
11,0.868,en,de,1,de,4,0
12,0.8365,en,de,1,de,4,0
0,0.9917,en,de,1,de,5,0
1,0.9472,en,de,1,de,5,0
2,0.9015,en,de,1,de,5,0
3,0.8896,en,de,1,de,5,0
4,0.8158,en,de,1,de,5,0
5,0.785,en,de,1,de,5,0
6,0.8044,en,de,1,de,5,0
7,0.8225,en,de,1,de,5,0
8,0.8336,en,de,1,de,5,0
9,0.8802,en,de,1,de,5,0
10,0.8811,en,de,1,de,5,0
11,0.8848,en,de,1,de,5,0
12,0.8746,en,de,1,de,5,0
0,0.9914,en,de,1,de,6,0
1,0.9528,en,de,1,de,6,0
2,0.9043,en,de,1,de,6,0
3,0.9071,en,de,1,de,6,0
4,0.8711,en,de,1,de,6,0
5,0.8494,en,de,1,de,6,0
6,0.8427,en,de,1,de,6,0
7,0.8233,en,de,1,de,6,0
8,0.8398,en,de,1,de,6,0
9,0.8661,en,de,1,de,6,0
10,0.8662,en,de,1,de,6,0
11,0.8699,en,de,1,de,6,0
12,0.8689,en,de,1,de,6,0
0,0.9886,en,de,1,en,1,0
1,0.9406,en,de,1,en,1,0
2,0.8879,en,de,1,en,1,0
3,0.8911,en,de,1,en,1,0
4,0.8192,en,de,1,en,1,0
5,0.8132,en,de,1,en,1,0
6,0.6913,en,de,1,en,1,0
7,0.6455,en,de,1,en,1,0
8,0.7235,en,de,1,en,1,0
9,0.7582,en,de,1,en,1,0
10,0.7094,en,de,1,en,1,0
11,0.6144,en,de,1,en,1,0
12,0.5294,en,de,1,en,1,0
0,0.9572,en,de,1,en,2,0
1,0.9072,en,de,1,en,2,0
2,0.881,en,de,1,en,2,0
3,0.884,en,de,1,en,2,0
4,0.8197,en,de,1,en,2,0
5,0.8169,en,de,1,en,2,0
6,0.7752,en,de,1,en,2,0
7,0.736,en,de,1,en,2,0
8,0.6922,en,de,1,en,2,0
9,0.7459,en,de,1,en,2,0
10,0.7278,en,de,1,en,2,0
11,0.6024,en,de,1,en,2,0
12,0.4896,en,de,1,en,2,0
0,0.9725,en,de,1,en,3,0
1,0.9264,en,de,1,en,3,0
2,0.8849,en,de,1,en,3,0
3,0.879,en,de,1,en,3,0
4,0.8289,en,de,1,en,3,0
5,0.7139,en,de,1,en,3,0
6,0.7696,en,de,1,en,3,0
7,0.6462,en,de,1,en,3,0
8,0.7019,en,de,1,en,3,0
9,0.7267,en,de,1,en,3,0
10,0.6527,en,de,1,en,3,0
11,0.5973,en,de,1,en,3,0
12,0.4955,en,de,1,en,3,0
0,0.9883,en,de,1,en,4,0
1,0.933,en,de,1,en,4,0
2,0.8963,en,de,1,en,4,0
3,0.8727,en,de,1,en,4,0
4,0.8071,en,de,1,en,4,0
5,0.7728,en,de,1,en,4,0
6,0.7517,en,de,1,en,4,0
7,0.6571,en,de,1,en,4,0
8,0.7181,en,de,1,en,4,0
9,0.7291,en,de,1,en,4,0
10,0.6969,en,de,1,en,4,0
11,0.5681,en,de,1,en,4,0
12,0.513,en,de,1,en,4,0
0,0.9743,en,de,1,en,5,0
1,0.9194,en,de,1,en,5,0
2,0.8963,en,de,1,en,5,0
3,0.8783,en,de,1,en,5,0
4,0.8008,en,de,1,en,5,0
5,0.8141,en,de,1,en,5,0
6,0.829,en,de,1,en,5,0
7,0.6653,en,de,1,en,5,0
8,0.7028,en,de,1,en,5,0
9,0.7276,en,de,1,en,5,0
10,0.7133,en,de,1,en,5,0
11,0.6277,en,de,1,en,5,0
12,0.3629,en,de,1,en,5,0
0,0.9764,en,de,2,de,3,0
1,0.9486,en,de,2,de,3,0
2,0.9004,en,de,2,de,3,0
3,0.8641,en,de,2,de,3,0
4,0.7717,en,de,2,de,3,0
5,0.7794,en,de,2,de,3,0
6,0.7409,en,de,2,de,3,0
7,0.804,en,de,2,de,3,0
8,0.8275,en,de,2,de,3,0
9,0.826,en,de,2,de,3,0
10,0.8202,en,de,2,de,3,0
11,0.8518,en,de,2,de,3,0
12,0.8622,en,de,2,de,3,0
0,0.9742,en,de,2,de,4,0
1,0.9351,en,de,2,de,4,0
2,0.8927,en,de,2,de,4,0
3,0.8809,en,de,2,de,4,0
4,0.7834,en,de,2,de,4,0
5,0.7645,en,de,2,de,4,0
6,0.6916,en,de,2,de,4,0
7,0.7648,en,de,2,de,4,0
8,0.814,en,de,2,de,4,0
9,0.8112,en,de,2,de,4,0
10,0.8063,en,de,2,de,4,0
11,0.8559,en,de,2,de,4,0
12,0.8366,en,de,2,de,4,0
0,0.9691,en,de,2,de,5,0
1,0.9415,en,de,2,de,5,0
2,0.9027,en,de,2,de,5,0
3,0.8821,en,de,2,de,5,0
4,0.781,en,de,2,de,5,0
5,0.7235,en,de,2,de,5,0
6,0.7436,en,de,2,de,5,0
7,0.7844,en,de,2,de,5,0
8,0.8063,en,de,2,de,5,0
9,0.8422,en,de,2,de,5,0
10,0.8466,en,de,2,de,5,0
11,0.8496,en,de,2,de,5,0
12,0.8376,en,de,2,de,5,0
0,0.9716,en,de,2,de,6,0
1,0.9364,en,de,2,de,6,0
2,0.9114,en,de,2,de,6,0
3,0.8836,en,de,2,de,6,0
4,0.7916,en,de,2,de,6,0
5,0.7643,en,de,2,de,6,0
6,0.7265,en,de,2,de,6,0
7,0.7891,en,de,2,de,6,0
8,0.8311,en,de,2,de,6,0
9,0.8431,en,de,2,de,6,0
10,0.8359,en,de,2,de,6,0
11,0.8491,en,de,2,de,6,0
12,0.8579,en,de,2,de,6,0
0,0.9733,en,de,2,en,1,0
1,0.9364,en,de,2,en,1,0
2,0.9037,en,de,2,en,1,0
3,0.8858,en,de,2,en,1,0
4,0.7453,en,de,2,en,1,0
5,0.7211,en,de,2,en,1,0
6,0.5191,en,de,2,en,1,0
7,0.5854,en,de,2,en,1,0
8,0.6991,en,de,2,en,1,0
9,0.737,en,de,2,en,1,0
10,0.6983,en,de,2,en,1,0
11,0.626,en,de,2,en,1,0
12,0.5554,en,de,2,en,1,0
0,0.942,en,de,2,en,2,0
1,0.9001,en,de,2,en,2,0
2,0.892,en,de,2,en,2,0
3,0.8757,en,de,2,en,2,0
4,0.7399,en,de,2,en,2,0
5,0.7204,en,de,2,en,2,0
6,0.5689,en,de,2,en,2,0
7,0.6115,en,de,2,en,2,0
8,0.6538,en,de,2,en,2,0
9,0.742,en,de,2,en,2,0
10,0.7228,en,de,2,en,2,0
11,0.6456,en,de,2,en,2,0
12,0.5284,en,de,2,en,2,0
0,0.9695,en,de,2,en,3,0
1,0.9186,en,de,2,en,3,0
2,0.8884,en,de,2,en,3,0
3,0.8684,en,de,2,en,3,0
4,0.7609,en,de,2,en,3,0
5,0.626,en,de,2,en,3,0
6,0.5658,en,de,2,en,3,0
7,0.5746,en,de,2,en,3,0
8,0.6936,en,de,2,en,3,0
9,0.729,en,de,2,en,3,0
10,0.661,en,de,2,en,3,0
11,0.6082,en,de,2,en,3,0
12,0.5172,en,de,2,en,3,0
0,0.9714,en,de,2,en,4,0
1,0.9301,en,de,2,en,4,0
2,0.9059,en,de,2,en,4,0
3,0.888,en,de,2,en,4,0
4,0.7328,en,de,2,en,4,0
5,0.6883,en,de,2,en,4,0
6,0.5571,en,de,2,en,4,0
7,0.5764,en,de,2,en,4,0
8,0.7038,en,de,2,en,4,0
9,0.7247,en,de,2,en,4,0
10,0.6995,en,de,2,en,4,0
11,0.5703,en,de,2,en,4,0
12,0.5238,en,de,2,en,4,0
0,0.9722,en,de,2,en,5,0
1,0.9197,en,de,2,en,5,0
2,0.8931,en,de,2,en,5,0
3,0.8769,en,de,2,en,5,0
4,0.7295,en,de,2,en,5,0
5,0.7166,en,de,2,en,5,0
6,0.5915,en,de,2,en,5,0
7,0.543,en,de,2,en,5,0
8,0.6923,en,de,2,en,5,0
9,0.7397,en,de,2,en,5,0
10,0.7042,en,de,2,en,5,0
11,0.6554,en,de,2,en,5,0
12,0.417,en,de,2,en,5,0
0,0.9866,en,de,3,de,4,0
1,0.961,en,de,3,de,4,0
2,0.9263,en,de,3,de,4,0
3,0.8674,en,de,3,de,4,0
4,0.8772,en,de,3,de,4,0
5,0.8567,en,de,3,de,4,0
6,0.8662,en,de,3,de,4,0
7,0.8604,en,de,3,de,4,0
8,0.8713,en,de,3,de,4,0
9,0.8494,en,de,3,de,4,0
10,0.8557,en,de,3,de,4,0
11,0.8618,en,de,3,de,4,0
12,0.8449,en,de,3,de,4,0
0,0.9844,en,de,3,de,5,0
1,0.9521,en,de,3,de,5,0
2,0.9169,en,de,3,de,5,0
3,0.8842,en,de,3,de,5,0
4,0.874,en,de,3,de,5,0
5,0.8318,en,de,3,de,5,0
6,0.8501,en,de,3,de,5,0
7,0.8498,en,de,3,de,5,0
8,0.8538,en,de,3,de,5,0
9,0.8592,en,de,3,de,5,0
10,0.857,en,de,3,de,5,0
11,0.8648,en,de,3,de,5,0
12,0.8481,en,de,3,de,5,0
0,0.9841,en,de,3,de,6,0
1,0.9554,en,de,3,de,6,0
2,0.9108,en,de,3,de,6,0
3,0.8911,en,de,3,de,6,0
4,0.8611,en,de,3,de,6,0
5,0.8481,en,de,3,de,6,0
6,0.8336,en,de,3,de,6,0
7,0.828,en,de,3,de,6,0
8,0.8569,en,de,3,de,6,0
9,0.8396,en,de,3,de,6,0
10,0.8457,en,de,3,de,6,0
11,0.8614,en,de,3,de,6,0
12,0.8773,en,de,3,de,6,0
0,0.9826,en,de,3,en,1,0
1,0.9422,en,de,3,en,1,0
2,0.8893,en,de,3,en,1,0
3,0.868,en,de,3,en,1,0
4,0.8129,en,de,3,en,1,0
5,0.8125,en,de,3,en,1,0
6,0.6554,en,de,3,en,1,0
7,0.6758,en,de,3,en,1,0
8,0.7349,en,de,3,en,1,0
9,0.7373,en,de,3,en,1,0
10,0.6869,en,de,3,en,1,0
11,0.5847,en,de,3,en,1,0
12,0.5414,en,de,3,en,1,0
0,0.9436,en,de,3,en,2,0
1,0.9141,en,de,3,en,2,0
2,0.8684,en,de,3,en,2,0
3,0.8763,en,de,3,en,2,0
4,0.7728,en,de,3,en,2,0
5,0.7786,en,de,3,en,2,0
6,0.6796,en,de,3,en,2,0
7,0.6746,en,de,3,en,2,0
8,0.7029,en,de,3,en,2,0
9,0.7262,en,de,3,en,2,0
10,0.711,en,de,3,en,2,0
11,0.6167,en,de,3,en,2,0
12,0.5208,en,de,3,en,2,0
0,0.9658,en,de,3,en,3,0
1,0.9234,en,de,3,en,3,0
2,0.8649,en,de,3,en,3,0
3,0.8428,en,de,3,en,3,0
4,0.8049,en,de,3,en,3,0
5,0.6549,en,de,3,en,3,0
6,0.6788,en,de,3,en,3,0
7,0.627,en,de,3,en,3,0
8,0.7004,en,de,3,en,3,0
9,0.6967,en,de,3,en,3,0
10,0.6513,en,de,3,en,3,0
11,0.5905,en,de,3,en,3,0
12,0.51,en,de,3,en,3,0
0,0.9834,en,de,3,en,4,0
1,0.938,en,de,3,en,4,0
2,0.895,en,de,3,en,4,0
3,0.8673,en,de,3,en,4,0
4,0.7959,en,de,3,en,4,0
5,0.7664,en,de,3,en,4,0
6,0.6898,en,de,3,en,4,0
7,0.6402,en,de,3,en,4,0
8,0.7178,en,de,3,en,4,0
9,0.689,en,de,3,en,4,0
10,0.6544,en,de,3,en,4,0
11,0.534,en,de,3,en,4,0
12,0.5243,en,de,3,en,4,0
0,0.9709,en,de,3,en,5,0
1,0.9251,en,de,3,en,5,0
2,0.8628,en,de,3,en,5,0
3,0.8565,en,de,3,en,5,0
4,0.7569,en,de,3,en,5,0
5,0.7803,en,de,3,en,5,0
6,0.7235,en,de,3,en,5,0
7,0.6113,en,de,3,en,5,0
8,0.6902,en,de,3,en,5,0
9,0.6895,en,de,3,en,5,0
10,0.6961,en,de,3,en,5,0
11,0.6346,en,de,3,en,5,0
12,0.3887,en,de,3,en,5,0
0,0.9867,en,de,4,de,5,0
1,0.9542,en,de,4,de,5,0
2,0.9189,en,de,4,de,5,0
3,0.9009,en,de,4,de,5,0
4,0.8722,en,de,4,de,5,0
5,0.8167,en,de,4,de,5,0
6,0.839,en,de,4,de,5,0
7,0.8461,en,de,4,de,5,0
8,0.8516,en,de,4,de,5,0
9,0.8463,en,de,4,de,5,0
10,0.8457,en,de,4,de,5,0
11,0.8729,en,de,4,de,5,0
12,0.8509,en,de,4,de,5,0
0,0.9889,en,de,4,de,6,0
1,0.9519,en,de,4,de,6,0
2,0.9028,en,de,4,de,6,0
3,0.8885,en,de,4,de,6,0
4,0.8804,en,de,4,de,6,0
5,0.852,en,de,4,de,6,0
6,0.8292,en,de,4,de,6,0
7,0.8178,en,de,4,de,6,0
8,0.8392,en,de,4,de,6,0
9,0.8109,en,de,4,de,6,0
10,0.8561,en,de,4,de,6,0
11,0.8704,en,de,4,de,6,0
12,0.8501,en,de,4,de,6,0
0,0.9852,en,de,4,en,1,0
1,0.9361,en,de,4,en,1,0
2,0.8953,en,de,4,en,1,0
3,0.8864,en,de,4,en,1,0
4,0.8518,en,de,4,en,1,0
5,0.7733,en,de,4,en,1,0
6,0.6661,en,de,4,en,1,0
7,0.6827,en,de,4,en,1,0
8,0.7209,en,de,4,en,1,0
9,0.7156,en,de,4,en,1,0
10,0.7071,en,de,4,en,1,0
11,0.6151,en,de,4,en,1,0
12,0.5509,en,de,4,en,1,0
0,0.9538,en,de,4,en,2,0
1,0.9178,en,de,4,en,2,0
2,0.8778,en,de,4,en,2,0
3,0.8544,en,de,4,en,2,0
4,0.8157,en,de,4,en,2,0
5,0.7722,en,de,4,en,2,0
6,0.6809,en,de,4,en,2,0
7,0.6786,en,de,4,en,2,0
8,0.6665,en,de,4,en,2,0
9,0.6785,en,de,4,en,2,0
10,0.6957,en,de,4,en,2,0
11,0.6282,en,de,4,en,2,0
12,0.5318,en,de,4,en,2,0
0,0.9686,en,de,4,en,3,0
1,0.9178,en,de,4,en,3,0
2,0.8741,en,de,4,en,3,0
3,0.8601,en,de,4,en,3,0
4,0.8485,en,de,4,en,3,0
5,0.6619,en,de,4,en,3,0
6,0.6916,en,de,4,en,3,0
7,0.6497,en,de,4,en,3,0
8,0.685,en,de,4,en,3,0
9,0.6805,en,de,4,en,3,0
10,0.6574,en,de,4,en,3,0
11,0.6177,en,de,4,en,3,0
12,0.5085,en,de,4,en,3,0
0,0.9841,en,de,4,en,4,0
1,0.9356,en,de,4,en,4,0
2,0.9048,en,de,4,en,4,0
3,0.8595,en,de,4,en,4,0
4,0.8267,en,de,4,en,4,0
5,0.7268,en,de,4,en,4,0
6,0.6889,en,de,4,en,4,0
7,0.6491,en,de,4,en,4,0
8,0.6771,en,de,4,en,4,0
9,0.652,en,de,4,en,4,0
10,0.6625,en,de,4,en,4,0
11,0.5565,en,de,4,en,4,0
12,0.5306,en,de,4,en,4,0
0,0.9723,en,de,4,en,5,0
1,0.9235,en,de,4,en,5,0
2,0.8716,en,de,4,en,5,0
3,0.8455,en,de,4,en,5,0
4,0.7927,en,de,4,en,5,0
5,0.7536,en,de,4,en,5,0
6,0.7269,en,de,4,en,5,0
7,0.6453,en,de,4,en,5,0
8,0.6864,en,de,4,en,5,0
9,0.6923,en,de,4,en,5,0
10,0.7148,en,de,4,en,5,0
11,0.6633,en,de,4,en,5,0
12,0.402,en,de,4,en,5,0
0,0.992,en,de,5,de,6,0
1,0.9556,en,de,5,de,6,0
2,0.9207,en,de,5,de,6,0
3,0.8975,en,de,5,de,6,0
4,0.849,en,de,5,de,6,0
5,0.8024,en,de,5,de,6,0
6,0.8099,en,de,5,de,6,0
7,0.8222,en,de,5,de,6,0
8,0.825,en,de,5,de,6,0
9,0.8543,en,de,5,de,6,0
10,0.8572,en,de,5,de,6,0
11,0.869,en,de,5,de,6,0
12,0.8737,en,de,5,de,6,0
0,0.9915,en,de,5,en,1,0
1,0.9324,en,de,5,en,1,0
2,0.8944,en,de,5,en,1,0
3,0.887,en,de,5,en,1,0
4,0.8127,en,de,5,en,1,0
5,0.711,en,de,5,en,1,0
6,0.6166,en,de,5,en,1,0
7,0.6716,en,de,5,en,1,0
8,0.681,en,de,5,en,1,0
9,0.7499,en,de,5,en,1,0
10,0.7088,en,de,5,en,1,0
11,0.6175,en,de,5,en,1,0
12,0.5363,en,de,5,en,1,0
0,0.969,en,de,5,en,2,0
1,0.9216,en,de,5,en,2,0
2,0.8827,en,de,5,en,2,0
3,0.8712,en,de,5,en,2,0
4,0.7681,en,de,5,en,2,0
5,0.6963,en,de,5,en,2,0
6,0.6523,en,de,5,en,2,0
7,0.6972,en,de,5,en,2,0
8,0.6344,en,de,5,en,2,0
9,0.736,en,de,5,en,2,0
10,0.737,en,de,5,en,2,0
11,0.6323,en,de,5,en,2,0
12,0.4956,en,de,5,en,2,0
0,0.9768,en,de,5,en,3,0
1,0.9236,en,de,5,en,3,0
2,0.8826,en,de,5,en,3,0
3,0.8621,en,de,5,en,3,0
4,0.808,en,de,5,en,3,0
5,0.604,en,de,5,en,3,0
6,0.6484,en,de,5,en,3,0
7,0.6582,en,de,5,en,3,0
8,0.647,en,de,5,en,3,0
9,0.7145,en,de,5,en,3,0
10,0.6645,en,de,5,en,3,0
11,0.6029,en,de,5,en,3,0
12,0.4966,en,de,5,en,3,0
0,0.9876,en,de,5,en,4,0
1,0.9326,en,de,5,en,4,0
2,0.9071,en,de,5,en,4,0
3,0.8735,en,de,5,en,4,0
4,0.7864,en,de,5,en,4,0
5,0.6891,en,de,5,en,4,0
6,0.6575,en,de,5,en,4,0
7,0.6581,en,de,5,en,4,0
8,0.6581,en,de,5,en,4,0
9,0.7127,en,de,5,en,4,0
10,0.7047,en,de,5,en,4,0
11,0.5692,en,de,5,en,4,0
12,0.5082,en,de,5,en,4,0
0,0.9772,en,de,5,en,5,0
1,0.9233,en,de,5,en,5,0
2,0.879,en,de,5,en,5,0
3,0.8656,en,de,5,en,5,0
4,0.7541,en,de,5,en,5,0
5,0.6974,en,de,5,en,5,0
6,0.6903,en,de,5,en,5,0
7,0.6471,en,de,5,en,5,0
8,0.659,en,de,5,en,5,0
9,0.7224,en,de,5,en,5,0
10,0.7179,en,de,5,en,5,0
11,0.643,en,de,5,en,5,0
12,0.3673,en,de,5,en,5,0
0,0.9909,en,de,6,en,1,0
1,0.9381,en,de,6,en,1,0
2,0.9015,en,de,6,en,1,0
3,0.8924,en,de,6,en,1,0
4,0.829,en,de,6,en,1,0
5,0.7832,en,de,6,en,1,0
6,0.6432,en,de,6,en,1,0
7,0.617,en,de,6,en,1,0
8,0.7069,en,de,6,en,1,0
9,0.7489,en,de,6,en,1,0
10,0.7034,en,de,6,en,1,0
11,0.6033,en,de,6,en,1,0
12,0.5482,en,de,6,en,1,0
0,0.9668,en,de,6,en,2,0
1,0.9336,en,de,6,en,2,0
2,0.8951,en,de,6,en,2,0
3,0.9007,en,de,6,en,2,0
4,0.8263,en,de,6,en,2,0
5,0.7847,en,de,6,en,2,0
6,0.692,en,de,6,en,2,0
7,0.6738,en,de,6,en,2,0
8,0.6876,en,de,6,en,2,0
9,0.7468,en,de,6,en,2,0
10,0.7067,en,de,6,en,2,0
11,0.601,en,de,6,en,2,0
12,0.5071,en,de,6,en,2,0
0,0.9747,en,de,6,en,3,0
1,0.9367,en,de,6,en,3,0
2,0.8924,en,de,6,en,3,0
3,0.8828,en,de,6,en,3,0
4,0.8522,en,de,6,en,3,0
5,0.675,en,de,6,en,3,0
6,0.6917,en,de,6,en,3,0
7,0.6133,en,de,6,en,3,0
8,0.6934,en,de,6,en,3,0
9,0.7374,en,de,6,en,3,0
10,0.6679,en,de,6,en,3,0
11,0.5982,en,de,6,en,3,0
12,0.5049,en,de,6,en,3,0
0,0.9832,en,de,6,en,4,0
1,0.9404,en,de,6,en,4,0
2,0.8938,en,de,6,en,4,0
3,0.8913,en,de,6,en,4,0
4,0.8171,en,de,6,en,4,0
5,0.7458,en,de,6,en,4,0
6,0.6923,en,de,6,en,4,0
7,0.6118,en,de,6,en,4,0
8,0.7023,en,de,6,en,4,0
9,0.7283,en,de,6,en,4,0
10,0.6731,en,de,6,en,4,0
11,0.5332,en,de,6,en,4,0
12,0.5222,en,de,6,en,4,0
0,0.9759,en,de,6,en,5,0
1,0.9335,en,de,6,en,5,0
2,0.8863,en,de,6,en,5,0
3,0.886,en,de,6,en,5,0
4,0.8008,en,de,6,en,5,0
5,0.7797,en,de,6,en,5,0
6,0.7288,en,de,6,en,5,0
7,0.6046,en,de,6,en,5,0
8,0.7001,en,de,6,en,5,0
9,0.7489,en,de,6,en,5,0
10,0.7102,en,de,6,en,5,0
11,0.6218,en,de,6,en,5,0
12,0.3812,en,de,6,en,5,0
0,0.9917,en,en2de,1,de,1,3360
0,0.9795,en,en2de,1,de,2,3360
0,0.9873,en,en2de,1,de,3,3360
0,0.9839,en,en2de,1,de,4,3360
0,0.9897,en,en2de,1,de,5,3360
0,0.9894,en,en2de,1,de,6,3360
0,0.9878,en,en2de,1,en,1,3360
0,0.9653,en,en2de,1,en,2,3360
0,0.9779,en,en2de,1,en,3,3360
0,0.9855,en,en2de,1,en,4,3360
0,0.9796,en,en2de,1,en,5,3360
0,0.9855,en,en2de,2,de,1,3360
0,0.9602,en,en2de,2,de,2,3360
0,0.983,en,en2de,2,de,3,3360
0,0.9879,en,en2de,2,de,4,3360
0,0.9848,en,en2de,2,de,5,3360
0,0.987,en,en2de,2,de,6,3360
0,0.9824,en,en2de,2,en,1,3360
0,0.9477,en,en2de,2,en,2,3360
0,0.958,en,en2de,2,en,3,3360
0,0.9794,en,en2de,2,en,4,3360
0,0.9615,en,en2de,2,en,5,3360
0,0.9893,en,en2de,3,de,1,3360
0,0.9699,en,en2de,3,de,2,3360
0,0.9817,en,en2de,3,de,3,3360
0,0.9829,en,en2de,3,de,4,3360
0,0.9901,en,en2de,3,de,5,3360
0,0.9909,en,en2de,3,de,6,3360
0,0.989,en,en2de,3,en,1,3360
0,0.9743,en,en2de,3,en,2,3360
0,0.9815,en,en2de,3,en,3,3360
0,0.983,en,en2de,3,en,4,3360
0,0.9791,en,en2de,3,en,5,3360
1,0.9479,en,en2de,1,de,1,3360
1,0.9362,en,en2de,1,de,2,3360
1,0.9471,en,en2de,1,de,3,3360
1,0.9471,en,en2de,1,de,4,3360
1,0.9526,en,en2de,1,de,5,3360
1,0.9514,en,en2de,1,de,6,3360
1,0.9332,en,en2de,1,en,1,3360
1,0.9198,en,en2de,1,en,2,3360
1,0.9265,en,en2de,1,en,3,3360
1,0.9318,en,en2de,1,en,4,3360
1,0.9183,en,en2de,1,en,5,3360
1,0.9594,en,en2de,2,de,1,3360
1,0.9386,en,en2de,2,de,2,3360
1,0.9595,en,en2de,2,de,3,3360
1,0.9586,en,en2de,2,de,4,3360
1,0.9495,en,en2de,2,de,5,3360
1,0.9533,en,en2de,2,de,6,3360
1,0.9417,en,en2de,2,en,1,3360
1,0.9194,en,en2de,2,en,2,3360
1,0.9218,en,en2de,2,en,3,3360
1,0.9359,en,en2de,2,en,4,3360
1,0.9285,en,en2de,2,en,5,3360
1,0.9603,en,en2de,3,de,1,3360
1,0.9347,en,en2de,3,de,2,3360
1,0.9537,en,en2de,3,de,3,3360
1,0.9538,en,en2de,3,de,4,3360
1,0.9458,en,en2de,3,de,5,3360
1,0.9486,en,en2de,3,de,6,3360
1,0.9396,en,en2de,3,en,1,3360
1,0.9174,en,en2de,3,en,2,3360
1,0.9261,en,en2de,3,en,3,3360
1,0.9405,en,en2de,3,en,4,3360
1,0.9255,en,en2de,3,en,5,3360
2,0.8983,en,en2de,1,de,1,3360
2,0.8974,en,en2de,1,de,2,3360
2,0.9075,en,en2de,1,de,3,3360
2,0.9159,en,en2de,1,de,4,3360
2,0.9021,en,en2de,1,de,5,3360
2,0.91,en,en2de,1,de,6,3360
2,0.9053,en,en2de,1,en,1,3360
2,0.9021,en,en2de,1,en,2,3360
2,0.896,en,en2de,1,en,3,3360
2,0.8932,en,en2de,1,en,4,3360
2,0.896,en,en2de,1,en,5,3360
2,0.9036,en,en2de,2,de,1,3360
2,0.9075,en,en2de,2,de,2,3360
2,0.9251,en,en2de,2,de,3,3360
2,0.9194,en,en2de,2,de,4,3360
2,0.9171,en,en2de,2,de,5,3360
2,0.9167,en,en2de,2,de,6,3360
2,0.903,en,en2de,2,en,1,3360
2,0.8892,en,en2de,2,en,2,3360
2,0.8891,en,en2de,2,en,3,3360
2,0.8924,en,en2de,2,en,4,3360
2,0.8833,en,en2de,2,en,5,3360
2,0.8942,en,en2de,3,de,1,3360
2,0.9079,en,en2de,3,de,2,3360
2,0.9271,en,en2de,3,de,3,3360
2,0.9194,en,en2de,3,de,4,3360
2,0.9253,en,en2de,3,de,5,3360
2,0.9207,en,en2de,3,de,6,3360
2,0.9044,en,en2de,3,en,1,3360
2,0.8874,en,en2de,3,en,2,3360
2,0.8833,en,en2de,3,en,3,3360
2,0.907,en,en2de,3,en,4,3360
2,0.8717,en,en2de,3,en,5,3360
3,0.8967,en,en2de,1,de,1,3360
3,0.891,en,en2de,1,de,2,3360
3,0.899,en,en2de,1,de,3,3360
3,0.9053,en,en2de,1,de,4,3360
3,0.9024,en,en2de,1,de,5,3360
3,0.9077,en,en2de,1,de,6,3360
3,0.8986,en,en2de,1,en,1,3360
3,0.8845,en,en2de,1,en,2,3360
3,0.8704,en,en2de,1,en,3,3360
3,0.8848,en,en2de,1,en,4,3360
3,0.8744,en,en2de,1,en,5,3360
3,0.8994,en,en2de,2,de,1,3360
3,0.8877,en,en2de,2,de,2,3360
3,0.9067,en,en2de,2,de,3,3360
3,0.9025,en,en2de,2,de,4,3360
3,0.9042,en,en2de,2,de,5,3360
3,0.9088,en,en2de,2,de,6,3360
3,0.891,en,en2de,2,en,1,3360
3,0.8916,en,en2de,2,en,2,3360
3,0.8797,en,en2de,2,en,3,3360
3,0.8828,en,en2de,2,en,4,3360
3,0.8809,en,en2de,2,en,5,3360
3,0.8916,en,en2de,3,de,1,3360
3,0.8836,en,en2de,3,de,2,3360
3,0.8669,en,en2de,3,de,3,3360
3,0.8834,en,en2de,3,de,4,3360
3,0.8802,en,en2de,3,de,5,3360
3,0.8964,en,en2de,3,de,6,3360
3,0.8847,en,en2de,3,en,1,3360
3,0.8747,en,en2de,3,en,2,3360
3,0.8689,en,en2de,3,en,3,3360
3,0.8782,en,en2de,3,en,4,3360
3,0.8706,en,en2de,3,en,5,3360
4,0.8395,en,en2de,1,de,1,3360
4,0.7743,en,en2de,1,de,2,3360
4,0.8768,en,en2de,1,de,3,3360
4,0.8889,en,en2de,1,de,4,3360
4,0.8739,en,en2de,1,de,5,3360
4,0.8709,en,en2de,1,de,6,3360
4,0.8437,en,en2de,1,en,1,3360
4,0.8071,en,en2de,1,en,2,3360
4,0.8314,en,en2de,1,en,3,3360
4,0.8253,en,en2de,1,en,4,3360
4,0.7924,en,en2de,1,en,5,3360
4,0.8359,en,en2de,2,de,1,3360
4,0.7849,en,en2de,2,de,2,3360
4,0.8368,en,en2de,2,de,3,3360
4,0.8631,en,en2de,2,de,4,3360
4,0.8293,en,en2de,2,de,5,3360
4,0.865,en,en2de,2,de,6,3360
4,0.8668,en,en2de,2,en,1,3360
4,0.8431,en,en2de,2,en,2,3360
4,0.856,en,en2de,2,en,3,3360
4,0.834,en,en2de,2,en,4,3360
4,0.8478,en,en2de,2,en,5,3360
4,0.8649,en,en2de,3,de,1,3360
4,0.7752,en,en2de,3,de,2,3360
4,0.8595,en,en2de,3,de,3,3360
4,0.8776,en,en2de,3,de,4,3360
4,0.8539,en,en2de,3,de,5,3360
4,0.8747,en,en2de,3,de,6,3360
4,0.8283,en,en2de,3,en,1,3360
4,0.8077,en,en2de,3,en,2,3360
4,0.8413,en,en2de,3,en,3,3360
4,0.8162,en,en2de,3,en,4,3360
4,0.7984,en,en2de,3,en,5,3360
5,0.826,en,en2de,1,de,1,3360
5,0.7486,en,en2de,1,de,2,3360
5,0.8625,en,en2de,1,de,3,3360
5,0.8614,en,en2de,1,de,4,3360
5,0.8329,en,en2de,1,de,5,3360
5,0.832,en,en2de,1,de,6,3360
5,0.7885,en,en2de,1,en,1,3360
5,0.7728,en,en2de,1,en,2,3360
5,0.6707,en,en2de,1,en,3,3360
5,0.7453,en,en2de,1,en,4,3360
5,0.7773,en,en2de,1,en,5,3360
5,0.8304,en,en2de,2,de,1,3360
5,0.742,en,en2de,2,de,2,3360
5,0.8332,en,en2de,2,de,3,3360
5,0.8315,en,en2de,2,de,4,3360
5,0.8169,en,en2de,2,de,5,3360
5,0.841,en,en2de,2,de,6,3360
5,0.7736,en,en2de,2,en,1,3360
5,0.7669,en,en2de,2,en,2,3360
5,0.665,en,en2de,2,en,3,3360
5,0.7419,en,en2de,2,en,4,3360
5,0.7835,en,en2de,2,en,5,3360
5,0.8605,en,en2de,3,de,1,3360
5,0.7575,en,en2de,3,de,2,3360
5,0.8571,en,en2de,3,de,3,3360
5,0.8352,en,en2de,3,de,4,3360
5,0.8035,en,en2de,3,de,5,3360
5,0.8516,en,en2de,3,de,6,3360
5,0.8147,en,en2de,3,en,1,3360
5,0.8023,en,en2de,3,en,2,3360
5,0.6986,en,en2de,3,en,3,3360
5,0.7771,en,en2de,3,en,4,3360
5,0.8261,en,en2de,3,en,5,3360
6,0.7839,en,en2de,1,de,1,3360
6,0.7176,en,en2de,1,de,2,3360
6,0.8505,en,en2de,1,de,3,3360
6,0.8395,en,en2de,1,de,4,3360
6,0.8428,en,en2de,1,de,5,3360
6,0.8016,en,en2de,1,de,6,3360
6,0.6374,en,en2de,1,en,1,3360
6,0.6493,en,en2de,1,en,2,3360
6,0.6578,en,en2de,1,en,3,3360
6,0.6556,en,en2de,1,en,4,3360
6,0.6853,en,en2de,1,en,5,3360
6,0.8183,en,en2de,2,de,1,3360
6,0.7357,en,en2de,2,de,2,3360
6,0.8482,en,en2de,2,de,3,3360
6,0.8245,en,en2de,2,de,4,3360
6,0.8341,en,en2de,2,de,5,3360
6,0.8322,en,en2de,2,de,6,3360
6,0.6449,en,en2de,2,en,1,3360
6,0.7012,en,en2de,2,en,2,3360
6,0.7014,en,en2de,2,en,3,3360
6,0.6941,en,en2de,2,en,4,3360
6,0.7438,en,en2de,2,en,5,3360
6,0.8481,en,en2de,3,de,1,3360
6,0.7143,en,en2de,3,de,2,3360
6,0.8479,en,en2de,3,de,3,3360
6,0.8357,en,en2de,3,de,4,3360
6,0.8289,en,en2de,3,de,5,3360
6,0.8319,en,en2de,3,de,6,3360
6,0.6551,en,en2de,3,en,1,3360
6,0.7154,en,en2de,3,en,2,3360
6,0.7257,en,en2de,3,en,3,3360
6,0.7165,en,en2de,3,en,4,3360
6,0.7638,en,en2de,3,en,5,3360
7,0.8018,en,en2de,1,de,1,3360
7,0.7776,en,en2de,1,de,2,3360
7,0.8503,en,en2de,1,de,3,3360
7,0.8542,en,en2de,1,de,4,3360
7,0.853,en,en2de,1,de,5,3360
7,0.8162,en,en2de,1,de,6,3360
7,0.6769,en,en2de,1,en,1,3360
7,0.6838,en,en2de,1,en,2,3360
7,0.6426,en,en2de,1,en,3,3360
7,0.6457,en,en2de,1,en,4,3360
7,0.6328,en,en2de,1,en,5,3360
7,0.7935,en,en2de,2,de,1,3360
7,0.7918,en,en2de,2,de,2,3360
7,0.8472,en,en2de,2,de,3,3360
7,0.8239,en,en2de,2,de,4,3360
7,0.8234,en,en2de,2,de,5,3360
7,0.8314,en,en2de,2,de,6,3360
7,0.6228,en,en2de,2,en,1,3360
7,0.6443,en,en2de,2,en,2,3360
7,0.5995,en,en2de,2,en,3,3360
7,0.6015,en,en2de,2,en,4,3360
7,0.5782,en,en2de,2,en,5,3360
7,0.8393,en,en2de,3,de,1,3360
7,0.7706,en,en2de,3,de,2,3360
7,0.8575,en,en2de,3,de,3,3360
7,0.8512,en,en2de,3,de,4,3360
7,0.8317,en,en2de,3,de,5,3360
7,0.8387,en,en2de,3,de,6,3360
7,0.658,en,en2de,3,en,1,3360
7,0.695,en,en2de,3,en,2,3360
7,0.6485,en,en2de,3,en,3,3360
7,0.6579,en,en2de,3,en,4,3360
7,0.6499,en,en2de,3,en,5,3360
8,0.8211,en,en2de,1,de,1,3360
8,0.8093,en,en2de,1,de,2,3360
8,0.8408,en,en2de,1,de,3,3360
8,0.8386,en,en2de,1,de,4,3360
8,0.8345,en,en2de,1,de,5,3360
8,0.8143,en,en2de,1,de,6,3360
8,0.688,en,en2de,1,en,1,3360
8,0.6248,en,en2de,1,en,2,3360
8,0.6406,en,en2de,1,en,3,3360
8,0.6333,en,en2de,1,en,4,3360
8,0.6323,en,en2de,1,en,5,3360
8,0.8222,en,en2de,2,de,1,3360
8,0.8286,en,en2de,2,de,2,3360
8,0.8361,en,en2de,2,de,3,3360
8,0.8286,en,en2de,2,de,4,3360
8,0.8107,en,en2de,2,de,5,3360
8,0.8374,en,en2de,2,de,6,3360
8,0.7079,en,en2de,2,en,1,3360
8,0.6446,en,en2de,2,en,2,3360
8,0.6745,en,en2de,2,en,3,3360
8,0.6644,en,en2de,2,en,4,3360
8,0.6571,en,en2de,2,en,5,3360
8,0.8345,en,en2de,3,de,1,3360
8,0.804,en,en2de,3,de,2,3360
8,0.8629,en,en2de,3,de,3,3360
8,0.8475,en,en2de,3,de,4,3360
8,0.8302,en,en2de,3,de,5,3360
8,0.8575,en,en2de,3,de,6,3360
8,0.7182,en,en2de,3,en,1,3360
8,0.6841,en,en2de,3,en,2,3360
8,0.6956,en,en2de,3,en,3,3360
8,0.709,en,en2de,3,en,4,3360
8,0.6921,en,en2de,3,en,5,3360
9,0.8372,en,en2de,1,de,1,3360
9,0.8105,en,en2de,1,de,2,3360
9,0.8564,en,en2de,1,de,3,3360
9,0.8152,en,en2de,1,de,4,3360
9,0.8414,en,en2de,1,de,5,3360
9,0.8242,en,en2de,1,de,6,3360
9,0.7125,en,en2de,1,en,1,3360
9,0.6887,en,en2de,1,en,2,3360
9,0.6809,en,en2de,1,en,3,3360
9,0.6504,en,en2de,1,en,4,3360
9,0.6718,en,en2de,1,en,5,3360
9,0.8294,en,en2de,2,de,1,3360
9,0.8141,en,en2de,2,de,2,3360
9,0.8326,en,en2de,2,de,3,3360
9,0.8051,en,en2de,2,de,4,3360
9,0.8274,en,en2de,2,de,5,3360
9,0.8458,en,en2de,2,de,6,3360
9,0.7109,en,en2de,2,en,1,3360
9,0.6983,en,en2de,2,en,2,3360
9,0.7116,en,en2de,2,en,3,3360
9,0.6617,en,en2de,2,en,4,3360
9,0.7012,en,en2de,2,en,5,3360
9,0.8443,en,en2de,3,de,1,3360
9,0.8102,en,en2de,3,de,2,3360
9,0.8555,en,en2de,3,de,3,3360
9,0.8378,en,en2de,3,de,4,3360
9,0.8447,en,en2de,3,de,5,3360
9,0.858,en,en2de,3,de,6,3360
9,0.7287,en,en2de,3,en,1,3360
9,0.7052,en,en2de,3,en,2,3360
9,0.7083,en,en2de,3,en,3,3360
9,0.6839,en,en2de,3,en,4,3360
9,0.7111,en,en2de,3,en,5,3360
10,0.849,en,en2de,1,de,1,3360
10,0.8002,en,en2de,1,de,2,3360
10,0.8556,en,en2de,1,de,3,3360
10,0.8405,en,en2de,1,de,4,3360
10,0.8432,en,en2de,1,de,5,3360
10,0.8438,en,en2de,1,de,6,3360
10,0.7098,en,en2de,1,en,1,3360
10,0.7134,en,en2de,1,en,2,3360
10,0.6707,en,en2de,1,en,3,3360
10,0.6591,en,en2de,1,en,4,3360
10,0.7177,en,en2de,1,en,5,3360
10,0.8396,en,en2de,2,de,1,3360
10,0.794,en,en2de,2,de,2,3360
10,0.8492,en,en2de,2,de,3,3360
10,0.8375,en,en2de,2,de,4,3360
10,0.8385,en,en2de,2,de,5,3360
10,0.8541,en,en2de,2,de,6,3360
10,0.6714,en,en2de,2,en,1,3360
10,0.6939,en,en2de,2,en,2,3360
10,0.6453,en,en2de,2,en,3,3360
10,0.6215,en,en2de,2,en,4,3360
10,0.686,en,en2de,2,en,5,3360
10,0.8322,en,en2de,3,de,1,3360
10,0.7984,en,en2de,3,de,2,3360
10,0.8778,en,en2de,3,de,3,3360
10,0.8532,en,en2de,3,de,4,3360
10,0.8457,en,en2de,3,de,5,3360
10,0.8497,en,en2de,3,de,6,3360
10,0.6813,en,en2de,3,en,1,3360
10,0.6886,en,en2de,3,en,2,3360
10,0.6418,en,en2de,3,en,3,3360
10,0.6456,en,en2de,3,en,4,3360
10,0.6784,en,en2de,3,en,5,3360
11,0.8582,en,en2de,1,de,1,3360
11,0.8405,en,en2de,1,de,2,3360
11,0.8471,en,en2de,1,de,3,3360
11,0.8754,en,en2de,1,de,4,3360
11,0.8593,en,en2de,1,de,5,3360
11,0.8647,en,en2de,1,de,6,3360
11,0.5813,en,en2de,1,en,1,3360
11,0.5897,en,en2de,1,en,2,3360
11,0.5809,en,en2de,1,en,3,3360
11,0.4986,en,en2de,1,en,4,3360
11,0.623,en,en2de,1,en,5,3360
11,0.8627,en,en2de,2,de,1,3360
11,0.8396,en,en2de,2,de,2,3360
11,0.8398,en,en2de,2,de,3,3360
11,0.8604,en,en2de,2,de,4,3360
11,0.8602,en,en2de,2,de,5,3360
11,0.8596,en,en2de,2,de,6,3360
11,0.5773,en,en2de,2,en,1,3360
11,0.5895,en,en2de,2,en,2,3360
11,0.5883,en,en2de,2,en,3,3360
11,0.5234,en,en2de,2,en,4,3360
11,0.6139,en,en2de,2,en,5,3360
11,0.8615,en,en2de,3,de,1,3360
11,0.8396,en,en2de,3,de,2,3360
11,0.8642,en,en2de,3,de,3,3360
11,0.8632,en,en2de,3,de,4,3360
11,0.8741,en,en2de,3,de,5,3360
11,0.8684,en,en2de,3,de,6,3360
11,0.5988,en,en2de,3,en,1,3360
11,0.6108,en,en2de,3,en,2,3360
11,0.6007,en,en2de,3,en,3,3360
11,0.552,en,en2de,3,en,4,3360
11,0.6273,en,en2de,3,en,5,3360
12,0.8377,en,en2de,1,de,1,3360
12,0.808,en,en2de,1,de,2,3360
12,0.822,en,en2de,1,de,3,3360
12,0.8191,en,en2de,1,de,4,3360
12,0.8319,en,en2de,1,de,5,3360
12,0.8306,en,en2de,1,de,6,3360
12,0.4726,en,en2de,1,en,1,3360
12,0.4434,en,en2de,1,en,2,3360
12,0.4558,en,en2de,1,en,3,3360
12,0.453,en,en2de,1,en,4,3360
12,0.3428,en,en2de,1,en,5,3360
12,0.8675,en,en2de,2,de,1,3360
12,0.8454,en,en2de,2,de,2,3360
12,0.8611,en,en2de,2,de,3,3360
12,0.8552,en,en2de,2,de,4,3360
12,0.8657,en,en2de,2,de,5,3360
12,0.8637,en,en2de,2,de,6,3360
12,0.5172,en,en2de,2,en,1,3360
12,0.476,en,en2de,2,en,2,3360
12,0.4848,en,en2de,2,en,3,3360
12,0.4905,en,en2de,2,en,4,3360
12,0.3489,en,en2de,2,en,5,3360
12,0.8639,en,en2de,3,de,1,3360
12,0.8298,en,en2de,3,de,2,3360
12,0.8469,en,en2de,3,de,3,3360
12,0.8477,en,en2de,3,de,4,3360
12,0.8567,en,en2de,3,de,5,3360
12,0.8623,en,en2de,3,de,6,3360
12,0.5504,en,en2de,3,en,1,3360
12,0.5312,en,en2de,3,en,2,3360
12,0.5218,en,en2de,3,en,3,3360
12,0.5516,en,en2de,3,en,4,3360
12,0.4059,en,en2de,3,en,5,3360
0,0.9897,en,en2de,1,de,1,5040
0,0.9813,en,en2de,1,de,2,5040
0,0.9842,en,en2de,1,de,3,5040
0,0.9832,en,en2de,1,de,4,5040
0,0.987,en,en2de,1,de,5,5040
0,0.9873,en,en2de,1,de,6,5040
0,0.9881,en,en2de,1,en,1,5040
0,0.958,en,en2de,1,en,2,5040
0,0.9699,en,en2de,1,en,3,5040
0,0.988,en,en2de,1,en,4,5040
0,0.975,en,en2de,1,en,5,5040
0,0.9884,en,en2de,2,de,1,5040
0,0.9806,en,en2de,2,de,2,5040
0,0.9841,en,en2de,2,de,3,5040
0,0.984,en,en2de,2,de,4,5040
0,0.9886,en,en2de,2,de,5,5040
0,0.9913,en,en2de,2,de,6,5040
0,0.988,en,en2de,2,en,1,5040
0,0.9723,en,en2de,2,en,2,5040
0,0.9829,en,en2de,2,en,3,5040
0,0.9815,en,en2de,2,en,4,5040
0,0.983,en,en2de,2,en,5,5040
0,0.9913,en,en2de,3,de,1,5040
0,0.9729,en,en2de,3,de,2,5040
0,0.9873,en,en2de,3,de,3,5040
0,0.9875,en,en2de,3,de,4,5040
0,0.9918,en,en2de,3,de,5,5040
0,0.9917,en,en2de,3,de,6,5040
0,0.9914,en,en2de,3,en,1,5040
0,0.9623,en,en2de,3,en,2,5040
0,0.9739,en,en2de,3,en,3,5040
0,0.9873,en,en2de,3,en,4,5040
0,0.9742,en,en2de,3,en,5,5040
1,0.9663,en,en2de,1,de,1,5040
1,0.9444,en,en2de,1,de,2,5040
1,0.9559,en,en2de,1,de,3,5040
1,0.9556,en,en2de,1,de,4,5040
1,0.9457,en,en2de,1,de,5,5040
1,0.9567,en,en2de,1,de,6,5040
1,0.9424,en,en2de,1,en,1,5040
1,0.9191,en,en2de,1,en,2,5040
1,0.9365,en,en2de,1,en,3,5040
1,0.9417,en,en2de,1,en,4,5040
1,0.9269,en,en2de,1,en,5,5040
1,0.9532,en,en2de,2,de,1,5040
1,0.9378,en,en2de,2,de,2,5040
1,0.9519,en,en2de,2,de,3,5040
1,0.9513,en,en2de,2,de,4,5040
1,0.9452,en,en2de,2,de,5,5040
1,0.9566,en,en2de,2,de,6,5040
1,0.9456,en,en2de,2,en,1,5040
1,0.9365,en,en2de,2,en,2,5040
1,0.9452,en,en2de,2,en,3,5040
1,0.9439,en,en2de,2,en,4,5040
1,0.9424,en,en2de,2,en,5,5040
1,0.9639,en,en2de,3,de,1,5040
1,0.941,en,en2de,3,de,2,5040
1,0.9578,en,en2de,3,de,3,5040
1,0.9538,en,en2de,3,de,4,5040
1,0.9501,en,en2de,3,de,5,5040
1,0.9576,en,en2de,3,de,6,5040
1,0.9419,en,en2de,3,en,1,5040
1,0.9208,en,en2de,3,en,2,5040
1,0.9323,en,en2de,3,en,3,5040
1,0.9422,en,en2de,3,en,4,5040
1,0.9293,en,en2de,3,en,5,5040
2,0.9119,en,en2de,1,de,1,5040
2,0.9067,en,en2de,1,de,2,5040
2,0.907,en,en2de,1,de,3,5040
2,0.9132,en,en2de,1,de,4,5040
2,0.9097,en,en2de,1,de,5,5040
2,0.9169,en,en2de,1,de,6,5040
2,0.9203,en,en2de,1,en,1,5040
2,0.9129,en,en2de,1,en,2,5040
2,0.9107,en,en2de,1,en,3,5040
2,0.9016,en,en2de,1,en,4,5040
2,0.9124,en,en2de,1,en,5,5040
2,0.8957,en,en2de,2,de,1,5040
2,0.9023,en,en2de,2,de,2,5040
2,0.9016,en,en2de,2,de,3,5040
2,0.9091,en,en2de,2,de,4,5040
2,0.9064,en,en2de,2,de,5,5040
2,0.9215,en,en2de,2,de,6,5040
2,0.907,en,en2de,2,en,1,5040
2,0.9015,en,en2de,2,en,2,5040
2,0.8977,en,en2de,2,en,3,5040
2,0.9074,en,en2de,2,en,4,5040
2,0.8976,en,en2de,2,en,5,5040
2,0.8935,en,en2de,3,de,1,5040
2,0.8985,en,en2de,3,de,2,5040
2,0.91,en,en2de,3,de,3,5040
2,0.9065,en,en2de,3,de,4,5040
2,0.9171,en,en2de,3,de,5,5040
2,0.9251,en,en2de,3,de,6,5040
2,0.8945,en,en2de,3,en,1,5040
2,0.8958,en,en2de,3,en,2,5040
2,0.8853,en,en2de,3,en,3,5040
2,0.8873,en,en2de,3,en,4,5040
2,0.8768,en,en2de,3,en,5,5040
3,0.9137,en,en2de,1,de,1,5040
3,0.8899,en,en2de,1,de,2,5040
3,0.8965,en,en2de,1,de,3,5040
3,0.8923,en,en2de,1,de,4,5040
3,0.89,en,en2de,1,de,5,5040
3,0.9078,en,en2de,1,de,6,5040
3,0.9034,en,en2de,1,en,1,5040
3,0.9059,en,en2de,1,en,2,5040
3,0.9024,en,en2de,1,en,3,5040
3,0.8855,en,en2de,1,en,4,5040
3,0.901,en,en2de,1,en,5,5040
3,0.8974,en,en2de,2,de,1,5040
3,0.878,en,en2de,2,de,2,5040
3,0.8705,en,en2de,2,de,3,5040
3,0.8993,en,en2de,2,de,4,5040
3,0.8917,en,en2de,2,de,5,5040
3,0.9016,en,en2de,2,de,6,5040
3,0.893,en,en2de,2,en,1,5040
3,0.8784,en,en2de,2,en,2,5040
3,0.8712,en,en2de,2,en,3,5040
3,0.8803,en,en2de,2,en,4,5040
3,0.8685,en,en2de,2,en,5,5040
3,0.8961,en,en2de,3,de,1,5040
3,0.8789,en,en2de,3,de,2,5040
3,0.8976,en,en2de,3,de,3,5040
3,0.877,en,en2de,3,de,4,5040
3,0.8862,en,en2de,3,de,5,5040
3,0.9058,en,en2de,3,de,6,5040
3,0.8798,en,en2de,3,en,1,5040
3,0.8895,en,en2de,3,en,2,5040
3,0.8833,en,en2de,3,en,3,5040
3,0.8828,en,en2de,3,en,4,5040
3,0.8896,en,en2de,3,en,5,5040
4,0.8612,en,en2de,1,de,1,5040
4,0.8022,en,en2de,1,de,2,5040
4,0.8531,en,en2de,1,de,3,5040
4,0.9026,en,en2de,1,de,4,5040
4,0.848,en,en2de,1,de,5,5040
4,0.8804,en,en2de,1,de,6,5040
4,0.873,en,en2de,1,en,1,5040
4,0.8505,en,en2de,1,en,2,5040
4,0.8716,en,en2de,1,en,3,5040
4,0.8455,en,en2de,1,en,4,5040
4,0.8449,en,en2de,1,en,5,5040
4,0.8517,en,en2de,2,de,1,5040
4,0.7877,en,en2de,2,de,2,5040
4,0.8668,en,en2de,2,de,3,5040
4,0.9037,en,en2de,2,de,4,5040
4,0.8678,en,en2de,2,de,5,5040
4,0.886,en,en2de,2,de,6,5040
4,0.8636,en,en2de,2,en,1,5040
4,0.8311,en,en2de,2,en,2,5040
4,0.8568,en,en2de,2,en,3,5040
4,0.8393,en,en2de,2,en,4,5040
4,0.8199,en,en2de,2,en,5,5040
4,0.8747,en,en2de,3,de,1,5040
4,0.7962,en,en2de,3,de,2,5040
4,0.871,en,en2de,3,de,3,5040
4,0.8931,en,en2de,3,de,4,5040
4,0.8687,en,en2de,3,de,5,5040
4,0.8912,en,en2de,3,de,6,5040
4,0.8762,en,en2de,3,en,1,5040
4,0.8594,en,en2de,3,en,2,5040
4,0.8819,en,en2de,3,en,3,5040
4,0.8588,en,en2de,3,en,4,5040
4,0.8525,en,en2de,3,en,5,5040
5,0.8338,en,en2de,1,de,1,5040
5,0.7497,en,en2de,1,de,2,5040
5,0.8231,en,en2de,1,de,3,5040
5,0.8405,en,en2de,1,de,4,5040
5,0.8045,en,en2de,1,de,5,5040
5,0.8281,en,en2de,1,de,6,5040
5,0.7673,en,en2de,1,en,1,5040
5,0.7718,en,en2de,1,en,2,5040
5,0.6847,en,en2de,1,en,3,5040
5,0.7332,en,en2de,1,en,4,5040
5,0.776,en,en2de,1,en,5,5040
5,0.8476,en,en2de,2,de,1,5040
5,0.765,en,en2de,2,de,2,5040
5,0.8612,en,en2de,2,de,3,5040
5,0.8635,en,en2de,2,de,4,5040
5,0.8075,en,en2de,2,de,5,5040
5,0.8516,en,en2de,2,de,6,5040
5,0.8083,en,en2de,2,en,1,5040
5,0.7952,en,en2de,2,en,2,5040
5,0.6795,en,en2de,2,en,3,5040
5,0.7711,en,en2de,2,en,4,5040
5,0.8004,en,en2de,2,en,5,5040
5,0.8734,en,en2de,3,de,1,5040
5,0.7788,en,en2de,3,de,2,5040
5,0.8711,en,en2de,3,de,3,5040
5,0.8403,en,en2de,3,de,4,5040
5,0.8117,en,en2de,3,de,5,5040
5,0.8568,en,en2de,3,de,6,5040
5,0.8519,en,en2de,3,en,1,5040
5,0.8372,en,en2de,3,en,2,5040
5,0.7201,en,en2de,3,en,3,5040
5,0.8084,en,en2de,3,en,4,5040
5,0.8621,en,en2de,3,en,5,5040
6,0.8164,en,en2de,1,de,1,5040
6,0.7036,en,en2de,1,de,2,5040
6,0.8338,en,en2de,1,de,3,5040
6,0.8268,en,en2de,1,de,4,5040
6,0.8304,en,en2de,1,de,5,5040
6,0.8118,en,en2de,1,de,6,5040
6,0.6562,en,en2de,1,en,1,5040
6,0.6986,en,en2de,1,en,2,5040
6,0.7072,en,en2de,1,en,3,5040
6,0.6933,en,en2de,1,en,4,5040
6,0.7337,en,en2de,1,en,5,5040
6,0.8498,en,en2de,2,de,1,5040
6,0.6938,en,en2de,2,de,2,5040
6,0.8625,en,en2de,2,de,3,5040
6,0.8656,en,en2de,2,de,4,5040
6,0.8233,en,en2de,2,de,5,5040
6,0.8248,en,en2de,2,de,6,5040
6,0.6749,en,en2de,2,en,1,5040
6,0.7197,en,en2de,2,en,2,5040
6,0.7211,en,en2de,2,en,3,5040
6,0.7237,en,en2de,2,en,4,5040
6,0.7791,en,en2de,2,en,5,5040
6,0.8207,en,en2de,3,de,1,5040
6,0.7314,en,en2de,3,de,2,5040
6,0.8322,en,en2de,3,de,3,5040
6,0.8061,en,en2de,3,de,4,5040
6,0.8335,en,en2de,3,de,5,5040
6,0.7952,en,en2de,3,de,6,5040
6,0.6224,en,en2de,3,en,1,5040
6,0.6876,en,en2de,3,en,2,5040
6,0.6874,en,en2de,3,en,3,5040
6,0.6794,en,en2de,3,en,4,5040
6,0.7298,en,en2de,3,en,5,5040
7,0.8125,en,en2de,1,de,1,5040
7,0.7555,en,en2de,1,de,2,5040
7,0.8173,en,en2de,1,de,3,5040
7,0.8163,en,en2de,1,de,4,5040
7,0.8471,en,en2de,1,de,5,5040
7,0.8148,en,en2de,1,de,6,5040
7,0.6796,en,en2de,1,en,1,5040
7,0.7364,en,en2de,1,en,2,5040
7,0.6812,en,en2de,1,en,3,5040
7,0.6797,en,en2de,1,en,4,5040
7,0.6823,en,en2de,1,en,5,5040
7,0.8451,en,en2de,2,de,1,5040
7,0.7792,en,en2de,2,de,2,5040
7,0.8645,en,en2de,2,de,3,5040
7,0.8281,en,en2de,2,de,4,5040
7,0.8151,en,en2de,2,de,5,5040
7,0.8167,en,en2de,2,de,6,5040
7,0.6615,en,en2de,2,en,1,5040
7,0.7039,en,en2de,2,en,2,5040
7,0.6384,en,en2de,2,en,3,5040
7,0.6419,en,en2de,2,en,4,5040
7,0.6481,en,en2de,2,en,5,5040
7,0.7874,en,en2de,3,de,1,5040
7,0.7934,en,en2de,3,de,2,5040
7,0.8044,en,en2de,3,de,3,5040
7,0.7798,en,en2de,3,de,4,5040
7,0.7991,en,en2de,3,de,5,5040
7,0.8002,en,en2de,3,de,6,5040
7,0.5738,en,en2de,3,en,1,5040
7,0.6113,en,en2de,3,en,2,5040
7,0.5554,en,en2de,3,en,3,5040
7,0.5727,en,en2de,3,en,4,5040
7,0.5462,en,en2de,3,en,5,5040
8,0.8118,en,en2de,1,de,1,5040
8,0.7763,en,en2de,1,de,2,5040
8,0.8312,en,en2de,1,de,3,5040
8,0.8064,en,en2de,1,de,4,5040
8,0.8201,en,en2de,1,de,5,5040
8,0.8165,en,en2de,1,de,6,5040
8,0.7173,en,en2de,1,en,1,5040
8,0.6926,en,en2de,1,en,2,5040
8,0.6902,en,en2de,1,en,3,5040
8,0.7221,en,en2de,1,en,4,5040
8,0.716,en,en2de,1,en,5,5040
8,0.8394,en,en2de,2,de,1,5040
8,0.8102,en,en2de,2,de,2,5040
8,0.8861,en,en2de,2,de,3,5040
8,0.8456,en,en2de,2,de,4,5040
8,0.8294,en,en2de,2,de,5,5040
8,0.8443,en,en2de,2,de,6,5040
8,0.7386,en,en2de,2,en,1,5040
8,0.7179,en,en2de,2,en,2,5040
8,0.7095,en,en2de,2,en,3,5040
8,0.7273,en,en2de,2,en,4,5040
8,0.7122,en,en2de,2,en,5,5040
8,0.8424,en,en2de,3,de,1,5040
8,0.832,en,en2de,3,de,2,5040
8,0.8375,en,en2de,3,de,3,5040
8,0.8221,en,en2de,3,de,4,5040
8,0.8366,en,en2de,3,de,5,5040
8,0.8572,en,en2de,3,de,6,5040
8,0.6847,en,en2de,3,en,1,5040
8,0.6586,en,en2de,3,en,2,5040
8,0.6595,en,en2de,3,en,3,5040
8,0.6885,en,en2de,3,en,4,5040
8,0.6652,en,en2de,3,en,5,5040
9,0.7984,en,en2de,1,de,1,5040
9,0.8071,en,en2de,1,de,2,5040
9,0.8172,en,en2de,1,de,3,5040
9,0.8038,en,en2de,1,de,4,5040
9,0.8257,en,en2de,1,de,5,5040
9,0.812,en,en2de,1,de,6,5040
9,0.7136,en,en2de,1,en,1,5040
9,0.7029,en,en2de,1,en,2,5040
9,0.6992,en,en2de,1,en,3,5040
9,0.7084,en,en2de,1,en,4,5040
9,0.7143,en,en2de,1,en,5,5040
9,0.8468,en,en2de,2,de,1,5040
9,0.8226,en,en2de,2,de,2,5040
9,0.8677,en,en2de,2,de,3,5040
9,0.8306,en,en2de,2,de,4,5040
9,0.8491,en,en2de,2,de,5,5040
9,0.8358,en,en2de,2,de,6,5040
9,0.7507,en,en2de,2,en,1,5040
9,0.7465,en,en2de,2,en,2,5040
9,0.7202,en,en2de,2,en,3,5040
9,0.6984,en,en2de,2,en,4,5040
9,0.7322,en,en2de,2,en,5,5040
9,0.8502,en,en2de,3,de,1,5040
9,0.8257,en,en2de,3,de,2,5040
9,0.8461,en,en2de,3,de,3,5040
9,0.8229,en,en2de,3,de,4,5040
9,0.8535,en,en2de,3,de,5,5040
9,0.8444,en,en2de,3,de,6,5040
9,0.7019,en,en2de,3,en,1,5040
9,0.6824,en,en2de,3,en,2,5040
9,0.6771,en,en2de,3,en,3,5040
9,0.666,en,en2de,3,en,4,5040
9,0.6767,en,en2de,3,en,5,5040
10,0.7957,en,en2de,1,de,1,5040
10,0.803,en,en2de,1,de,2,5040
10,0.8061,en,en2de,1,de,3,5040
10,0.7883,en,en2de,1,de,4,5040
10,0.8287,en,en2de,1,de,5,5040
10,0.7891,en,en2de,1,de,6,5040
10,0.7052,en,en2de,1,en,1,5040
10,0.736,en,en2de,1,en,2,5040
10,0.6827,en,en2de,1,en,3,5040
10,0.7241,en,en2de,1,en,4,5040
10,0.7281,en,en2de,1,en,5,5040
10,0.8345,en,en2de,2,de,1,5040
10,0.7673,en,en2de,2,de,2,5040
10,0.8552,en,en2de,2,de,3,5040
10,0.8453,en,en2de,2,de,4,5040
10,0.8304,en,en2de,2,de,5,5040
10,0.8235,en,en2de,2,de,6,5040
10,0.6758,en,en2de,2,en,1,5040
10,0.7001,en,en2de,2,en,2,5040
10,0.6341,en,en2de,2,en,3,5040
10,0.6259,en,en2de,2,en,4,5040
10,0.6999,en,en2de,2,en,5,5040
10,0.8615,en,en2de,3,de,1,5040
10,0.8193,en,en2de,3,de,2,5040
10,0.8498,en,en2de,3,de,3,5040
10,0.8353,en,en2de,3,de,4,5040
10,0.8539,en,en2de,3,de,5,5040
10,0.8587,en,en2de,3,de,6,5040
10,0.7216,en,en2de,3,en,1,5040
10,0.7196,en,en2de,3,en,2,5040
10,0.6783,en,en2de,3,en,3,5040
10,0.6817,en,en2de,3,en,4,5040
10,0.7199,en,en2de,3,en,5,5040
11,0.797,en,en2de,1,de,1,5040
11,0.8097,en,en2de,1,de,2,5040
11,0.7881,en,en2de,1,de,3,5040
11,0.7913,en,en2de,1,de,4,5040
11,0.8233,en,en2de,1,de,5,5040
11,0.7743,en,en2de,1,de,6,5040
11,0.6111,en,en2de,1,en,1,5040
11,0.6384,en,en2de,1,en,2,5040
11,0.6175,en,en2de,1,en,3,5040
11,0.6206,en,en2de,1,en,4,5040
11,0.6394,en,en2de,1,en,5,5040
11,0.8338,en,en2de,2,de,1,5040
11,0.8276,en,en2de,2,de,2,5040
11,0.8453,en,en2de,2,de,3,5040
11,0.8622,en,en2de,2,de,4,5040
11,0.8445,en,en2de,2,de,5,5040
11,0.8474,en,en2de,2,de,6,5040
11,0.5656,en,en2de,2,en,1,5040
11,0.5996,en,en2de,2,en,2,5040
11,0.5685,en,en2de,2,en,3,5040
11,0.4976,en,en2de,2,en,4,5040
11,0.6242,en,en2de,2,en,5,5040
11,0.8818,en,en2de,3,de,1,5040
11,0.8512,en,en2de,3,de,2,5040
11,0.8573,en,en2de,3,de,3,5040
11,0.8682,en,en2de,3,de,4,5040
11,0.8758,en,en2de,3,de,5,5040
11,0.8738,en,en2de,3,de,6,5040
11,0.594,en,en2de,3,en,1,5040
11,0.5976,en,en2de,3,en,2,5040
11,0.5925,en,en2de,3,en,3,5040
11,0.5323,en,en2de,3,en,4,5040
11,0.6236,en,en2de,3,en,5,5040
12,0.8217,en,en2de,1,de,1,5040
12,0.8595,en,en2de,1,de,2,5040
12,0.8468,en,en2de,1,de,3,5040
12,0.8205,en,en2de,1,de,4,5040
12,0.8145,en,en2de,1,de,5,5040
12,0.8458,en,en2de,1,de,6,5040
12,0.5645,en,en2de,1,en,1,5040
12,0.5388,en,en2de,1,en,2,5040
12,0.5179,en,en2de,1,en,3,5040
12,0.531,en,en2de,1,en,4,5040
12,0.4268,en,en2de,1,en,5,5040
12,0.7738,en,en2de,2,de,1,5040
12,0.725,en,en2de,2,de,2,5040
12,0.7283,en,en2de,2,de,3,5040
12,0.7775,en,en2de,2,de,4,5040
12,0.7883,en,en2de,2,de,5,5040
12,0.7508,en,en2de,2,de,6,5040
12,0.4278,en,en2de,2,en,1,5040
12,0.4167,en,en2de,2,en,2,5040
12,0.4259,en,en2de,2,en,3,5040
12,0.429,en,en2de,2,en,4,5040
12,0.3229,en,en2de,2,en,5,5040
12,0.8589,en,en2de,3,de,1,5040
12,0.8426,en,en2de,3,de,2,5040
12,0.848,en,en2de,3,de,3,5040
12,0.8493,en,en2de,3,de,4,5040
12,0.871,en,en2de,3,de,5,5040
12,0.8578,en,en2de,3,de,6,5040
12,0.524,en,en2de,3,en,1,5040
12,0.5016,en,en2de,3,en,2,5040
12,0.4968,en,en2de,3,en,3,5040
12,0.5154,en,en2de,3,en,4,5040
12,0.3949,en,en2de,3,en,5,5040
0,0.9859,en,en2de,1,de,1,6720
0,0.9847,en,en2de,1,de,2,6720
0,0.9856,en,en2de,1,de,3,6720
0,0.9876,en,en2de,1,de,4,6720
0,0.984,en,en2de,1,de,5,6720
0,0.9854,en,en2de,1,de,6,6720
0,0.985,en,en2de,1,en,1,6720
0,0.9549,en,en2de,1,en,2,6720
0,0.9746,en,en2de,1,en,3,6720
0,0.9813,en,en2de,1,en,4,6720
0,0.9816,en,en2de,1,en,5,6720
0,0.9891,en,en2de,3,de,1,6720
0,0.9783,en,en2de,3,de,2,6720
0,0.9822,en,en2de,3,de,3,6720
0,0.9844,en,en2de,3,de,4,6720
0,0.9901,en,en2de,3,de,5,6720
0,0.9918,en,en2de,3,de,6,6720
0,0.9896,en,en2de,3,en,1,6720
0,0.9748,en,en2de,3,en,2,6720
0,0.9844,en,en2de,3,en,3,6720
0,0.9821,en,en2de,3,en,4,6720
0,0.9833,en,en2de,3,en,5,6720
1,0.9409,en,en2de,1,de,1,6720
1,0.9461,en,en2de,1,de,2,6720
1,0.9465,en,en2de,1,de,3,6720
1,0.939,en,en2de,1,de,4,6720
1,0.9425,en,en2de,1,de,5,6720
1,0.9443,en,en2de,1,de,6,6720
1,0.9468,en,en2de,1,en,1,6720
1,0.9263,en,en2de,1,en,2,6720
1,0.9423,en,en2de,1,en,3,6720
1,0.949,en,en2de,1,en,4,6720
1,0.9463,en,en2de,1,en,5,6720
1,0.9574,en,en2de,3,de,1,6720
1,0.9467,en,en2de,3,de,2,6720
1,0.959,en,en2de,3,de,3,6720
1,0.9573,en,en2de,3,de,4,6720
1,0.951,en,en2de,3,de,5,6720
1,0.9506,en,en2de,3,de,6,6720
1,0.9493,en,en2de,3,en,1,6720
1,0.924,en,en2de,3,en,2,6720
1,0.9272,en,en2de,3,en,3,6720
1,0.9447,en,en2de,3,en,4,6720
1,0.9346,en,en2de,3,en,5,6720
2,0.8986,en,en2de,1,de,1,6720
2,0.9011,en,en2de,1,de,2,6720
2,0.8936,en,en2de,1,de,3,6720
2,0.8973,en,en2de,1,de,4,6720
2,0.905,en,en2de,1,de,5,6720
2,0.901,en,en2de,1,de,6,6720
2,0.8952,en,en2de,1,en,1,6720
2,0.8948,en,en2de,1,en,2,6720
2,0.8951,en,en2de,1,en,3,6720
2,0.8991,en,en2de,1,en,4,6720
2,0.889,en,en2de,1,en,5,6720
2,0.9045,en,en2de,3,de,1,6720
2,0.9059,en,en2de,3,de,2,6720
2,0.9274,en,en2de,3,de,3,6720
2,0.9363,en,en2de,3,de,4,6720
2,0.9231,en,en2de,3,de,5,6720
2,0.9227,en,en2de,3,de,6,6720
2,0.91,en,en2de,3,en,1,6720
2,0.8935,en,en2de,3,en,2,6720
2,0.8942,en,en2de,3,en,3,6720
2,0.908,en,en2de,3,en,4,6720
2,0.8898,en,en2de,3,en,5,6720
3,0.8821,en,en2de,1,de,1,6720
3,0.8855,en,en2de,1,de,2,6720
3,0.8679,en,en2de,1,de,3,6720
3,0.8644,en,en2de,1,de,4,6720
3,0.8784,en,en2de,1,de,5,6720
3,0.9075,en,en2de,1,de,6,6720
3,0.8837,en,en2de,1,en,1,6720
3,0.8899,en,en2de,1,en,2,6720
3,0.8809,en,en2de,1,en,3,6720
3,0.8883,en,en2de,1,en,4,6720
3,0.8979,en,en2de,1,en,5,6720
3,0.9037,en,en2de,3,de,1,6720
3,0.8838,en,en2de,3,de,2,6720
3,0.9165,en,en2de,3,de,3,6720
3,0.9095,en,en2de,3,de,4,6720
3,0.9029,en,en2de,3,de,5,6720
3,0.9153,en,en2de,3,de,6,6720
3,0.8933,en,en2de,3,en,1,6720
3,0.891,en,en2de,3,en,2,6720
3,0.8819,en,en2de,3,en,3,6720
3,0.8808,en,en2de,3,en,4,6720
3,0.8762,en,en2de,3,en,5,6720
4,0.8501,en,en2de,1,de,1,6720
4,0.7771,en,en2de,1,de,2,6720
4,0.8471,en,en2de,1,de,3,6720
4,0.8656,en,en2de,1,de,4,6720
4,0.8295,en,en2de,1,de,5,6720
4,0.8602,en,en2de,1,de,6,6720
4,0.877,en,en2de,1,en,1,6720
4,0.8594,en,en2de,1,en,2,6720
4,0.8627,en,en2de,1,en,3,6720
4,0.8482,en,en2de,1,en,4,6720
4,0.8669,en,en2de,1,en,5,6720
4,0.8581,en,en2de,3,de,1,6720
4,0.7997,en,en2de,3,de,2,6720
4,0.8756,en,en2de,3,de,3,6720
4,0.9065,en,en2de,3,de,4,6720
4,0.8671,en,en2de,3,de,5,6720
4,0.8863,en,en2de,3,de,6,6720
4,0.8622,en,en2de,3,en,1,6720
4,0.8363,en,en2de,3,en,2,6720
4,0.8646,en,en2de,3,en,3,6720
4,0.8403,en,en2de,3,en,4,6720
4,0.8261,en,en2de,3,en,5,6720
5,0.8514,en,en2de,1,de,1,6720
5,0.7567,en,en2de,1,de,2,6720
5,0.8589,en,en2de,1,de,3,6720
5,0.8281,en,en2de,1,de,4,6720
5,0.767,en,en2de,1,de,5,6720
5,0.8307,en,en2de,1,de,6,6720
5,0.8632,en,en2de,1,en,1,6720
5,0.8413,en,en2de,1,en,2,6720
5,0.7093,en,en2de,1,en,3,6720
5,0.8036,en,en2de,1,en,4,6720
5,0.861,en,en2de,1,en,5,6720
5,0.846,en,en2de,3,de,1,6720
5,0.7705,en,en2de,3,de,2,6720
5,0.87,en,en2de,3,de,3,6720
5,0.8507,en,en2de,3,de,4,6720
5,0.818,en,en2de,3,de,5,6720
5,0.8514,en,en2de,3,de,6,6720
5,0.8082,en,en2de,3,en,1,6720
5,0.7927,en,en2de,3,en,2,6720
5,0.6721,en,en2de,3,en,3,6720
5,0.764,en,en2de,3,en,4,6720
5,0.8089,en,en2de,3,en,5,6720
6,0.8703,en,en2de,1,de,1,6720
6,0.6767,en,en2de,1,de,2,6720
6,0.8486,en,en2de,1,de,3,6720
6,0.8473,en,en2de,1,de,4,6720
6,0.8005,en,en2de,1,de,5,6720
6,0.8126,en,en2de,1,de,6,6720
6,0.7066,en,en2de,1,en,1,6720
6,0.7694,en,en2de,1,en,2,6720
6,0.7633,en,en2de,1,en,3,6720
6,0.7579,en,en2de,1,en,4,6720
6,0.8268,en,en2de,1,en,5,6720
6,0.8386,en,en2de,3,de,1,6720
6,0.7325,en,en2de,3,de,2,6720
6,0.8527,en,en2de,3,de,3,6720
6,0.8366,en,en2de,3,de,4,6720
6,0.8245,en,en2de,3,de,5,6720
6,0.8213,en,en2de,3,de,6,6720
6,0.6416,en,en2de,3,en,1,6720
6,0.6968,en,en2de,3,en,2,6720
6,0.6942,en,en2de,3,en,3,6720
6,0.6918,en,en2de,3,en,4,6720
6,0.7508,en,en2de,3,en,5,6720
7,0.8438,en,en2de,1,de,1,6720
7,0.7649,en,en2de,1,de,2,6720
7,0.8578,en,en2de,1,de,3,6720
7,0.8423,en,en2de,1,de,4,6720
7,0.8259,en,en2de,1,de,5,6720
7,0.8251,en,en2de,1,de,6,6720
7,0.6744,en,en2de,1,en,1,6720
7,0.7088,en,en2de,1,en,2,6720
7,0.6535,en,en2de,1,en,3,6720
7,0.6603,en,en2de,1,en,4,6720
7,0.6629,en,en2de,1,en,5,6720
7,0.8327,en,en2de,3,de,1,6720
7,0.7684,en,en2de,3,de,2,6720
7,0.8362,en,en2de,3,de,3,6720
7,0.8359,en,en2de,3,de,4,6720
7,0.8305,en,en2de,3,de,5,6720
7,0.8259,en,en2de,3,de,6,6720
7,0.6393,en,en2de,3,en,1,6720
7,0.6689,en,en2de,3,en,2,6720
7,0.6021,en,en2de,3,en,3,6720
7,0.6119,en,en2de,3,en,4,6720
7,0.6227,en,en2de,3,en,5,6720
8,0.8075,en,en2de,1,de,1,6720
8,0.7854,en,en2de,1,de,2,6720
8,0.8408,en,en2de,1,de,3,6720
8,0.8476,en,en2de,1,de,4,6720
8,0.8222,en,en2de,1,de,5,6720
8,0.8226,en,en2de,1,de,6,6720
8,0.6793,en,en2de,1,en,1,6720
8,0.6343,en,en2de,1,en,2,6720
8,0.6407,en,en2de,1,en,3,6720
8,0.652,en,en2de,1,en,4,6720
8,0.6603,en,en2de,1,en,5,6720
8,0.8099,en,en2de,3,de,1,6720
8,0.7936,en,en2de,3,de,2,6720
8,0.8198,en,en2de,3,de,3,6720
8,0.8229,en,en2de,3,de,4,6720
8,0.8247,en,en2de,3,de,5,6720
8,0.8193,en,en2de,3,de,6,6720
8,0.6625,en,en2de,3,en,1,6720
8,0.6126,en,en2de,3,en,2,6720
8,0.6243,en,en2de,3,en,3,6720
8,0.6291,en,en2de,3,en,4,6720
8,0.6259,en,en2de,3,en,5,6720
9,0.8377,en,en2de,1,de,1,6720
9,0.8077,en,en2de,1,de,2,6720
9,0.8643,en,en2de,1,de,3,6720
9,0.8628,en,en2de,1,de,4,6720
9,0.8331,en,en2de,1,de,5,6720
9,0.8313,en,en2de,1,de,6,6720
9,0.7029,en,en2de,1,en,1,6720
9,0.6815,en,en2de,1,en,2,6720
9,0.6776,en,en2de,1,en,3,6720
9,0.6418,en,en2de,1,en,4,6720
9,0.6836,en,en2de,1,en,5,6720
9,0.8235,en,en2de,3,de,1,6720
9,0.7853,en,en2de,3,de,2,6720
9,0.8232,en,en2de,3,de,3,6720
9,0.7955,en,en2de,3,de,4,6720
9,0.8253,en,en2de,3,de,5,6720
9,0.8331,en,en2de,3,de,6,6720
9,0.7238,en,en2de,3,en,1,6720
9,0.6956,en,en2de,3,en,2,6720
9,0.714,en,en2de,3,en,3,6720
9,0.6726,en,en2de,3,en,4,6720
9,0.6989,en,en2de,3,en,5,6720
10,0.8565,en,en2de,1,de,1,6720
10,0.8137,en,en2de,1,de,2,6720
10,0.8742,en,en2de,1,de,3,6720
10,0.8623,en,en2de,1,de,4,6720
10,0.8477,en,en2de,1,de,5,6720
10,0.8512,en,en2de,1,de,6,6720
10,0.6933,en,en2de,1,en,1,6720
10,0.7157,en,en2de,1,en,2,6720
10,0.6521,en,en2de,1,en,3,6720
10,0.6404,en,en2de,1,en,4,6720
10,0.7166,en,en2de,1,en,5,6720
10,0.8449,en,en2de,3,de,1,6720
10,0.7911,en,en2de,3,de,2,6720
10,0.839,en,en2de,3,de,3,6720
10,0.8263,en,en2de,3,de,4,6720
10,0.8486,en,en2de,3,de,5,6720
10,0.8398,en,en2de,3,de,6,6720
10,0.699,en,en2de,3,en,1,6720
10,0.7041,en,en2de,3,en,2,6720
10,0.6706,en,en2de,3,en,3,6720
10,0.6728,en,en2de,3,en,4,6720
10,0.7044,en,en2de,3,en,5,6720
11,0.8618,en,en2de,1,de,1,6720
11,0.8672,en,en2de,1,de,2,6720
11,0.8676,en,en2de,1,de,3,6720
11,0.8943,en,en2de,1,de,4,6720
11,0.8664,en,en2de,1,de,5,6720
11,0.8798,en,en2de,1,de,6,6720
11,0.6106,en,en2de,1,en,1,6720
11,0.6416,en,en2de,1,en,2,6720
11,0.6192,en,en2de,1,en,3,6720
11,0.5495,en,en2de,1,en,4,6720
11,0.6726,en,en2de,1,en,5,6720
11,0.8606,en,en2de,3,de,1,6720
11,0.8416,en,en2de,3,de,2,6720
11,0.8615,en,en2de,3,de,3,6720
11,0.8719,en,en2de,3,de,4,6720
11,0.8684,en,en2de,3,de,5,6720
11,0.8688,en,en2de,3,de,6,6720
11,0.6058,en,en2de,3,en,1,6720
11,0.6234,en,en2de,3,en,2,6720
11,0.6079,en,en2de,3,en,3,6720
11,0.5473,en,en2de,3,en,4,6720
11,0.6515,en,en2de,3,en,5,6720
12,0.7524,en,en2de,1,de,1,6720
12,0.778,en,en2de,1,de,2,6720
12,0.7273,en,en2de,1,de,3,6720
12,0.7448,en,en2de,1,de,4,6720
12,0.746,en,en2de,1,de,5,6720
12,0.7607,en,en2de,1,de,6,6720
12,0.4685,en,en2de,1,en,1,6720
12,0.4803,en,en2de,1,en,2,6720
12,0.4754,en,en2de,1,en,3,6720
12,0.4755,en,en2de,1,en,4,6720
12,0.4668,en,en2de,1,en,5,6720
12,0.826,en,en2de,3,de,1,6720
12,0.7912,en,en2de,3,de,2,6720
12,0.8257,en,en2de,3,de,3,6720
12,0.8266,en,en2de,3,de,4,6720
12,0.8345,en,en2de,3,de,5,6720
12,0.8268,en,en2de,3,de,6,6720
12,0.5104,en,en2de,3,en,1,6720
12,0.4877,en,en2de,3,en,2,6720
12,0.4895,en,en2de,3,en,3,6720
12,0.493,en,en2de,3,en,4,6720
12,0.3738,en,en2de,3,en,5,6720
0,0.9877,en,en2de,1,de,1,8400
0,0.9827,en,en2de,1,de,2,8400
0,0.9836,en,en2de,1,de,3,8400
0,0.986,en,en2de,1,de,4,8400
0,0.985,en,en2de,1,de,5,8400
0,0.9876,en,en2de,1,de,6,8400
0,0.9862,en,en2de,1,en,1,8400
0,0.9629,en,en2de,1,en,2,8400
0,0.9832,en,en2de,1,en,3,8400
0,0.9825,en,en2de,1,en,4,8400
0,0.9828,en,en2de,1,en,5,8400
0,0.989,en,en2de,2,de,1,8400
0,0.977,en,en2de,2,de,2,8400
0,0.9865,en,en2de,2,de,3,8400
0,0.9852,en,en2de,2,de,4,8400
0,0.99,en,en2de,2,de,5,8400
0,0.9901,en,en2de,2,de,6,8400
0,0.9889,en,en2de,2,en,1,8400
0,0.9668,en,en2de,2,en,2,8400
0,0.978,en,en2de,2,en,3,8400
0,0.9822,en,en2de,2,en,4,8400
0,0.9805,en,en2de,2,en,5,8400
0,0.9909,en,en2de,3,de,1,8400
0,0.9697,en,en2de,3,de,2,8400
0,0.9842,en,en2de,3,de,3,8400
0,0.9839,en,en2de,3,de,4,8400
0,0.9925,en,en2de,3,de,5,8400
0,0.9929,en,en2de,3,de,6,8400
0,0.9907,en,en2de,3,en,1,8400
0,0.9749,en,en2de,3,en,2,8400
0,0.9803,en,en2de,3,en,3,8400
0,0.985,en,en2de,3,en,4,8400
0,0.9811,en,en2de,3,en,5,8400
0,0.9884,en,en2de,4,de,1,8400
0,0.977,en,en2de,4,de,2,8400
0,0.9892,en,en2de,4,de,3,8400
0,0.9872,en,en2de,4,de,4,8400
0,0.9863,en,en2de,4,de,5,8400
0,0.9848,en,en2de,4,de,6,8400
0,0.9849,en,en2de,4,en,1,8400
0,0.9516,en,en2de,4,en,2,8400
0,0.968,en,en2de,4,en,3,8400
0,0.9917,en,en2de,4,en,4,8400
0,0.9765,en,en2de,4,en,5,8400
0,0.982,en,en2de,5,de,1,8400
0,0.9882,en,en2de,5,de,2,8400
0,0.98,en,en2de,5,de,3,8400
0,0.9801,en,en2de,5,de,4,8400
0,0.9777,en,en2de,5,de,5,8400
0,0.9765,en,en2de,5,de,6,8400
0,0.9779,en,en2de,5,en,1,8400
0,0.9434,en,en2de,5,en,2,8400
0,0.9686,en,en2de,5,en,3,8400
0,0.9844,en,en2de,5,en,4,8400
0,0.9724,en,en2de,5,en,5,8400
0,0.99,en,en2de,6,de,1,8400
0,0.9802,en,en2de,6,de,2,8400
0,0.9876,en,en2de,6,de,3,8400
0,0.9844,en,en2de,6,de,4,8400
0,0.989,en,en2de,6,de,5,8400
0,0.987,en,en2de,6,de,6,8400
0,0.9875,en,en2de,6,en,1,8400
0,0.9648,en,en2de,6,en,2,8400
0,0.9819,en,en2de,6,en,3,8400
0,0.9897,en,en2de,6,en,4,8400
0,0.9821,en,en2de,6,en,5,8400
1,0.9282,en,en2de,1,de,1,8400
1,0.9333,en,en2de,1,de,2,8400
1,0.9384,en,en2de,1,de,3,8400
1,0.9412,en,en2de,1,de,4,8400
1,0.9463,en,en2de,1,de,5,8400
1,0.9423,en,en2de,1,de,6,8400
1,0.9451,en,en2de,1,en,1,8400
1,0.947,en,en2de,1,en,2,8400
1,0.943,en,en2de,1,en,3,8400
1,0.948,en,en2de,1,en,4,8400
1,0.9484,en,en2de,1,en,5,8400
1,0.9575,en,en2de,2,de,1,8400
1,0.9325,en,en2de,2,de,2,8400
1,0.9508,en,en2de,2,de,3,8400
1,0.9519,en,en2de,2,de,4,8400
1,0.954,en,en2de,2,de,5,8400
1,0.9474,en,en2de,2,de,6,8400
1,0.9301,en,en2de,2,en,1,8400
1,0.9122,en,en2de,2,en,2,8400
1,0.9119,en,en2de,2,en,3,8400
1,0.9204,en,en2de,2,en,4,8400
1,0.9113,en,en2de,2,en,5,8400
1,0.9609,en,en2de,3,de,1,8400
1,0.9384,en,en2de,3,de,2,8400
1,0.9558,en,en2de,3,de,3,8400
1,0.952,en,en2de,3,de,4,8400
1,0.9541,en,en2de,3,de,5,8400
1,0.9627,en,en2de,3,de,6,8400
1,0.9385,en,en2de,3,en,1,8400
1,0.9219,en,en2de,3,en,2,8400
1,0.9275,en,en2de,3,en,3,8400
1,0.9341,en,en2de,3,en,4,8400
1,0.9302,en,en2de,3,en,5,8400
1,0.9612,en,en2de,4,de,1,8400
1,0.941,en,en2de,4,de,2,8400
1,0.9598,en,en2de,4,de,3,8400
1,0.9538,en,en2de,4,de,4,8400
1,0.9443,en,en2de,4,de,5,8400
1,0.952,en,en2de,4,de,6,8400
1,0.934,en,en2de,4,en,1,8400
1,0.8983,en,en2de,4,en,2,8400
1,0.9226,en,en2de,4,en,3,8400
1,0.9328,en,en2de,4,en,4,8400
1,0.9148,en,en2de,4,en,5,8400
1,0.9444,en,en2de,5,de,1,8400
1,0.945,en,en2de,5,de,2,8400
1,0.9501,en,en2de,5,de,3,8400
1,0.94,en,en2de,5,de,4,8400
1,0.9394,en,en2de,5,de,5,8400
1,0.9367,en,en2de,5,de,6,8400
1,0.9486,en,en2de,5,en,1,8400
1,0.9133,en,en2de,5,en,2,8400
1,0.9398,en,en2de,5,en,3,8400
1,0.9535,en,en2de,5,en,4,8400
1,0.9341,en,en2de,5,en,5,8400
1,0.9592,en,en2de,6,de,1,8400
1,0.9443,en,en2de,6,de,2,8400
1,0.9589,en,en2de,6,de,3,8400
1,0.9536,en,en2de,6,de,4,8400
1,0.95,en,en2de,6,de,5,8400
1,0.959,en,en2de,6,de,6,8400
1,0.9463,en,en2de,6,en,1,8400
1,0.9337,en,en2de,6,en,2,8400
1,0.9417,en,en2de,6,en,3,8400
1,0.9523,en,en2de,6,en,4,8400
1,0.9419,en,en2de,6,en,5,8400
2,0.9014,en,en2de,1,de,1,8400
2,0.9098,en,en2de,1,de,2,8400
2,0.894,en,en2de,1,de,3,8400
2,0.8922,en,en2de,1,de,4,8400
2,0.9067,en,en2de,1,de,5,8400
2,0.9006,en,en2de,1,de,6,8400
2,0.9224,en,en2de,1,en,1,8400
2,0.914,en,en2de,1,en,2,8400
2,0.909,en,en2de,1,en,3,8400
2,0.9111,en,en2de,1,en,4,8400
2,0.9118,en,en2de,1,en,5,8400
2,0.8973,en,en2de,2,de,1,8400
2,0.8968,en,en2de,2,de,2,8400
2,0.9161,en,en2de,2,de,3,8400
2,0.9152,en,en2de,2,de,4,8400
2,0.9123,en,en2de,2,de,5,8400
2,0.9194,en,en2de,2,de,6,8400
2,0.8993,en,en2de,2,en,1,8400
2,0.8931,en,en2de,2,en,2,8400
2,0.8897,en,en2de,2,en,3,8400
2,0.8872,en,en2de,2,en,4,8400
2,0.8749,en,en2de,2,en,5,8400
2,0.8995,en,en2de,3,de,1,8400
2,0.913,en,en2de,3,de,2,8400
2,0.9077,en,en2de,3,de,3,8400
2,0.9075,en,en2de,3,de,4,8400
2,0.9124,en,en2de,3,de,5,8400
2,0.9226,en,en2de,3,de,6,8400
2,0.9028,en,en2de,3,en,1,8400
2,0.8903,en,en2de,3,en,2,8400
2,0.8861,en,en2de,3,en,3,8400
2,0.8918,en,en2de,3,en,4,8400
2,0.8823,en,en2de,3,en,5,8400
2,0.9035,en,en2de,4,de,1,8400
2,0.9083,en,en2de,4,de,2,8400
2,0.9165,en,en2de,4,de,3,8400
2,0.9112,en,en2de,4,de,4,8400
2,0.9193,en,en2de,4,de,5,8400
2,0.9266,en,en2de,4,de,6,8400
2,0.8957,en,en2de,4,en,1,8400
2,0.8806,en,en2de,4,en,2,8400
2,0.8949,en,en2de,4,en,3,8400
2,0.8985,en,en2de,4,en,4,8400
2,0.8856,en,en2de,4,en,5,8400
2,0.9103,en,en2de,5,de,1,8400
2,0.9112,en,en2de,5,de,2,8400
2,0.9075,en,en2de,5,de,3,8400
2,0.9164,en,en2de,5,de,4,8400
2,0.9233,en,en2de,5,de,5,8400
2,0.9055,en,en2de,5,de,6,8400
2,0.9053,en,en2de,5,en,1,8400
2,0.8908,en,en2de,5,en,2,8400
2,0.8906,en,en2de,5,en,3,8400
2,0.9143,en,en2de,5,en,4,8400
2,0.899,en,en2de,5,en,5,8400
2,0.9038,en,en2de,6,de,1,8400
2,0.919,en,en2de,6,de,2,8400
2,0.9133,en,en2de,6,de,3,8400
2,0.9134,en,en2de,6,de,4,8400
2,0.9075,en,en2de,6,de,5,8400
2,0.9166,en,en2de,6,de,6,8400
2,0.9215,en,en2de,6,en,1,8400
2,0.9147,en,en2de,6,en,2,8400
2,0.9032,en,en2de,6,en,3,8400
2,0.9275,en,en2de,6,en,4,8400
2,0.9023,en,en2de,6,en,5,8400
3,0.8926,en,en2de,1,de,1,8400
3,0.8855,en,en2de,1,de,2,8400
3,0.8449,en,en2de,1,de,3,8400
3,0.8884,en,en2de,1,de,4,8400
3,0.8821,en,en2de,1,de,5,8400
3,0.8962,en,en2de,1,de,6,8400
3,0.8909,en,en2de,1,en,1,8400
3,0.8691,en,en2de,1,en,2,8400
3,0.8706,en,en2de,1,en,3,8400
3,0.8812,en,en2de,1,en,4,8400
3,0.869,en,en2de,1,en,5,8400
3,0.8981,en,en2de,2,de,1,8400
3,0.8939,en,en2de,2,de,2,8400
3,0.8856,en,en2de,2,de,3,8400
3,0.9064,en,en2de,2,de,4,8400
3,0.8987,en,en2de,2,de,5,8400
3,0.9034,en,en2de,2,de,6,8400
3,0.8978,en,en2de,2,en,1,8400
3,0.8901,en,en2de,2,en,2,8400
3,0.8805,en,en2de,2,en,3,8400
3,0.8876,en,en2de,2,en,4,8400
3,0.881,en,en2de,2,en,5,8400
3,0.8967,en,en2de,3,de,1,8400
3,0.8788,en,en2de,3,de,2,8400
3,0.8979,en,en2de,3,de,3,8400
3,0.8859,en,en2de,3,de,4,8400
3,0.8882,en,en2de,3,de,5,8400
3,0.9083,en,en2de,3,de,6,8400
3,0.8898,en,en2de,3,en,1,8400
3,0.8877,en,en2de,3,en,2,8400
3,0.8725,en,en2de,3,en,3,8400
3,0.8863,en,en2de,3,en,4,8400
3,0.8757,en,en2de,3,en,5,8400
3,0.9095,en,en2de,4,de,1,8400
3,0.8888,en,en2de,4,de,2,8400
3,0.8946,en,en2de,4,de,3,8400
3,0.8938,en,en2de,4,de,4,8400
3,0.8906,en,en2de,4,de,5,8400
3,0.9135,en,en2de,4,de,6,8400
3,0.9005,en,en2de,4,en,1,8400
3,0.8935,en,en2de,4,en,2,8400
3,0.8898,en,en2de,4,en,3,8400
3,0.8857,en,en2de,4,en,4,8400
3,0.8862,en,en2de,4,en,5,8400
3,0.9026,en,en2de,5,de,1,8400
3,0.9017,en,en2de,5,de,2,8400
3,0.8882,en,en2de,5,de,3,8400
3,0.899,en,en2de,5,de,4,8400
3,0.895,en,en2de,5,de,5,8400
3,0.9095,en,en2de,5,de,6,8400
3,0.8946,en,en2de,5,en,1,8400
3,0.8957,en,en2de,5,en,2,8400
3,0.8894,en,en2de,5,en,3,8400
3,0.8901,en,en2de,5,en,4,8400
3,0.8898,en,en2de,5,en,5,8400
3,0.8922,en,en2de,6,de,1,8400
3,0.9036,en,en2de,6,de,2,8400
3,0.8825,en,en2de,6,de,3,8400
3,0.8815,en,en2de,6,de,4,8400
3,0.8922,en,en2de,6,de,5,8400
3,0.8999,en,en2de,6,de,6,8400
3,0.8952,en,en2de,6,en,1,8400
3,0.8975,en,en2de,6,en,2,8400
3,0.8744,en,en2de,6,en,3,8400
3,0.9002,en,en2de,6,en,4,8400
3,0.8968,en,en2de,6,en,5,8400
4,0.852,en,en2de,1,de,1,8400
4,0.7884,en,en2de,1,de,2,8400
4,0.8533,en,en2de,1,de,3,8400
4,0.8891,en,en2de,1,de,4,8400
4,0.8644,en,en2de,1,de,5,8400
4,0.8735,en,en2de,1,de,6,8400
4,0.8431,en,en2de,1,en,1,8400
4,0.8122,en,en2de,1,en,2,8400
4,0.8367,en,en2de,1,en,3,8400
4,0.8266,en,en2de,1,en,4,8400
4,0.7914,en,en2de,1,en,5,8400
4,0.8418,en,en2de,2,de,1,8400
4,0.8053,en,en2de,2,de,2,8400
4,0.8712,en,en2de,2,de,3,8400
4,0.8904,en,en2de,2,de,4,8400
4,0.8724,en,en2de,2,de,5,8400
4,0.882,en,en2de,2,de,6,8400
4,0.8749,en,en2de,2,en,1,8400
4,0.8467,en,en2de,2,en,2,8400
4,0.8661,en,en2de,2,en,3,8400
4,0.8549,en,en2de,2,en,4,8400
4,0.8381,en,en2de,2,en,5,8400
4,0.8575,en,en2de,3,de,1,8400
4,0.7888,en,en2de,3,de,2,8400
4,0.8393,en,en2de,3,de,3,8400
4,0.8732,en,en2de,3,de,4,8400
4,0.8352,en,en2de,3,de,5,8400
4,0.8827,en,en2de,3,de,6,8400
4,0.8645,en,en2de,3,en,1,8400
4,0.8483,en,en2de,3,en,2,8400
4,0.8579,en,en2de,3,en,3,8400
4,0.8456,en,en2de,3,en,4,8400
4,0.838,en,en2de,3,en,5,8400
4,0.8635,en,en2de,4,de,1,8400
4,0.7912,en,en2de,4,de,2,8400
4,0.8571,en,en2de,4,de,3,8400
4,0.8973,en,en2de,4,de,4,8400
4,0.8531,en,en2de,4,de,5,8400
4,0.8856,en,en2de,4,de,6,8400
4,0.8814,en,en2de,4,en,1,8400
4,0.8631,en,en2de,4,en,2,8400
4,0.8846,en,en2de,4,en,3,8400
4,0.8554,en,en2de,4,en,4,8400
4,0.8519,en,en2de,4,en,5,8400
4,0.8444,en,en2de,5,de,1,8400
4,0.7894,en,en2de,5,de,2,8400
4,0.8555,en,en2de,5,de,3,8400
4,0.8788,en,en2de,5,de,4,8400
4,0.8386,en,en2de,5,de,5,8400
4,0.8745,en,en2de,5,de,6,8400
4,0.8798,en,en2de,5,en,1,8400
4,0.8658,en,en2de,5,en,2,8400
4,0.8706,en,en2de,5,en,3,8400
4,0.8655,en,en2de,5,en,4,8400
4,0.8649,en,en2de,5,en,5,8400
4,0.8364,en,en2de,6,de,1,8400
4,0.7871,en,en2de,6,de,2,8400
4,0.8307,en,en2de,6,de,3,8400
4,0.835,en,en2de,6,de,4,8400
4,0.8417,en,en2de,6,de,5,8400
4,0.8454,en,en2de,6,de,6,8400
4,0.7947,en,en2de,6,en,1,8400
4,0.7866,en,en2de,6,en,2,8400
4,0.8022,en,en2de,6,en,3,8400
4,0.7907,en,en2de,6,en,4,8400
4,0.7744,en,en2de,6,en,5,8400
5,0.8468,en,en2de,1,de,1,8400
5,0.7642,en,en2de,1,de,2,8400
5,0.8481,en,en2de,1,de,3,8400
5,0.8573,en,en2de,1,de,4,8400
5,0.8265,en,en2de,1,de,5,8400
5,0.8463,en,en2de,1,de,6,8400
5,0.7929,en,en2de,1,en,1,8400
5,0.7921,en,en2de,1,en,2,8400
5,0.6897,en,en2de,1,en,3,8400
5,0.7588,en,en2de,1,en,4,8400
5,0.7833,en,en2de,1,en,5,8400
5,0.8384,en,en2de,2,de,1,8400
5,0.7732,en,en2de,2,de,2,8400
5,0.8782,en,en2de,2,de,3,8400
5,0.8476,en,en2de,2,de,4,8400
5,0.823,en,en2de,2,de,5,8400
5,0.8446,en,en2de,2,de,6,8400
5,0.8302,en,en2de,2,en,1,8400
5,0.7929,en,en2de,2,en,2,8400
5,0.6868,en,en2de,2,en,3,8400
5,0.7801,en,en2de,2,en,4,8400
5,0.805,en,en2de,2,en,5,8400
5,0.8555,en,en2de,3,de,1,8400
5,0.7747,en,en2de,3,de,2,8400
5,0.8357,en,en2de,3,de,3,8400
5,0.8241,en,en2de,3,de,4,8400
5,0.763,en,en2de,3,de,5,8400
5,0.8463,en,en2de,3,de,6,8400
5,0.8363,en,en2de,3,en,1,8400
5,0.8242,en,en2de,3,en,2,8400
5,0.7157,en,en2de,3,en,3,8400
5,0.7847,en,en2de,3,en,4,8400
5,0.8263,en,en2de,3,en,5,8400
5,0.853,en,en2de,4,de,1,8400
5,0.7531,en,en2de,4,de,2,8400
5,0.8475,en,en2de,4,de,3,8400
5,0.8313,en,en2de,4,de,4,8400
5,0.8186,en,en2de,4,de,5,8400
5,0.8456,en,en2de,4,de,6,8400
5,0.8101,en,en2de,4,en,1,8400
5,0.8102,en,en2de,4,en,2,8400
5,0.7019,en,en2de,4,en,3,8400
5,0.7625,en,en2de,4,en,4,8400
5,0.8167,en,en2de,4,en,5,8400
5,0.8283,en,en2de,5,de,1,8400
5,0.7558,en,en2de,5,de,2,8400
5,0.8425,en,en2de,5,de,3,8400
5,0.8146,en,en2de,5,de,4,8400
5,0.8082,en,en2de,5,de,5,8400
5,0.8362,en,en2de,5,de,6,8400
5,0.7814,en,en2de,5,en,1,8400
5,0.7723,en,en2de,5,en,2,8400
5,0.6647,en,en2de,5,en,3,8400
5,0.7412,en,en2de,5,en,4,8400
5,0.7892,en,en2de,5,en,5,8400
5,0.8227,en,en2de,6,de,1,8400
5,0.7745,en,en2de,6,de,2,8400
5,0.8409,en,en2de,6,de,3,8400
5,0.8167,en,en2de,6,de,4,8400
5,0.8175,en,en2de,6,de,5,8400
5,0.8286,en,en2de,6,de,6,8400
5,0.7743,en,en2de,6,en,1,8400
5,0.7518,en,en2de,6,en,2,8400
5,0.6505,en,en2de,6,en,3,8400
5,0.7534,en,en2de,6,en,4,8400
5,0.768,en,en2de,6,en,5,8400
6,0.8516,en,en2de,1,de,1,8400
6,0.707,en,en2de,1,de,2,8400
6,0.8441,en,en2de,1,de,3,8400
6,0.8289,en,en2de,1,de,4,8400
6,0.8177,en,en2de,1,de,5,8400
6,0.8149,en,en2de,1,de,6,8400
6,0.6779,en,en2de,1,en,1,8400
6,0.757,en,en2de,1,en,2,8400
6,0.749,en,en2de,1,en,3,8400
6,0.7367,en,en2de,1,en,4,8400
6,0.7931,en,en2de,1,en,5,8400
6,0.8536,en,en2de,2,de,1,8400
6,0.7026,en,en2de,2,de,2,8400
6,0.8611,en,en2de,2,de,3,8400
6,0.8446,en,en2de,2,de,4,8400
6,0.8328,en,en2de,2,de,5,8400
6,0.8259,en,en2de,2,de,6,8400
6,0.6745,en,en2de,2,en,1,8400
6,0.7232,en,en2de,2,en,2,8400
6,0.7154,en,en2de,2,en,3,8400
6,0.7095,en,en2de,2,en,4,8400
6,0.7865,en,en2de,2,en,5,8400
6,0.8615,en,en2de,3,de,1,8400
6,0.6912,en,en2de,3,de,2,8400
6,0.8105,en,en2de,3,de,3,8400
6,0.7847,en,en2de,3,de,4,8400
6,0.792,en,en2de,3,de,5,8400
6,0.8288,en,en2de,3,de,6,8400
6,0.6658,en,en2de,3,en,1,8400
6,0.7659,en,en2de,3,en,2,8400
6,0.7492,en,en2de,3,en,3,8400
6,0.7334,en,en2de,3,en,4,8400
6,0.7964,en,en2de,3,en,5,8400
6,0.8712,en,en2de,4,de,1,8400
6,0.7185,en,en2de,4,de,2,8400
6,0.8332,en,en2de,4,de,3,8400
6,0.8094,en,en2de,4,de,4,8400
6,0.8266,en,en2de,4,de,5,8400
6,0.8291,en,en2de,4,de,6,8400
6,0.6706,en,en2de,4,en,1,8400
6,0.7574,en,en2de,4,en,2,8400
6,0.7511,en,en2de,4,en,3,8400
6,0.7344,en,en2de,4,en,4,8400
6,0.8068,en,en2de,4,en,5,8400
6,0.8198,en,en2de,5,de,1,8400
6,0.7418,en,en2de,5,de,2,8400
6,0.8347,en,en2de,5,de,3,8400
6,0.7969,en,en2de,5,de,4,8400
6,0.8284,en,en2de,5,de,5,8400
6,0.8053,en,en2de,5,de,6,8400
6,0.6289,en,en2de,5,en,1,8400
6,0.6962,en,en2de,5,en,2,8400
6,0.688,en,en2de,5,en,3,8400
6,0.6793,en,en2de,5,en,4,8400
6,0.7451,en,en2de,5,en,5,8400
6,0.8427,en,en2de,6,de,1,8400
6,0.7355,en,en2de,6,de,2,8400
6,0.8685,en,en2de,6,de,3,8400
6,0.8539,en,en2de,6,de,4,8400
6,0.8535,en,en2de,6,de,5,8400
6,0.8365,en,en2de,6,de,6,8400
6,0.6505,en,en2de,6,en,1,8400
6,0.7027,en,en2de,6,en,2,8400
6,0.7217,en,en2de,6,en,3,8400
6,0.7178,en,en2de,6,en,4,8400
6,0.7544,en,en2de,6,en,5,8400
7,0.824,en,en2de,1,de,1,8400
7,0.7394,en,en2de,1,de,2,8400
7,0.8136,en,en2de,1,de,3,8400
7,0.8192,en,en2de,1,de,4,8400
7,0.8446,en,en2de,1,de,5,8400
7,0.7998,en,en2de,1,de,6,8400
7,0.7004,en,en2de,1,en,1,8400
7,0.7698,en,en2de,1,en,2,8400
7,0.7134,en,en2de,1,en,3,8400
7,0.7174,en,en2de,1,en,4,8400
7,0.7252,en,en2de,1,en,5,8400
7,0.839,en,en2de,2,de,1,8400
7,0.7652,en,en2de,2,de,2,8400
7,0.8517,en,en2de,2,de,3,8400
7,0.8445,en,en2de,2,de,4,8400
7,0.8595,en,en2de,2,de,5,8400
7,0.8181,en,en2de,2,de,6,8400
7,0.6873,en,en2de,2,en,1,8400
7,0.7267,en,en2de,2,en,2,8400
7,0.6752,en,en2de,2,en,3,8400
7,0.667,en,en2de,2,en,4,8400
7,0.6703,en,en2de,2,en,5,8400
7,0.8225,en,en2de,3,de,1,8400
7,0.7627,en,en2de,3,de,2,8400
7,0.815,en,en2de,3,de,3,8400
7,0.8074,en,en2de,3,de,4,8400
7,0.8365,en,en2de,3,de,5,8400
7,0.8157,en,en2de,3,de,6,8400
7,0.6736,en,en2de,3,en,1,8400
7,0.7447,en,en2de,3,en,2,8400
7,0.7024,en,en2de,3,en,3,8400
7,0.6988,en,en2de,3,en,4,8400
7,0.6924,en,en2de,3,en,5,8400
7,0.8441,en,en2de,4,de,1,8400
7,0.7599,en,en2de,4,de,2,8400
7,0.8258,en,en2de,4,de,3,8400
7,0.8151,en,en2de,4,de,4,8400
7,0.8493,en,en2de,4,de,5,8400
7,0.8208,en,en2de,4,de,6,8400
7,0.6969,en,en2de,4,en,1,8400
7,0.7768,en,en2de,4,en,2,8400
7,0.7079,en,en2de,4,en,3,8400
7,0.7095,en,en2de,4,en,4,8400
7,0.72,en,en2de,4,en,5,8400
7,0.8232,en,en2de,5,de,1,8400
7,0.7632,en,en2de,5,de,2,8400
7,0.7983,en,en2de,5,de,3,8400
7,0.7912,en,en2de,5,de,4,8400
7,0.8423,en,en2de,5,de,5,8400
7,0.8155,en,en2de,5,de,6,8400
7,0.6694,en,en2de,5,en,1,8400
7,0.7463,en,en2de,5,en,2,8400
7,0.6817,en,en2de,5,en,3,8400
7,0.6768,en,en2de,5,en,4,8400
7,0.694,en,en2de,5,en,5,8400
7,0.8024,en,en2de,6,de,1,8400
7,0.803,en,en2de,6,de,2,8400
7,0.8397,en,en2de,6,de,3,8400
7,0.8114,en,en2de,6,de,4,8400
7,0.8346,en,en2de,6,de,5,8400
7,0.8247,en,en2de,6,de,6,8400
7,0.6078,en,en2de,6,en,1,8400
7,0.6367,en,en2de,6,en,2,8400
7,0.58,en,en2de,6,en,3,8400
7,0.6018,en,en2de,6,en,4,8400
7,0.5773,en,en2de,6,en,5,8400
8,0.8458,en,en2de,1,de,1,8400
8,0.7942,en,en2de,1,de,2,8400
8,0.8482,en,en2de,1,de,3,8400
8,0.8347,en,en2de,1,de,4,8400
8,0.8335,en,en2de,1,de,5,8400
8,0.8481,en,en2de,1,de,6,8400
8,0.7108,en,en2de,1,en,1,8400
8,0.6849,en,en2de,1,en,2,8400
8,0.6963,en,en2de,1,en,3,8400
8,0.6987,en,en2de,1,en,4,8400
8,0.6847,en,en2de,1,en,5,8400
8,0.8578,en,en2de,2,de,1,8400
8,0.806,en,en2de,2,de,2,8400
8,0.87,en,en2de,2,de,3,8400
8,0.8598,en,en2de,2,de,4,8400
8,0.8549,en,en2de,2,de,5,8400
8,0.8421,en,en2de,2,de,6,8400
8,0.7402,en,en2de,2,en,1,8400
8,0.6949,en,en2de,2,en,2,8400
8,0.6965,en,en2de,2,en,3,8400
8,0.7143,en,en2de,2,en,4,8400
8,0.7097,en,en2de,2,en,5,8400
8,0.8447,en,en2de,3,de,1,8400
8,0.8245,en,en2de,3,de,2,8400
8,0.8619,en,en2de,3,de,3,8400
8,0.8388,en,en2de,3,de,4,8400
8,0.8466,en,en2de,3,de,5,8400
8,0.8644,en,en2de,3,de,6,8400
8,0.7163,en,en2de,3,en,1,8400
8,0.6809,en,en2de,3,en,2,8400
8,0.6918,en,en2de,3,en,3,8400
8,0.7302,en,en2de,3,en,4,8400
8,0.6953,en,en2de,3,en,5,8400
8,0.8215,en,en2de,4,de,1,8400
8,0.7798,en,en2de,4,de,2,8400
8,0.843,en,en2de,4,de,3,8400
8,0.8269,en,en2de,4,de,4,8400
8,0.8348,en,en2de,4,de,5,8400
8,0.8319,en,en2de,4,de,6,8400
8,0.6794,en,en2de,4,en,1,8400
8,0.6487,en,en2de,4,en,2,8400
8,0.6466,en,en2de,4,en,3,8400
8,0.673,en,en2de,4,en,4,8400
8,0.663,en,en2de,4,en,5,8400
8,0.8258,en,en2de,5,de,1,8400
8,0.8187,en,en2de,5,de,2,8400
8,0.8304,en,en2de,5,de,3,8400
8,0.8264,en,en2de,5,de,4,8400
8,0.8473,en,en2de,5,de,5,8400
8,0.8366,en,en2de,5,de,6,8400
8,0.6828,en,en2de,5,en,1,8400
8,0.643,en,en2de,5,en,2,8400
8,0.6551,en,en2de,5,en,3,8400
8,0.6645,en,en2de,5,en,4,8400
8,0.6675,en,en2de,5,en,5,8400
8,0.8466,en,en2de,6,de,1,8400
8,0.849,en,en2de,6,de,2,8400
8,0.8516,en,en2de,6,de,3,8400
8,0.8342,en,en2de,6,de,4,8400
8,0.8319,en,en2de,6,de,5,8400
8,0.8529,en,en2de,6,de,6,8400
8,0.7189,en,en2de,6,en,1,8400
8,0.6686,en,en2de,6,en,2,8400
8,0.6795,en,en2de,6,en,3,8400
8,0.6967,en,en2de,6,en,4,8400
8,0.6886,en,en2de,6,en,5,8400
9,0.8431,en,en2de,1,de,1,8400
9,0.8191,en,en2de,1,de,2,8400
9,0.8342,en,en2de,1,de,3,8400
9,0.8151,en,en2de,1,de,4,8400
9,0.838,en,en2de,1,de,5,8400
9,0.8441,en,en2de,1,de,6,8400
9,0.7263,en,en2de,1,en,1,8400
9,0.705,en,en2de,1,en,2,8400
9,0.7164,en,en2de,1,en,3,8400
9,0.6866,en,en2de,1,en,4,8400
9,0.7073,en,en2de,1,en,5,8400
9,0.8627,en,en2de,2,de,1,8400
9,0.8227,en,en2de,2,de,2,8400
9,0.8653,en,en2de,2,de,3,8400
9,0.8345,en,en2de,2,de,4,8400
9,0.8543,en,en2de,2,de,5,8400
9,0.8535,en,en2de,2,de,6,8400
9,0.733,en,en2de,2,en,1,8400
9,0.7172,en,en2de,2,en,2,8400
9,0.7074,en,en2de,2,en,3,8400
9,0.6957,en,en2de,2,en,4,8400
9,0.7033,en,en2de,2,en,5,8400
9,0.8147,en,en2de,3,de,1,8400
9,0.8009,en,en2de,3,de,2,8400
9,0.8634,en,en2de,3,de,3,8400
9,0.8332,en,en2de,3,de,4,8400
9,0.833,en,en2de,3,de,5,8400
9,0.8231,en,en2de,3,de,6,8400
9,0.6983,en,en2de,3,en,1,8400
9,0.6722,en,en2de,3,en,2,8400
9,0.6603,en,en2de,3,en,3,8400
9,0.6601,en,en2de,3,en,4,8400
9,0.6633,en,en2de,3,en,5,8400
9,0.7828,en,en2de,4,de,1,8400
9,0.7583,en,en2de,4,de,2,8400
9,0.8309,en,en2de,4,de,3,8400
9,0.8073,en,en2de,4,de,4,8400
9,0.8021,en,en2de,4,de,5,8400
9,0.7672,en,en2de,4,de,6,8400
9,0.641,en,en2de,4,en,1,8400
9,0.6249,en,en2de,4,en,2,8400
9,0.5983,en,en2de,4,en,3,8400
9,0.5949,en,en2de,4,en,4,8400
9,0.5952,en,en2de,4,en,5,8400
9,0.8587,en,en2de,5,de,1,8400
9,0.8457,en,en2de,5,de,2,8400
9,0.8202,en,en2de,5,de,3,8400
9,0.8151,en,en2de,5,de,4,8400
9,0.8588,en,en2de,5,de,5,8400
9,0.872,en,en2de,5,de,6,8400
9,0.75,en,en2de,5,en,1,8400
9,0.7337,en,en2de,5,en,2,8400
9,0.7435,en,en2de,5,en,3,8400
9,0.7181,en,en2de,5,en,4,8400
9,0.7461,en,en2de,5,en,5,8400
9,0.8519,en,en2de,6,de,1,8400
9,0.8465,en,en2de,6,de,2,8400
9,0.8451,en,en2de,6,de,3,8400
9,0.8263,en,en2de,6,de,4,8400
9,0.8445,en,en2de,6,de,5,8400
9,0.8633,en,en2de,6,de,6,8400
9,0.7457,en,en2de,6,en,1,8400
9,0.7212,en,en2de,6,en,2,8400
9,0.7209,en,en2de,6,en,3,8400
9,0.7067,en,en2de,6,en,4,8400
9,0.7251,en,en2de,6,en,5,8400
10,0.8384,en,en2de,1,de,1,8400
10,0.8182,en,en2de,1,de,2,8400
10,0.8434,en,en2de,1,de,3,8400
10,0.8475,en,en2de,1,de,4,8400
10,0.8429,en,en2de,1,de,5,8400
10,0.8427,en,en2de,1,de,6,8400
10,0.7103,en,en2de,1,en,1,8400
10,0.7166,en,en2de,1,en,2,8400
10,0.6871,en,en2de,1,en,3,8400
10,0.6818,en,en2de,1,en,4,8400
10,0.7275,en,en2de,1,en,5,8400
10,0.8746,en,en2de,2,de,1,8400
10,0.8204,en,en2de,2,de,2,8400
10,0.8535,en,en2de,2,de,3,8400
10,0.8595,en,en2de,2,de,4,8400
10,0.8631,en,en2de,2,de,5,8400
10,0.8626,en,en2de,2,de,6,8400
10,0.7198,en,en2de,2,en,1,8400
10,0.7274,en,en2de,2,en,2,8400
10,0.679,en,en2de,2,en,3,8400
10,0.7006,en,en2de,2,en,4,8400
10,0.7272,en,en2de,2,en,5,8400
10,0.8627,en,en2de,3,de,1,8400
10,0.8425,en,en2de,3,de,2,8400
10,0.868,en,en2de,3,de,3,8400
10,0.8501,en,en2de,3,de,4,8400
10,0.8617,en,en2de,3,de,5,8400
10,0.8599,en,en2de,3,de,6,8400
10,0.7164,en,en2de,3,en,1,8400
10,0.7336,en,en2de,3,en,2,8400
10,0.6814,en,en2de,3,en,3,8400
10,0.6954,en,en2de,3,en,4,8400
10,0.7302,en,en2de,3,en,5,8400
10,0.8595,en,en2de,4,de,1,8400
10,0.8352,en,en2de,4,de,2,8400
10,0.8654,en,en2de,4,de,3,8400
10,0.8494,en,en2de,4,de,4,8400
10,0.8649,en,en2de,4,de,5,8400
10,0.8486,en,en2de,4,de,6,8400
10,0.6887,en,en2de,4,en,1,8400
10,0.7231,en,en2de,4,en,2,8400
10,0.6484,en,en2de,4,en,3,8400
10,0.6689,en,en2de,4,en,4,8400
10,0.7015,en,en2de,4,en,5,8400
10,0.8712,en,en2de,5,de,1,8400
10,0.8303,en,en2de,5,de,2,8400
10,0.8301,en,en2de,5,de,3,8400
10,0.8414,en,en2de,5,de,4,8400
10,0.8708,en,en2de,5,de,5,8400
10,0.8606,en,en2de,5,de,6,8400
10,0.72,en,en2de,5,en,1,8400
10,0.7394,en,en2de,5,en,2,8400
10,0.6866,en,en2de,5,en,3,8400
10,0.7023,en,en2de,5,en,4,8400
10,0.7316,en,en2de,5,en,5,8400
10,0.8573,en,en2de,6,de,1,8400
10,0.8271,en,en2de,6,de,2,8400
10,0.86,en,en2de,6,de,3,8400
10,0.8601,en,en2de,6,de,4,8400
10,0.8522,en,en2de,6,de,5,8400
10,0.8711,en,en2de,6,de,6,8400
10,0.717,en,en2de,6,en,1,8400
10,0.7211,en,en2de,6,en,2,8400
10,0.6803,en,en2de,6,en,3,8400
10,0.6913,en,en2de,6,en,4,8400
10,0.726,en,en2de,6,en,5,8400
11,0.8409,en,en2de,1,de,1,8400
11,0.8685,en,en2de,1,de,2,8400
11,0.847,en,en2de,1,de,3,8400
11,0.8623,en,en2de,1,de,4,8400
11,0.8502,en,en2de,1,de,5,8400
11,0.8386,en,en2de,1,de,6,8400
11,0.5836,en,en2de,1,en,1,8400
11,0.6212,en,en2de,1,en,2,8400
11,0.5851,en,en2de,1,en,3,8400
11,0.5257,en,en2de,1,en,4,8400
11,0.6277,en,en2de,1,en,5,8400
11,0.8921,en,en2de,2,de,1,8400
11,0.8734,en,en2de,2,de,2,8400
11,0.8698,en,en2de,2,de,3,8400
11,0.8749,en,en2de,2,de,4,8400
11,0.8906,en,en2de,2,de,5,8400
11,0.8785,en,en2de,2,de,6,8400
11,0.6152,en,en2de,2,en,1,8400
11,0.6286,en,en2de,2,en,2,8400
11,0.6162,en,en2de,2,en,3,8400
11,0.5797,en,en2de,2,en,4,8400
11,0.6466,en,en2de,2,en,5,8400
11,0.8709,en,en2de,3,de,1,8400
11,0.8872,en,en2de,3,de,2,8400
11,0.8555,en,en2de,3,de,3,8400
11,0.8756,en,en2de,3,de,4,8400
11,0.8789,en,en2de,3,de,5,8400
11,0.8728,en,en2de,3,de,6,8400
11,0.6425,en,en2de,3,en,1,8400
11,0.667,en,en2de,3,en,2,8400
11,0.6352,en,en2de,3,en,3,8400
11,0.6105,en,en2de,3,en,4,8400
11,0.6733,en,en2de,3,en,5,8400
11,0.8516,en,en2de,4,de,1,8400
11,0.8818,en,en2de,4,de,2,8400
11,0.848,en,en2de,4,de,3,8400
11,0.8533,en,en2de,4,de,4,8400
11,0.8644,en,en2de,4,de,5,8400
11,0.8567,en,en2de,4,de,6,8400
11,0.5993,en,en2de,4,en,1,8400
11,0.6382,en,en2de,4,en,2,8400
11,0.5891,en,en2de,4,en,3,8400
11,0.5418,en,en2de,4,en,4,8400
11,0.6381,en,en2de,4,en,5,8400
11,0.8709,en,en2de,5,de,1,8400
11,0.858,en,en2de,5,de,2,8400
11,0.828,en,en2de,5,de,3,8400
11,0.8599,en,en2de,5,de,4,8400
11,0.8639,en,en2de,5,de,5,8400
11,0.8564,en,en2de,5,de,6,8400
11,0.6338,en,en2de,5,en,1,8400
11,0.6507,en,en2de,5,en,2,8400
11,0.6238,en,en2de,5,en,3,8400
11,0.6032,en,en2de,5,en,4,8400
11,0.6577,en,en2de,5,en,5,8400
11,0.8651,en,en2de,6,de,1,8400
11,0.8224,en,en2de,6,de,2,8400
11,0.8353,en,en2de,6,de,3,8400
11,0.8479,en,en2de,6,de,4,8400
11,0.8534,en,en2de,6,de,5,8400
11,0.8448,en,en2de,6,de,6,8400
11,0.5918,en,en2de,6,en,1,8400
11,0.5907,en,en2de,6,en,2,8400
11,0.5898,en,en2de,6,en,3,8400
11,0.57,en,en2de,6,en,4,8400
11,0.6237,en,en2de,6,en,5,8400
12,0.8516,en,en2de,1,de,1,8400
12,0.8604,en,en2de,1,de,2,8400
12,0.8487,en,en2de,1,de,3,8400
12,0.8359,en,en2de,1,de,4,8400
12,0.8498,en,en2de,1,de,5,8400
12,0.8593,en,en2de,1,de,6,8400
12,0.5099,en,en2de,1,en,1,8400
12,0.4875,en,en2de,1,en,2,8400
12,0.4974,en,en2de,1,en,3,8400
12,0.5084,en,en2de,1,en,4,8400
12,0.3931,en,en2de,1,en,5,8400
12,0.8841,en,en2de,2,de,1,8400
12,0.8562,en,en2de,2,de,2,8400
12,0.8698,en,en2de,2,de,3,8400
12,0.854,en,en2de,2,de,4,8400
12,0.8793,en,en2de,2,de,5,8400
12,0.8788,en,en2de,2,de,6,8400
12,0.5177,en,en2de,2,en,1,8400
12,0.4933,en,en2de,2,en,2,8400
12,0.5005,en,en2de,2,en,3,8400
12,0.5033,en,en2de,2,en,4,8400
12,0.3752,en,en2de,2,en,5,8400
12,0.8621,en,en2de,3,de,1,8400
12,0.8398,en,en2de,3,de,2,8400
12,0.844,en,en2de,3,de,3,8400
12,0.8613,en,en2de,3,de,4,8400
12,0.8729,en,en2de,3,de,5,8400
12,0.8586,en,en2de,3,de,6,8400
12,0.5384,en,en2de,3,en,1,8400
12,0.5164,en,en2de,3,en,2,8400
12,0.5111,en,en2de,3,en,3,8400
12,0.5227,en,en2de,3,en,4,8400
12,0.3816,en,en2de,3,en,5,8400
12,0.8748,en,en2de,4,de,1,8400
12,0.8469,en,en2de,4,de,2,8400
12,0.8482,en,en2de,4,de,3,8400
12,0.8507,en,en2de,4,de,4,8400
12,0.8731,en,en2de,4,de,5,8400
12,0.8688,en,en2de,4,de,6,8400
12,0.4855,en,en2de,4,en,1,8400
12,0.4698,en,en2de,4,en,2,8400
12,0.473,en,en2de,4,en,3,8400
12,0.475,en,en2de,4,en,4,8400
12,0.3531,en,en2de,4,en,5,8400
12,0.8663,en,en2de,5,de,1,8400
12,0.8472,en,en2de,5,de,2,8400
12,0.8736,en,en2de,5,de,3,8400
12,0.8492,en,en2de,5,de,4,8400
12,0.8564,en,en2de,5,de,5,8400
12,0.8701,en,en2de,5,de,6,8400
12,0.5523,en,en2de,5,en,1,8400
12,0.5304,en,en2de,5,en,2,8400
12,0.5287,en,en2de,5,en,3,8400
12,0.5227,en,en2de,5,en,4,8400
12,0.3983,en,en2de,5,en,5,8400
12,0.8472,en,en2de,6,de,1,8400
12,0.8134,en,en2de,6,de,2,8400
12,0.8491,en,en2de,6,de,3,8400
12,0.8398,en,en2de,6,de,4,8400
12,0.8379,en,en2de,6,de,5,8400
12,0.8482,en,en2de,6,de,6,8400
12,0.5179,en,en2de,6,en,1,8400
12,0.5114,en,en2de,6,en,2,8400
12,0.5002,en,en2de,6,en,3,8400
12,0.5257,en,en2de,6,en,4,8400
12,0.3836,en,en2de,6,en,5,8400
0,0.9865,en,en,1,fr,1,0
1,0.9341,en,en,1,fr,1,0
2,0.8801,en,en,1,fr,1,0
3,0.8817,en,en,1,fr,1,0
4,0.8572,en,en,1,fr,1,0
5,0.8048,en,en,1,fr,1,0
6,0.48,en,en,1,fr,1,0
7,0.5296,en,en,1,fr,1,0
8,0.6618,en,en,1,fr,1,0
9,0.7047,en,en,1,fr,1,0
10,0.694,en,en,1,fr,1,0
11,0.5588,en,en,1,fr,1,0
12,0.4855,en,en,1,fr,1,0
0,0.9802,en,en,1,fr,2,0
1,0.9425,en,en,1,fr,2,0
2,0.8876,en,en,1,fr,2,0
3,0.8765,en,en,1,fr,2,0
4,0.8463,en,en,1,fr,2,0
5,0.8178,en,en,1,fr,2,0
6,0.5819,en,en,1,fr,2,0
7,0.5946,en,en,1,fr,2,0
8,0.6776,en,en,1,fr,2,0
9,0.6732,en,en,1,fr,2,0
10,0.6703,en,en,1,fr,2,0
11,0.5379,en,en,1,fr,2,0
12,0.5083,en,en,1,fr,2,0
0,0.9822,en,en,1,fr,4,0
1,0.9465,en,en,1,fr,4,0
2,0.889,en,en,1,fr,4,0
3,0.8901,en,en,1,fr,4,0
4,0.867,en,en,1,fr,4,0
5,0.7778,en,en,1,fr,4,0
6,0.4807,en,en,1,fr,4,0
7,0.5408,en,en,1,fr,4,0
8,0.7084,en,en,1,fr,4,0
9,0.7204,en,en,1,fr,4,0
10,0.6823,en,en,1,fr,4,0
11,0.5845,en,en,1,fr,4,0
12,0.477,en,en,1,fr,4,0
0,0.984,en,en,1,fr,5,0
1,0.9238,en,en,1,fr,5,0
2,0.889,en,en,1,fr,5,0
3,0.8756,en,en,1,fr,5,0
4,0.8436,en,en,1,fr,5,0
5,0.8023,en,en,1,fr,5,0
6,0.606,en,en,1,fr,5,0
7,0.572,en,en,1,fr,5,0
8,0.6016,en,en,1,fr,5,0
9,0.67,en,en,1,fr,5,0
10,0.721,en,en,1,fr,5,0
11,0.5596,en,en,1,fr,5,0
12,0.452,en,en,1,fr,5,0
0,0.989,en,en,1,fr,6,0
1,0.9493,en,en,1,fr,6,0
2,0.9044,en,en,1,fr,6,0
3,0.8828,en,en,1,fr,6,0
4,0.8387,en,en,1,fr,6,0
5,0.8293,en,en,1,fr,6,0
6,0.5562,en,en,1,fr,6,0
7,0.563,en,en,1,fr,6,0
8,0.6367,en,en,1,fr,6,0
9,0.6912,en,en,1,fr,6,0
10,0.681,en,en,1,fr,6,0
11,0.5672,en,en,1,fr,6,0
12,0.452,en,en,1,fr,6,0
0,0.9835,en,en,1,fr,7,0
1,0.944,en,en,1,fr,7,0
2,0.9131,en,en,1,fr,7,0
3,0.8926,en,en,1,fr,7,0
4,0.8424,en,en,1,fr,7,0
5,0.8308,en,en,1,fr,7,0
6,0.568,en,en,1,fr,7,0
7,0.5494,en,en,1,fr,7,0
8,0.6524,en,en,1,fr,7,0
9,0.7363,en,en,1,fr,7,0
10,0.7165,en,en,1,fr,7,0
11,0.5768,en,en,1,fr,7,0
12,0.4729,en,en,1,fr,7,0
0,0.9509,en,en,2,fr,1,0
1,0.9077,en,en,2,fr,1,0
2,0.8549,en,en,2,fr,1,0
3,0.8643,en,en,2,fr,1,0
4,0.8247,en,en,2,fr,1,0
5,0.7788,en,en,2,fr,1,0
6,0.5147,en,en,2,fr,1,0
7,0.5974,en,en,2,fr,1,0
8,0.6178,en,en,2,fr,1,0
9,0.7151,en,en,2,fr,1,0
10,0.7278,en,en,2,fr,1,0
11,0.5715,en,en,2,fr,1,0
12,0.4739,en,en,2,fr,1,0
0,0.946,en,en,2,fr,2,0
1,0.9115,en,en,2,fr,2,0
2,0.8782,en,en,2,fr,2,0
3,0.8795,en,en,2,fr,2,0
4,0.8391,en,en,2,fr,2,0
5,0.8156,en,en,2,fr,2,0
6,0.6448,en,en,2,fr,2,0
7,0.6354,en,en,2,fr,2,0
8,0.6076,en,en,2,fr,2,0
9,0.657,en,en,2,fr,2,0
10,0.6904,en,en,2,fr,2,0
11,0.5616,en,en,2,fr,2,0
12,0.4908,en,en,2,fr,2,0
0,0.9398,en,en,2,fr,4,0
1,0.9202,en,en,2,fr,4,0
2,0.8785,en,en,2,fr,4,0
3,0.881,en,en,2,fr,4,0
4,0.8413,en,en,2,fr,4,0
5,0.766,en,en,2,fr,4,0
6,0.5115,en,en,2,fr,4,0
7,0.5637,en,en,2,fr,4,0
8,0.649,en,en,2,fr,4,0
9,0.7067,en,en,2,fr,4,0
10,0.6953,en,en,2,fr,4,0
11,0.5897,en,en,2,fr,4,0
12,0.4544,en,en,2,fr,4,0
0,0.9527,en,en,2,fr,5,0
1,0.9168,en,en,2,fr,5,0
2,0.8911,en,en,2,fr,5,0
3,0.8696,en,en,2,fr,5,0
4,0.842,en,en,2,fr,5,0
5,0.7973,en,en,2,fr,5,0
6,0.6964,en,en,2,fr,5,0
7,0.6631,en,en,2,fr,5,0
8,0.5395,en,en,2,fr,5,0
9,0.6465,en,en,2,fr,5,0
10,0.7481,en,en,2,fr,5,0
11,0.5756,en,en,2,fr,5,0
12,0.4441,en,en,2,fr,5,0
0,0.9715,en,en,2,fr,6,0
1,0.9363,en,en,2,fr,6,0
2,0.8948,en,en,2,fr,6,0
3,0.8935,en,en,2,fr,6,0
4,0.8167,en,en,2,fr,6,0
5,0.8262,en,en,2,fr,6,0
6,0.6117,en,en,2,fr,6,0
7,0.6525,en,en,2,fr,6,0
8,0.6023,en,en,2,fr,6,0
9,0.6949,en,en,2,fr,6,0
10,0.7129,en,en,2,fr,6,0
11,0.593,en,en,2,fr,6,0
12,0.4498,en,en,2,fr,6,0
0,0.9467,en,en,2,fr,7,0
1,0.9083,en,en,2,fr,7,0
2,0.8991,en,en,2,fr,7,0
3,0.9019,en,en,2,fr,7,0
4,0.8441,en,en,2,fr,7,0
5,0.8433,en,en,2,fr,7,0
6,0.6539,en,en,2,fr,7,0
7,0.6249,en,en,2,fr,7,0
8,0.5961,en,en,2,fr,7,0
9,0.7371,en,en,2,fr,7,0
10,0.755,en,en,2,fr,7,0
11,0.6062,en,en,2,fr,7,0
12,0.4629,en,en,2,fr,7,0
0,0.9694,en,en,3,fr,1,0
1,0.9248,en,en,3,fr,1,0
2,0.8612,en,en,3,fr,1,0
3,0.8386,en,en,3,fr,1,0
4,0.8284,en,en,3,fr,1,0
5,0.628,en,en,3,fr,1,0
6,0.4904,en,en,3,fr,1,0
7,0.5059,en,en,3,fr,1,0
8,0.6253,en,en,3,fr,1,0
9,0.6971,en,en,3,fr,1,0
10,0.6743,en,en,3,fr,1,0
11,0.5706,en,en,3,fr,1,0
12,0.4633,en,en,3,fr,1,0
0,0.9623,en,en,3,fr,2,0
1,0.9342,en,en,3,fr,2,0
2,0.8695,en,en,3,fr,2,0
3,0.8618,en,en,3,fr,2,0
4,0.8545,en,en,3,fr,2,0
5,0.681,en,en,3,fr,2,0
6,0.6179,en,en,3,fr,2,0
7,0.5633,en,en,3,fr,2,0
8,0.6564,en,en,3,fr,2,0
9,0.6579,en,en,3,fr,2,0
10,0.6544,en,en,3,fr,2,0
11,0.5655,en,en,3,fr,2,0
12,0.493,en,en,3,fr,2,0
0,0.9514,en,en,3,fr,4,0
1,0.9395,en,en,3,fr,4,0
2,0.8655,en,en,3,fr,4,0
3,0.8587,en,en,3,fr,4,0
4,0.8481,en,en,3,fr,4,0
5,0.624,en,en,3,fr,4,0
6,0.4941,en,en,3,fr,4,0
7,0.485,en,en,3,fr,4,0
8,0.6598,en,en,3,fr,4,0
9,0.6859,en,en,3,fr,4,0
10,0.6446,en,en,3,fr,4,0
11,0.5811,en,en,3,fr,4,0
12,0.4468,en,en,3,fr,4,0
0,0.9701,en,en,3,fr,5,0
1,0.9238,en,en,3,fr,5,0
2,0.8737,en,en,3,fr,5,0
3,0.8589,en,en,3,fr,5,0
4,0.8499,en,en,3,fr,5,0
5,0.6744,en,en,3,fr,5,0
6,0.6724,en,en,3,fr,5,0
7,0.5482,en,en,3,fr,5,0
8,0.5449,en,en,3,fr,5,0
9,0.6336,en,en,3,fr,5,0
10,0.695,en,en,3,fr,5,0
11,0.5771,en,en,3,fr,5,0
12,0.443,en,en,3,fr,5,0
0,0.977,en,en,3,fr,6,0
1,0.9404,en,en,3,fr,6,0
2,0.887,en,en,3,fr,6,0
3,0.8734,en,en,3,fr,6,0
4,0.8249,en,en,3,fr,6,0
5,0.6817,en,en,3,fr,6,0
6,0.577,en,en,3,fr,6,0
7,0.5207,en,en,3,fr,6,0
8,0.5846,en,en,3,fr,6,0
9,0.6767,en,en,3,fr,6,0
10,0.6572,en,en,3,fr,6,0
11,0.5729,en,en,3,fr,6,0
12,0.4429,en,en,3,fr,6,0
0,0.9662,en,en,3,fr,7,0
1,0.9347,en,en,3,fr,7,0
2,0.89,en,en,3,fr,7,0
3,0.8823,en,en,3,fr,7,0
4,0.854,en,en,3,fr,7,0
5,0.713,en,en,3,fr,7,0
6,0.6389,en,en,3,fr,7,0
7,0.5262,en,en,3,fr,7,0
8,0.6174,en,en,3,fr,7,0
9,0.7049,en,en,3,fr,7,0
10,0.6842,en,en,3,fr,7,0
11,0.5804,en,en,3,fr,7,0
12,0.454,en,en,3,fr,7,0
0,0.984,en,en,4,fr,1,0
1,0.9311,en,en,4,fr,1,0
2,0.8962,en,en,4,fr,1,0
3,0.8675,en,en,4,fr,1,0
4,0.8205,en,en,4,fr,1,0
5,0.746,en,en,4,fr,1,0
6,0.5085,en,en,4,fr,1,0
7,0.5165,en,en,4,fr,1,0
8,0.6405,en,en,4,fr,1,0
9,0.7008,en,en,4,fr,1,0
10,0.6634,en,en,4,fr,1,0
11,0.4875,en,en,4,fr,1,0
12,0.4756,en,en,4,fr,1,0
0,0.9766,en,en,4,fr,2,0
1,0.9418,en,en,4,fr,2,0
2,0.8832,en,en,4,fr,2,0
3,0.8622,en,en,4,fr,2,0
4,0.811,en,en,4,fr,2,0
5,0.7724,en,en,4,fr,2,0
6,0.6234,en,en,4,fr,2,0
7,0.573,en,en,4,fr,2,0
8,0.6558,en,en,4,fr,2,0
9,0.6532,en,en,4,fr,2,0
10,0.6729,en,en,4,fr,2,0
11,0.4799,en,en,4,fr,2,0
12,0.4915,en,en,4,fr,2,0
0,0.9845,en,en,4,fr,4,0
1,0.9468,en,en,4,fr,4,0
2,0.8962,en,en,4,fr,4,0
3,0.8676,en,en,4,fr,4,0
4,0.8359,en,en,4,fr,4,0
5,0.7181,en,en,4,fr,4,0
6,0.5087,en,en,4,fr,4,0
7,0.5051,en,en,4,fr,4,0
8,0.6885,en,en,4,fr,4,0
9,0.6874,en,en,4,fr,4,0
10,0.6563,en,en,4,fr,4,0
11,0.5142,en,en,4,fr,4,0
12,0.4545,en,en,4,fr,4,0
0,0.9855,en,en,4,fr,5,0
1,0.9284,en,en,4,fr,5,0
2,0.8861,en,en,4,fr,5,0
3,0.8658,en,en,4,fr,5,0
4,0.8226,en,en,4,fr,5,0
5,0.7589,en,en,4,fr,5,0
6,0.6589,en,en,4,fr,5,0
7,0.5701,en,en,4,fr,5,0
8,0.5602,en,en,4,fr,5,0
9,0.6014,en,en,4,fr,5,0
10,0.7046,en,en,4,fr,5,0
11,0.514,en,en,4,fr,5,0
12,0.4451,en,en,4,fr,5,0
0,0.9789,en,en,4,fr,6,0
1,0.9467,en,en,4,fr,6,0
2,0.8985,en,en,4,fr,6,0
3,0.8787,en,en,4,fr,6,0
4,0.8221,en,en,4,fr,6,0
5,0.7816,en,en,4,fr,6,0
6,0.5857,en,en,4,fr,6,0
7,0.5419,en,en,4,fr,6,0
8,0.6301,en,en,4,fr,6,0
9,0.6854,en,en,4,fr,6,0
10,0.6333,en,en,4,fr,6,0
11,0.4858,en,en,4,fr,6,0
12,0.4483,en,en,4,fr,6,0
0,0.9889,en,en,4,fr,7,0
1,0.9466,en,en,4,fr,7,0
2,0.9166,en,en,4,fr,7,0
3,0.89,en,en,4,fr,7,0
4,0.8265,en,en,4,fr,7,0
5,0.781,en,en,4,fr,7,0
6,0.6319,en,en,4,fr,7,0
7,0.5449,en,en,4,fr,7,0
8,0.6519,en,en,4,fr,7,0
9,0.7128,en,en,4,fr,7,0
10,0.7065,en,en,4,fr,7,0
11,0.517,en,en,4,fr,7,0
12,0.4592,en,en,4,fr,7,0
0,0.9737,en,en,5,fr,1,0
1,0.9211,en,en,5,fr,1,0
2,0.8592,en,en,5,fr,1,0
3,0.8413,en,en,5,fr,1,0
4,0.7988,en,en,5,fr,1,0
5,0.7782,en,en,5,fr,1,0
6,0.571,en,en,5,fr,1,0
7,0.5251,en,en,5,fr,1,0
8,0.6505,en,en,5,fr,1,0
9,0.7048,en,en,5,fr,1,0
10,0.7135,en,en,5,fr,1,0
11,0.6096,en,en,5,fr,1,0
12,0.3686,en,en,5,fr,1,0
0,0.9645,en,en,5,fr,2,0
1,0.9294,en,en,5,fr,2,0
2,0.8761,en,en,5,fr,2,0
3,0.8658,en,en,5,fr,2,0
4,0.8333,en,en,5,fr,2,0
5,0.8315,en,en,5,fr,2,0
6,0.6907,en,en,5,fr,2,0
7,0.5592,en,en,5,fr,2,0
8,0.662,en,en,5,fr,2,0
9,0.6812,en,en,5,fr,2,0
10,0.681,en,en,5,fr,2,0
11,0.5743,en,en,5,fr,2,0
12,0.3608,en,en,5,fr,2,0
0,0.957,en,en,5,fr,4,0
1,0.9369,en,en,5,fr,4,0
2,0.8711,en,en,5,fr,4,0
3,0.8677,en,en,5,fr,4,0
4,0.8273,en,en,5,fr,4,0
5,0.7695,en,en,5,fr,4,0
6,0.5691,en,en,5,fr,4,0
7,0.4903,en,en,5,fr,4,0
8,0.7066,en,en,5,fr,4,0
9,0.7048,en,en,5,fr,4,0
10,0.6961,en,en,5,fr,4,0
11,0.6189,en,en,5,fr,4,0
12,0.3555,en,en,5,fr,4,0
0,0.9718,en,en,5,fr,5,0
1,0.9218,en,en,5,fr,5,0
2,0.8666,en,en,5,fr,5,0
3,0.8612,en,en,5,fr,5,0
4,0.8278,en,en,5,fr,5,0
5,0.8065,en,en,5,fr,5,0
6,0.7454,en,en,5,fr,5,0
7,0.5678,en,en,5,fr,5,0
8,0.5604,en,en,5,fr,5,0
9,0.641,en,en,5,fr,5,0
10,0.751,en,en,5,fr,5,0
11,0.6087,en,en,5,fr,5,0
12,0.3558,en,en,5,fr,5,0
0,0.975,en,en,5,fr,6,0
1,0.9418,en,en,5,fr,6,0
2,0.8797,en,en,5,fr,6,0
3,0.8786,en,en,5,fr,6,0
4,0.8006,en,en,5,fr,6,0
5,0.8403,en,en,5,fr,6,0
6,0.6672,en,en,5,fr,6,0
7,0.5682,en,en,5,fr,6,0
8,0.6376,en,en,5,fr,6,0
9,0.7059,en,en,5,fr,6,0
10,0.7131,en,en,5,fr,6,0
11,0.6081,en,en,5,fr,6,0
12,0.3777,en,en,5,fr,6,0
0,0.9718,en,en,5,fr,7,0
1,0.9285,en,en,5,fr,7,0
2,0.8965,en,en,5,fr,7,0
3,0.8912,en,en,5,fr,7,0
4,0.8343,en,en,5,fr,7,0
5,0.8635,en,en,5,fr,7,0
6,0.7236,en,en,5,fr,7,0
7,0.5465,en,en,5,fr,7,0
8,0.6427,en,en,5,fr,7,0
9,0.7259,en,en,5,fr,7,0
10,0.7492,en,en,5,fr,7,0
11,0.6216,en,en,5,fr,7,0
12,0.3647,en,en,5,fr,7,0
0,0.9917,en,fr,1,fr,2,0
1,0.9439,en,fr,1,fr,2,0
2,0.8851,en,fr,1,fr,2,0
3,0.8898,en,fr,1,fr,2,0
4,0.8795,en,fr,1,fr,2,0
5,0.8584,en,fr,1,fr,2,0
6,0.745,en,fr,1,fr,2,0
7,0.7512,en,fr,1,fr,2,0
8,0.7992,en,fr,1,fr,2,0
9,0.7929,en,fr,1,fr,2,0
10,0.8212,en,fr,1,fr,2,0
11,0.8589,en,fr,1,fr,2,0
12,0.8538,en,fr,1,fr,2,0
0,0.9879,en,fr,1,fr,4,0
1,0.9492,en,fr,1,fr,4,0
2,0.8981,en,fr,1,fr,4,0
3,0.8994,en,fr,1,fr,4,0
4,0.9013,en,fr,1,fr,4,0
5,0.844,en,fr,1,fr,4,0
6,0.7721,en,fr,1,fr,4,0
7,0.7548,en,fr,1,fr,4,0
8,0.8045,en,fr,1,fr,4,0
9,0.8217,en,fr,1,fr,4,0
10,0.8532,en,fr,1,fr,4,0
11,0.8821,en,fr,1,fr,4,0
12,0.8498,en,fr,1,fr,4,0
0,0.9897,en,fr,1,fr,5,0
1,0.935,en,fr,1,fr,5,0
2,0.8917,en,fr,1,fr,5,0
3,0.8762,en,fr,1,fr,5,0
4,0.8683,en,fr,1,fr,5,0
5,0.8541,en,fr,1,fr,5,0
6,0.7178,en,fr,1,fr,5,0
7,0.7712,en,fr,1,fr,5,0
8,0.8015,en,fr,1,fr,5,0
9,0.809,en,fr,1,fr,5,0
10,0.8662,en,fr,1,fr,5,0
11,0.8628,en,fr,1,fr,5,0
12,0.8247,en,fr,1,fr,5,0
0,0.987,en,fr,1,fr,6,0
1,0.9401,en,fr,1,fr,6,0
2,0.8852,en,fr,1,fr,6,0
3,0.8752,en,fr,1,fr,6,0
4,0.8894,en,fr,1,fr,6,0
5,0.8747,en,fr,1,fr,6,0
6,0.7584,en,fr,1,fr,6,0
7,0.761,en,fr,1,fr,6,0
8,0.8144,en,fr,1,fr,6,0
9,0.8647,en,fr,1,fr,6,0
10,0.8748,en,fr,1,fr,6,0
11,0.8946,en,fr,1,fr,6,0
12,0.8437,en,fr,1,fr,6,0
0,0.9898,en,fr,1,fr,7,0
1,0.9536,en,fr,1,fr,7,0
2,0.9109,en,fr,1,fr,7,0
3,0.8896,en,fr,1,fr,7,0
4,0.8747,en,fr,1,fr,7,0
5,0.8444,en,fr,1,fr,7,0
6,0.7593,en,fr,1,fr,7,0
7,0.7665,en,fr,1,fr,7,0
8,0.8312,en,fr,1,fr,7,0
9,0.8449,en,fr,1,fr,7,0
10,0.8557,en,fr,1,fr,7,0
11,0.8686,en,fr,1,fr,7,0
12,0.8472,en,fr,1,fr,7,0
0,0.9846,en,fr,2,fr,4,0
1,0.9536,en,fr,2,fr,4,0
2,0.9107,en,fr,2,fr,4,0
3,0.9221,en,fr,2,fr,4,0
4,0.8899,en,fr,2,fr,4,0
5,0.8613,en,fr,2,fr,4,0
6,0.758,en,fr,2,fr,4,0
7,0.8128,en,fr,2,fr,4,0
8,0.8256,en,fr,2,fr,4,0
9,0.7969,en,fr,2,fr,4,0
10,0.8121,en,fr,2,fr,4,0
11,0.8445,en,fr,2,fr,4,0
12,0.828,en,fr,2,fr,4,0
0,0.9867,en,fr,2,fr,5,0
1,0.9244,en,fr,2,fr,5,0
2,0.8879,en,fr,2,fr,5,0
3,0.89,en,fr,2,fr,5,0
4,0.8799,en,fr,2,fr,5,0
5,0.8756,en,fr,2,fr,5,0
6,0.7976,en,fr,2,fr,5,0
7,0.8024,en,fr,2,fr,5,0
8,0.7852,en,fr,2,fr,5,0
9,0.7713,en,fr,2,fr,5,0
10,0.8191,en,fr,2,fr,5,0
11,0.8342,en,fr,2,fr,5,0
12,0.818,en,fr,2,fr,5,0
0,0.9804,en,fr,2,fr,6,0
1,0.952,en,fr,2,fr,6,0
2,0.9138,en,fr,2,fr,6,0
3,0.9034,en,fr,2,fr,6,0
4,0.8757,en,fr,2,fr,6,0
5,0.8956,en,fr,2,fr,6,0
6,0.7966,en,fr,2,fr,6,0
7,0.7788,en,fr,2,fr,6,0
8,0.7612,en,fr,2,fr,6,0
9,0.7873,en,fr,2,fr,6,0
10,0.777,en,fr,2,fr,6,0
11,0.8529,en,fr,2,fr,6,0
12,0.8171,en,fr,2,fr,6,0
0,0.9866,en,fr,2,fr,7,0
1,0.9538,en,fr,2,fr,7,0
2,0.9068,en,fr,2,fr,7,0
3,0.9004,en,fr,2,fr,7,0
4,0.8819,en,fr,2,fr,7,0
5,0.8929,en,fr,2,fr,7,0
6,0.8214,en,fr,2,fr,7,0
7,0.837,en,fr,2,fr,7,0
8,0.8282,en,fr,2,fr,7,0
9,0.8181,en,fr,2,fr,7,0
10,0.8335,en,fr,2,fr,7,0
11,0.8491,en,fr,2,fr,7,0
12,0.8301,en,fr,2,fr,7,0
0,0.9874,en,fr,4,fr,5,0
1,0.9435,en,fr,4,fr,5,0
2,0.907,en,fr,4,fr,5,0
3,0.9025,en,fr,4,fr,5,0
4,0.8861,en,fr,4,fr,5,0
5,0.8277,en,fr,4,fr,5,0
6,0.7216,en,fr,4,fr,5,0
7,0.7791,en,fr,4,fr,5,0
8,0.7536,en,fr,4,fr,5,0
9,0.7836,en,fr,4,fr,5,0
10,0.8222,en,fr,4,fr,5,0
11,0.8355,en,fr,4,fr,5,0
12,0.8334,en,fr,4,fr,5,0
0,0.9808,en,fr,4,fr,6,0
1,0.9604,en,fr,4,fr,6,0
2,0.9252,en,fr,4,fr,6,0
3,0.9098,en,fr,4,fr,6,0
4,0.9141,en,fr,4,fr,6,0
5,0.8481,en,fr,4,fr,6,0
6,0.7643,en,fr,4,fr,6,0
7,0.7594,en,fr,4,fr,6,0
8,0.7825,en,fr,4,fr,6,0
9,0.8062,en,fr,4,fr,6,0
10,0.8319,en,fr,4,fr,6,0
11,0.8887,en,fr,4,fr,6,0
12,0.8526,en,fr,4,fr,6,0
0,0.9875,en,fr,4,fr,7,0
1,0.9567,en,fr,4,fr,7,0
2,0.9239,en,fr,4,fr,7,0
3,0.9088,en,fr,4,fr,7,0
4,0.9079,en,fr,4,fr,7,0
5,0.8625,en,fr,4,fr,7,0
6,0.7985,en,fr,4,fr,7,0
7,0.8195,en,fr,4,fr,7,0
8,0.8027,en,fr,4,fr,7,0
9,0.8387,en,fr,4,fr,7,0
10,0.8494,en,fr,4,fr,7,0
11,0.8728,en,fr,4,fr,7,0
12,0.8466,en,fr,4,fr,7,0
0,0.9826,en,fr,5,fr,6,0
1,0.9366,en,fr,5,fr,6,0
2,0.8897,en,fr,5,fr,6,0
3,0.891,en,fr,5,fr,6,0
4,0.8801,en,fr,5,fr,6,0
5,0.8842,en,fr,5,fr,6,0
6,0.823,en,fr,5,fr,6,0
7,0.8325,en,fr,5,fr,6,0
8,0.8139,en,fr,5,fr,6,0
9,0.8402,en,fr,5,fr,6,0
10,0.8699,en,fr,5,fr,6,0
11,0.8566,en,fr,5,fr,6,0
12,0.829,en,fr,5,fr,6,0
0,0.9898,en,fr,5,fr,7,0
1,0.9351,en,fr,5,fr,7,0
2,0.9104,en,fr,5,fr,7,0
3,0.8973,en,fr,5,fr,7,0
4,0.8964,en,fr,5,fr,7,0
5,0.8687,en,fr,5,fr,7,0
6,0.8024,en,fr,5,fr,7,0
7,0.8124,en,fr,5,fr,7,0
8,0.8259,en,fr,5,fr,7,0
9,0.8287,en,fr,5,fr,7,0
10,0.8628,en,fr,5,fr,7,0
11,0.8429,en,fr,5,fr,7,0
12,0.8299,en,fr,5,fr,7,0
0,0.9794,en,fr,6,fr,7,0
1,0.9506,en,fr,6,fr,7,0
2,0.9285,en,fr,6,fr,7,0
3,0.9177,en,fr,6,fr,7,0
4,0.8941,en,fr,6,fr,7,0
5,0.8938,en,fr,6,fr,7,0
6,0.7998,en,fr,6,fr,7,0
7,0.7973,en,fr,6,fr,7,0
8,0.8077,en,fr,6,fr,7,0
9,0.8534,en,fr,6,fr,7,0
10,0.8467,en,fr,6,fr,7,0
11,0.8846,en,fr,6,fr,7,0
12,0.8398,en,fr,6,fr,7,0
0,0.9905,en,en2fr,1,en,1,3360
0,0.9561,en,en2fr,1,en,2,3360
0,0.9723,en,en2fr,1,en,3,3360
0,0.9916,en,en2fr,1,en,4,3360
0,0.9765,en,en2fr,1,en,5,3360
0,0.9907,en,en2fr,1,fr,1,3360
0,0.9852,en,en2fr,1,fr,2,3360
0,0.9869,en,en2fr,1,fr,4,3360
0,0.9891,en,en2fr,1,fr,5,3360
0,0.9868,en,en2fr,1,fr,6,3360
0,0.9911,en,en2fr,1,fr,7,3360
0,0.9881,en,en2fr,2,en,1,3360
0,0.952,en,en2fr,2,en,2,3360
0,0.9638,en,en2fr,2,en,3,3360
0,0.9892,en,en2fr,2,en,4,3360
0,0.9666,en,en2fr,2,en,5,3360
0,0.9885,en,en2fr,2,fr,1,3360
0,0.9869,en,en2fr,2,fr,2,3360
0,0.9909,en,en2fr,2,fr,4,3360
0,0.9901,en,en2fr,2,fr,5,3360
0,0.9849,en,en2fr,2,fr,6,3360
0,0.9904,en,en2fr,2,fr,7,3360
0,0.9891,en,en2fr,3,en,1,3360
0,0.9664,en,en2fr,3,en,2,3360
0,0.9752,en,en2fr,3,en,3,3360
0,0.984,en,en2fr,3,en,4,3360
0,0.9755,en,en2fr,3,en,5,3360
0,0.988,en,en2fr,3,fr,1,3360
0,0.9868,en,en2fr,3,fr,2,3360
0,0.9826,en,en2fr,3,fr,4,3360
0,0.9856,en,en2fr,3,fr,5,3360
0,0.991,en,en2fr,3,fr,6,3360
0,0.9852,en,en2fr,3,fr,7,3360
1,0.9461,en,en2fr,1,en,1,3360
1,0.9171,en,en2fr,1,en,2,3360
1,0.9433,en,en2fr,1,en,3,3360
1,0.9459,en,en2fr,1,en,4,3360
1,0.9355,en,en2fr,1,en,5,3360
1,0.9435,en,en2fr,1,fr,1,3360
1,0.9553,en,en2fr,1,fr,2,3360
1,0.9587,en,en2fr,1,fr,4,3360
1,0.9345,en,en2fr,1,fr,5,3360
1,0.9524,en,en2fr,1,fr,6,3360
1,0.9488,en,en2fr,1,fr,7,3360
1,0.9537,en,en2fr,2,en,1,3360
1,0.9234,en,en2fr,2,en,2,3360
1,0.9428,en,en2fr,2,en,3,3360
1,0.9517,en,en2fr,2,en,4,3360
1,0.9413,en,en2fr,2,en,5,3360
1,0.9543,en,en2fr,2,fr,1,3360
1,0.9612,en,en2fr,2,fr,2,3360
1,0.9574,en,en2fr,2,fr,4,3360
1,0.9372,en,en2fr,2,fr,5,3360
1,0.9515,en,en2fr,2,fr,6,3360
1,0.9671,en,en2fr,2,fr,7,3360
1,0.9445,en,en2fr,3,en,1,3360
1,0.9137,en,en2fr,3,en,2,3360
1,0.9306,en,en2fr,3,en,3,3360
1,0.9448,en,en2fr,3,en,4,3360
1,0.9265,en,en2fr,3,en,5,3360
1,0.9481,en,en2fr,3,fr,1,3360
1,0.9547,en,en2fr,3,fr,2,3360
1,0.9495,en,en2fr,3,fr,4,3360
1,0.9221,en,en2fr,3,fr,5,3360
1,0.9519,en,en2fr,3,fr,6,3360
1,0.958,en,en2fr,3,fr,7,3360
2,0.8761,en,en2fr,1,en,1,3360
2,0.8679,en,en2fr,1,en,2,3360
2,0.88,en,en2fr,1,en,3,3360
2,0.8729,en,en2fr,1,en,4,3360
2,0.8885,en,en2fr,1,en,5,3360
2,0.8451,en,en2fr,1,fr,1,3360
2,0.8789,en,en2fr,1,fr,2,3360
2,0.8652,en,en2fr,1,fr,4,3360
2,0.8613,en,en2fr,1,fr,5,3360
2,0.8896,en,en2fr,1,fr,6,3360
2,0.8894,en,en2fr,1,fr,7,3360
2,0.8967,en,en2fr,2,en,1,3360
2,0.8871,en,en2fr,2,en,2,3360
2,0.8857,en,en2fr,2,en,3,3360
2,0.8916,en,en2fr,2,en,4,3360
2,0.8923,en,en2fr,2,en,5,3360
2,0.8848,en,en2fr,2,fr,1,3360
2,0.9066,en,en2fr,2,fr,2,3360
2,0.9073,en,en2fr,2,fr,4,3360
2,0.8914,en,en2fr,2,fr,5,3360
2,0.9113,en,en2fr,2,fr,6,3360
2,0.918,en,en2fr,2,fr,7,3360
2,0.9033,en,en2fr,3,en,1,3360
2,0.8875,en,en2fr,3,en,2,3360
2,0.8753,en,en2fr,3,en,3,3360
2,0.9092,en,en2fr,3,en,4,3360
2,0.8752,en,en2fr,3,en,5,3360
2,0.9133,en,en2fr,3,fr,1,3360
2,0.9067,en,en2fr,3,fr,2,3360
2,0.9119,en,en2fr,3,fr,4,3360
2,0.9032,en,en2fr,3,fr,5,3360
2,0.9123,en,en2fr,3,fr,6,3360
2,0.9203,en,en2fr,3,fr,7,3360
3,0.8554,en,en2fr,1,en,1,3360
3,0.8716,en,en2fr,1,en,2,3360
3,0.8685,en,en2fr,1,en,3,3360
3,0.8478,en,en2fr,1,en,4,3360
3,0.8764,en,en2fr,1,en,5,3360
3,0.8359,en,en2fr,1,fr,1,3360
3,0.88,en,en2fr,1,fr,2,3360
3,0.8805,en,en2fr,1,fr,4,3360
3,0.8748,en,en2fr,1,fr,5,3360
3,0.8948,en,en2fr,1,fr,6,3360
3,0.896,en,en2fr,1,fr,7,3360
3,0.8844,en,en2fr,2,en,1,3360
3,0.8924,en,en2fr,2,en,2,3360
3,0.8786,en,en2fr,2,en,3,3360
3,0.8772,en,en2fr,2,en,4,3360
3,0.8792,en,en2fr,2,en,5,3360
3,0.883,en,en2fr,2,fr,1,3360
3,0.8981,en,en2fr,2,fr,2,3360
3,0.911,en,en2fr,2,fr,4,3360
3,0.8946,en,en2fr,2,fr,5,3360
3,0.907,en,en2fr,2,fr,6,3360
3,0.914,en,en2fr,2,fr,7,3360
3,0.8927,en,en2fr,3,en,1,3360
3,0.908,en,en2fr,3,en,2,3360
3,0.8742,en,en2fr,3,en,3,3360
3,0.9048,en,en2fr,3,en,4,3360
3,0.8899,en,en2fr,3,en,5,3360
3,0.878,en,en2fr,3,fr,1,3360
3,0.887,en,en2fr,3,fr,2,3360
3,0.894,en,en2fr,3,fr,4,3360
3,0.8905,en,en2fr,3,fr,5,3360
3,0.9002,en,en2fr,3,fr,6,3360
3,0.9125,en,en2fr,3,fr,7,3360
4,0.8181,en,en2fr,1,en,1,3360
4,0.8225,en,en2fr,1,en,2,3360
4,0.8316,en,en2fr,1,en,3,3360
4,0.8008,en,en2fr,1,en,4,3360
4,0.8258,en,en2fr,1,en,5,3360
4,0.8028,en,en2fr,1,fr,1,3360
4,0.8695,en,en2fr,1,fr,2,3360
4,0.8603,en,en2fr,1,fr,4,3360
4,0.8613,en,en2fr,1,fr,5,3360
4,0.8356,en,en2fr,1,fr,6,3360
4,0.8755,en,en2fr,1,fr,7,3360
4,0.8459,en,en2fr,2,en,1,3360
4,0.8278,en,en2fr,2,en,2,3360
4,0.83,en,en2fr,2,en,3,3360
4,0.8183,en,en2fr,2,en,4,3360
4,0.816,en,en2fr,2,en,5,3360
4,0.8424,en,en2fr,2,fr,1,3360
4,0.8565,en,en2fr,2,fr,2,3360
4,0.8643,en,en2fr,2,fr,4,3360
4,0.8453,en,en2fr,2,fr,5,3360
4,0.8415,en,en2fr,2,fr,6,3360
4,0.8738,en,en2fr,2,fr,7,3360
4,0.8241,en,en2fr,3,en,1,3360
4,0.8056,en,en2fr,3,en,2,3360
4,0.8148,en,en2fr,3,en,3,3360
4,0.8186,en,en2fr,3,en,4,3360
4,0.7826,en,en2fr,3,en,5,3360
4,0.8292,en,en2fr,3,fr,1,3360
4,0.8233,en,en2fr,3,fr,2,3360
4,0.8785,en,en2fr,3,fr,4,3360
4,0.8326,en,en2fr,3,fr,5,3360
4,0.85,en,en2fr,3,fr,6,3360
4,0.8715,en,en2fr,3,fr,7,3360
5,0.7143,en,en2fr,1,en,1,3360
5,0.7114,en,en2fr,1,en,2,3360
5,0.5971,en,en2fr,1,en,3,3360
5,0.6913,en,en2fr,1,en,4,3360
5,0.7207,en,en2fr,1,en,5,3360
5,0.765,en,en2fr,1,fr,1,3360
5,0.7995,en,en2fr,1,fr,2,3360
5,0.8432,en,en2fr,1,fr,4,3360
5,0.7531,en,en2fr,1,fr,5,3360
5,0.7757,en,en2fr,1,fr,6,3360
5,0.8003,en,en2fr,1,fr,7,3360
5,0.6889,en,en2fr,2,en,1,3360
5,0.686,en,en2fr,2,en,2,3360
5,0.5636,en,en2fr,2,en,3,3360
5,0.6649,en,en2fr,2,en,4,3360
5,0.694,en,en2fr,2,en,5,3360
5,0.7637,en,en2fr,2,fr,1,3360
5,0.7769,en,en2fr,2,fr,2,3360
5,0.8271,en,en2fr,2,fr,4,3360
5,0.7454,en,en2fr,2,fr,5,3360
5,0.7524,en,en2fr,2,fr,6,3360
5,0.7914,en,en2fr,2,fr,7,3360
5,0.7991,en,en2fr,3,en,1,3360
5,0.7766,en,en2fr,3,en,2,3360
5,0.6724,en,en2fr,3,en,3,3360
5,0.7698,en,en2fr,3,en,4,3360
5,0.7865,en,en2fr,3,en,5,3360
5,0.8253,en,en2fr,3,fr,1,3360
5,0.8415,en,en2fr,3,fr,2,3360
5,0.8533,en,en2fr,3,fr,4,3360
5,0.8129,en,en2fr,3,fr,5,3360
5,0.8265,en,en2fr,3,fr,6,3360
5,0.8525,en,en2fr,3,fr,7,3360
6,0.5484,en,en2fr,1,en,1,3360
6,0.5995,en,en2fr,1,en,2,3360
6,0.5975,en,en2fr,1,en,3,3360
6,0.599,en,en2fr,1,en,4,3360
6,0.6597,en,en2fr,1,en,5,3360
6,0.7438,en,en2fr,1,fr,1,3360
6,0.7973,en,en2fr,1,fr,2,3360
6,0.8182,en,en2fr,1,fr,4,3360
6,0.7756,en,en2fr,1,fr,5,3360
6,0.7835,en,en2fr,1,fr,6,3360
6,0.8118,en,en2fr,1,fr,7,3360
6,0.4273,en,en2fr,2,en,1,3360
6,0.4568,en,en2fr,2,en,2,3360
6,0.433,en,en2fr,2,en,3,3360
6,0.4478,en,en2fr,2,en,4,3360
6,0.5083,en,en2fr,2,en,5,3360
6,0.715,en,en2fr,2,fr,1,3360
6,0.7385,en,en2fr,2,fr,2,3360
6,0.7767,en,en2fr,2,fr,4,3360
6,0.6959,en,en2fr,2,fr,5,3360
6,0.7207,en,en2fr,2,fr,6,3360
6,0.7347,en,en2fr,2,fr,7,3360
6,0.5404,en,en2fr,3,en,1,3360
6,0.5734,en,en2fr,3,en,2,3360
6,0.5647,en,en2fr,3,en,3,3360
6,0.5798,en,en2fr,3,en,4,3360
6,0.6274,en,en2fr,3,en,5,3360
6,0.7783,en,en2fr,3,fr,1,3360
6,0.7842,en,en2fr,3,fr,2,3360
6,0.8256,en,en2fr,3,fr,4,3360
6,0.762,en,en2fr,3,fr,5,3360
6,0.8063,en,en2fr,3,fr,6,3360
6,0.8055,en,en2fr,3,fr,7,3360
7,0.6412,en,en2fr,1,en,1,3360
7,0.7112,en,en2fr,1,en,2,3360
7,0.636,en,en2fr,1,en,3,3360
7,0.6465,en,en2fr,1,en,4,3360
7,0.6325,en,en2fr,1,en,5,3360
7,0.7315,en,en2fr,1,fr,1,3360
7,0.8191,en,en2fr,1,fr,2,3360
7,0.801,en,en2fr,1,fr,4,3360
7,0.788,en,en2fr,1,fr,5,3360
7,0.7676,en,en2fr,1,fr,6,3360
7,0.8095,en,en2fr,1,fr,7,3360
7,0.5086,en,en2fr,2,en,1,3360
7,0.5168,en,en2fr,2,en,2,3360
7,0.4289,en,en2fr,2,en,3,3360
7,0.4508,en,en2fr,2,en,4,3360
7,0.4213,en,en2fr,2,en,5,3360
7,0.6885,en,en2fr,2,fr,1,3360
7,0.7873,en,en2fr,2,fr,2,3360
7,0.805,en,en2fr,2,fr,4,3360
7,0.7434,en,en2fr,2,fr,5,3360
7,0.7399,en,en2fr,2,fr,6,3360
7,0.8022,en,en2fr,2,fr,7,3360
7,0.575,en,en2fr,3,en,1,3360
7,0.6045,en,en2fr,3,en,2,3360
7,0.5132,en,en2fr,3,en,3,3360
7,0.5438,en,en2fr,3,en,4,3360
7,0.5164,en,en2fr,3,en,5,3360
7,0.7489,en,en2fr,3,fr,1,3360
7,0.8392,en,en2fr,3,fr,2,3360
7,0.8329,en,en2fr,3,fr,4,3360
7,0.7945,en,en2fr,3,fr,5,3360
7,0.7942,en,en2fr,3,fr,6,3360
7,0.8282,en,en2fr,3,fr,7,3360
8,0.7263,en,en2fr,1,en,1,3360
8,0.6874,en,en2fr,1,en,2,3360
8,0.7,en,en2fr,1,en,3,3360
8,0.7261,en,en2fr,1,en,4,3360
8,0.724,en,en2fr,1,en,5,3360
8,0.7975,en,en2fr,1,fr,1,3360
8,0.8267,en,en2fr,1,fr,2,3360
8,0.8344,en,en2fr,1,fr,4,3360
8,0.7447,en,en2fr,1,fr,5,3360
8,0.7656,en,en2fr,1,fr,6,3360
8,0.8094,en,en2fr,1,fr,7,3360
8,0.6654,en,en2fr,2,en,1,3360
8,0.5775,en,en2fr,2,en,2,3360
8,0.6071,en,en2fr,2,en,3,3360
8,0.615,en,en2fr,2,en,4,3360
8,0.6138,en,en2fr,2,en,5,3360
8,0.7949,en,en2fr,2,fr,1,3360
8,0.8235,en,en2fr,2,fr,2,3360
8,0.8224,en,en2fr,2,fr,4,3360
8,0.7919,en,en2fr,2,fr,5,3360
8,0.7628,en,en2fr,2,fr,6,3360
8,0.835,en,en2fr,2,fr,7,3360
8,0.6997,en,en2fr,3,en,1,3360
8,0.6405,en,en2fr,3,en,2,3360
8,0.6563,en,en2fr,3,en,3,3360
8,0.6988,en,en2fr,3,en,4,3360
8,0.6835,en,en2fr,3,en,5,3360
8,0.8051,en,en2fr,3,fr,1,3360
8,0.8465,en,en2fr,3,fr,2,3360
8,0.85,en,en2fr,3,fr,4,3360
8,0.7647,en,en2fr,3,fr,5,3360
8,0.791,en,en2fr,3,fr,6,3360
8,0.8322,en,en2fr,3,fr,7,3360
9,0.7157,en,en2fr,1,en,1,3360
9,0.7141,en,en2fr,1,en,2,3360
9,0.6871,en,en2fr,1,en,3,3360
9,0.6817,en,en2fr,1,en,4,3360
9,0.7061,en,en2fr,1,en,5,3360
9,0.8316,en,en2fr,1,fr,1,3360
9,0.8179,en,en2fr,1,fr,2,3360
9,0.8322,en,en2fr,1,fr,4,3360
9,0.8084,en,en2fr,1,fr,5,3360
9,0.838,en,en2fr,1,fr,6,3360
9,0.8546,en,en2fr,1,fr,7,3360
9,0.6965,en,en2fr,2,en,1,3360
9,0.6718,en,en2fr,2,en,2,3360
9,0.6623,en,en2fr,2,en,3,3360
9,0.6198,en,en2fr,2,en,4,3360
9,0.6487,en,en2fr,2,en,5,3360
9,0.8275,en,en2fr,2,fr,1,3360
9,0.7583,en,en2fr,2,fr,2,3360
9,0.8099,en,en2fr,2,fr,4,3360
9,0.8346,en,en2fr,2,fr,5,3360
9,0.8354,en,en2fr,2,fr,6,3360
9,0.8382,en,en2fr,2,fr,7,3360
9,0.7267,en,en2fr,3,en,1,3360
9,0.7204,en,en2fr,3,en,2,3360
9,0.6966,en,en2fr,3,en,3,3360
9,0.6925,en,en2fr,3,en,4,3360
9,0.6969,en,en2fr,3,en,5,3360
9,0.8492,en,en2fr,3,fr,1,3360
9,0.7944,en,en2fr,3,fr,2,3360
9,0.829,en,en2fr,3,fr,4,3360
9,0.8275,en,en2fr,3,fr,5,3360
9,0.8405,en,en2fr,3,fr,6,3360
9,0.8612,en,en2fr,3,fr,7,3360
10,0.6903,en,en2fr,1,en,1,3360
10,0.7161,en,en2fr,1,en,2,3360
10,0.6544,en,en2fr,1,en,3,3360
10,0.6517,en,en2fr,1,en,4,3360
10,0.7111,en,en2fr,1,en,5,3360
10,0.8481,en,en2fr,1,fr,1,3360
10,0.8168,en,en2fr,1,fr,2,3360
10,0.839,en,en2fr,1,fr,4,3360
10,0.8434,en,en2fr,1,fr,5,3360
10,0.8462,en,en2fr,1,fr,6,3360
10,0.8513,en,en2fr,1,fr,7,3360
10,0.6611,en,en2fr,2,en,1,3360
10,0.6696,en,en2fr,2,en,2,3360
10,0.6215,en,en2fr,2,en,3,3360
10,0.5758,en,en2fr,2,en,4,3360
10,0.6558,en,en2fr,2,en,5,3360
10,0.8538,en,en2fr,2,fr,1,3360
10,0.7511,en,en2fr,2,fr,2,3360
10,0.8104,en,en2fr,2,fr,4,3360
10,0.8075,en,en2fr,2,fr,5,3360
10,0.8699,en,en2fr,2,fr,6,3360
10,0.8105,en,en2fr,2,fr,7,3360
10,0.7029,en,en2fr,3,en,1,3360
10,0.7121,en,en2fr,3,en,2,3360
10,0.6621,en,en2fr,3,en,3,3360
10,0.6717,en,en2fr,3,en,4,3360
10,0.708,en,en2fr,3,en,5,3360
10,0.8575,en,en2fr,3,fr,1,3360
10,0.8281,en,en2fr,3,fr,2,3360
10,0.8513,en,en2fr,3,fr,4,3360
10,0.8471,en,en2fr,3,fr,5,3360
10,0.8564,en,en2fr,3,fr,6,3360
10,0.8489,en,en2fr,3,fr,7,3360
11,0.5754,en,en2fr,1,en,1,3360
11,0.5936,en,en2fr,1,en,2,3360
11,0.5744,en,en2fr,1,en,3,3360
11,0.5047,en,en2fr,1,en,4,3360
11,0.6064,en,en2fr,1,en,5,3360
11,0.843,en,en2fr,1,fr,1,3360
11,0.8189,en,en2fr,1,fr,2,3360
11,0.8541,en,en2fr,1,fr,4,3360
11,0.8324,en,en2fr,1,fr,5,3360
11,0.8628,en,en2fr,1,fr,6,3360
11,0.8466,en,en2fr,1,fr,7,3360
11,0.5841,en,en2fr,2,en,1,3360
11,0.5852,en,en2fr,2,en,2,3360
11,0.5915,en,en2fr,2,en,3,3360
11,0.5115,en,en2fr,2,en,4,3360
11,0.604,en,en2fr,2,en,5,3360
11,0.8704,en,en2fr,2,fr,1,3360
11,0.8398,en,en2fr,2,fr,2,3360
11,0.8704,en,en2fr,2,fr,4,3360
11,0.835,en,en2fr,2,fr,5,3360
11,0.8742,en,en2fr,2,fr,6,3360
11,0.8611,en,en2fr,2,fr,7,3360
11,0.5762,en,en2fr,3,en,1,3360
11,0.5831,en,en2fr,3,en,2,3360
11,0.5893,en,en2fr,3,en,3,3360
11,0.5217,en,en2fr,3,en,4,3360
11,0.6089,en,en2fr,3,en,5,3360
11,0.8618,en,en2fr,3,fr,1,3360
11,0.8443,en,en2fr,3,fr,2,3360
11,0.8608,en,en2fr,3,fr,4,3360
11,0.8411,en,en2fr,3,fr,5,3360
11,0.8683,en,en2fr,3,fr,6,3360
11,0.8525,en,en2fr,3,fr,7,3360
12,0.506,en,en2fr,1,en,1,3360
12,0.4829,en,en2fr,1,en,2,3360
12,0.4721,en,en2fr,1,en,3,3360
12,0.4775,en,en2fr,1,en,4,3360
12,0.372,en,en2fr,1,en,5,3360
12,0.8553,en,en2fr,1,fr,1,3360
12,0.838,en,en2fr,1,fr,2,3360
12,0.853,en,en2fr,1,fr,4,3360
12,0.8283,en,en2fr,1,fr,5,3360
12,0.84,en,en2fr,1,fr,6,3360
12,0.8451,en,en2fr,1,fr,7,3360
12,0.4917,en,en2fr,2,en,1,3360
12,0.4641,en,en2fr,2,en,2,3360
12,0.4644,en,en2fr,2,en,3,3360
12,0.4753,en,en2fr,2,en,4,3360
12,0.3534,en,en2fr,2,en,5,3360
12,0.8574,en,en2fr,2,fr,1,3360
12,0.8353,en,en2fr,2,fr,2,3360
12,0.8581,en,en2fr,2,fr,4,3360
12,0.8232,en,en2fr,2,fr,5,3360
12,0.8351,en,en2fr,2,fr,6,3360
12,0.8445,en,en2fr,2,fr,7,3360
12,0.4784,en,en2fr,3,en,1,3360
12,0.4689,en,en2fr,3,en,2,3360
12,0.463,en,en2fr,3,en,3,3360
12,0.4834,en,en2fr,3,en,4,3360
12,0.3606,en,en2fr,3,en,5,3360
12,0.8412,en,en2fr,3,fr,1,3360
12,0.8298,en,en2fr,3,fr,2,3360
12,0.8371,en,en2fr,3,fr,4,3360
12,0.8292,en,en2fr,3,fr,5,3360
12,0.8298,en,en2fr,3,fr,6,3360
12,0.8325,en,en2fr,3,fr,7,3360
0,0.9882,en,en2fr,1,en,1,5040
0,0.9557,en,en2fr,1,en,2,5040
0,0.9742,en,en2fr,1,en,3,5040
0,0.9899,en,en2fr,1,en,4,5040
0,0.9791,en,en2fr,1,en,5,5040
0,0.9921,en,en2fr,1,fr,1,5040
0,0.9857,en,en2fr,1,fr,2,5040
0,0.9843,en,en2fr,1,fr,4,5040
0,0.9904,en,en2fr,1,fr,5,5040
0,0.9858,en,en2fr,1,fr,6,5040
0,0.9913,en,en2fr,1,fr,7,5040
0,0.9886,en,en2fr,2,en,1,5040
0,0.9498,en,en2fr,2,en,2,5040
0,0.9625,en,en2fr,2,en,3,5040
0,0.9866,en,en2fr,2,en,4,5040
0,0.9679,en,en2fr,2,en,5,5040
0,0.9899,en,en2fr,2,fr,1,5040
0,0.9827,en,en2fr,2,fr,2,5040
0,0.9902,en,en2fr,2,fr,4,5040
0,0.9871,en,en2fr,2,fr,5,5040
0,0.9871,en,en2fr,2,fr,6,5040
0,0.9865,en,en2fr,2,fr,7,5040
0,0.9893,en,en2fr,3,en,1,5040
0,0.9674,en,en2fr,3,en,2,5040
0,0.9786,en,en2fr,3,en,3,5040
0,0.9871,en,en2fr,3,en,4,5040
0,0.978,en,en2fr,3,en,5,5040
0,0.9891,en,en2fr,3,fr,1,5040
0,0.9869,en,en2fr,3,fr,2,5040
0,0.9815,en,en2fr,3,fr,4,5040
0,0.988,en,en2fr,3,fr,5,5040
0,0.9889,en,en2fr,3,fr,6,5040
0,0.9882,en,en2fr,3,fr,7,5040
1,0.9467,en,en2fr,1,en,1,5040
1,0.9126,en,en2fr,1,en,2,5040
1,0.9327,en,en2fr,1,en,3,5040
1,0.946,en,en2fr,1,en,4,5040
1,0.931,en,en2fr,1,en,5,5040
1,0.9515,en,en2fr,1,fr,1,5040
1,0.9581,en,en2fr,1,fr,2,5040
1,0.9573,en,en2fr,1,fr,4,5040
1,0.9291,en,en2fr,1,fr,5,5040
1,0.9516,en,en2fr,1,fr,6,5040
1,0.9532,en,en2fr,1,fr,7,5040
1,0.9483,en,en2fr,2,en,1,5040
1,0.9117,en,en2fr,2,en,2,5040
1,0.9308,en,en2fr,2,en,3,5040
1,0.9449,en,en2fr,2,en,4,5040
1,0.9308,en,en2fr,2,en,5,5040
1,0.953,en,en2fr,2,fr,1,5040
1,0.9596,en,en2fr,2,fr,2,5040
1,0.9581,en,en2fr,2,fr,4,5040
1,0.9311,en,en2fr,2,fr,5,5040
1,0.9498,en,en2fr,2,fr,6,5040
1,0.959,en,en2fr,2,fr,7,5040
1,0.9429,en,en2fr,3,en,1,5040
1,0.9095,en,en2fr,3,en,2,5040
1,0.9254,en,en2fr,3,en,3,5040
1,0.9444,en,en2fr,3,en,4,5040
1,0.9253,en,en2fr,3,en,5,5040
1,0.9504,en,en2fr,3,fr,1,5040
1,0.9574,en,en2fr,3,fr,2,5040
1,0.9518,en,en2fr,3,fr,4,5040
1,0.9279,en,en2fr,3,fr,5,5040
1,0.9535,en,en2fr,3,fr,6,5040
1,0.9665,en,en2fr,3,fr,7,5040
2,0.9023,en,en2fr,1,en,1,5040
2,0.8933,en,en2fr,1,en,2,5040
2,0.8861,en,en2fr,1,en,3,5040
2,0.8985,en,en2fr,1,en,4,5040
2,0.8914,en,en2fr,1,en,5,5040
2,0.8887,en,en2fr,1,fr,1,5040
2,0.9123,en,en2fr,1,fr,2,5040
2,0.9201,en,en2fr,1,fr,4,5040
2,0.8996,en,en2fr,1,fr,5,5040
2,0.9265,en,en2fr,1,fr,6,5040
2,0.9265,en,en2fr,1,fr,7,5040
2,0.8958,en,en2fr,2,en,1,5040
2,0.8797,en,en2fr,2,en,2,5040
2,0.871,en,en2fr,2,en,3,5040
2,0.8962,en,en2fr,2,en,4,5040
2,0.8814,en,en2fr,2,en,5,5040
2,0.8926,en,en2fr,2,fr,1,5040
2,0.8985,en,en2fr,2,fr,2,5040
2,0.9043,en,en2fr,2,fr,4,5040
2,0.8915,en,en2fr,2,fr,5,5040
2,0.9067,en,en2fr,2,fr,6,5040
2,0.9232,en,en2fr,2,fr,7,5040
2,0.9025,en,en2fr,3,en,1,5040
2,0.8807,en,en2fr,3,en,2,5040
2,0.8709,en,en2fr,3,en,3,5040
2,0.9162,en,en2fr,3,en,4,5040
2,0.8798,en,en2fr,3,en,5,5040
2,0.9179,en,en2fr,3,fr,1,5040
2,0.8933,en,en2fr,3,fr,2,5040
2,0.9117,en,en2fr,3,fr,4,5040
2,0.9183,en,en2fr,3,fr,5,5040
2,0.9079,en,en2fr,3,fr,6,5040
2,0.9308,en,en2fr,3,fr,7,5040
3,0.8951,en,en2fr,1,en,1,5040
3,0.8983,en,en2fr,1,en,2,5040
3,0.8852,en,en2fr,1,en,3,5040
3,0.8845,en,en2fr,1,en,4,5040
3,0.8853,en,en2fr,1,en,5,5040
3,0.8927,en,en2fr,1,fr,1,5040
3,0.9132,en,en2fr,1,fr,2,5040
3,0.9149,en,en2fr,1,fr,4,5040
3,0.8973,en,en2fr,1,fr,5,5040
3,0.9133,en,en2fr,1,fr,6,5040
3,0.9221,en,en2fr,1,fr,7,5040
3,0.8797,en,en2fr,2,en,1,5040
3,0.8767,en,en2fr,2,en,2,5040
3,0.8656,en,en2fr,2,en,3,5040
3,0.8746,en,en2fr,2,en,4,5040
3,0.8673,en,en2fr,2,en,5,5040
3,0.8892,en,en2fr,2,fr,1,5040
3,0.8891,en,en2fr,2,fr,2,5040
3,0.8992,en,en2fr,2,fr,4,5040
3,0.8872,en,en2fr,2,fr,5,5040
3,0.8904,en,en2fr,2,fr,6,5040
3,0.8997,en,en2fr,2,fr,7,5040
3,0.889,en,en2fr,3,en,1,5040
3,0.8833,en,en2fr,3,en,2,5040
3,0.8648,en,en2fr,3,en,3,5040
3,0.8936,en,en2fr,3,en,4,5040
3,0.8716,en,en2fr,3,en,5,5040
3,0.8831,en,en2fr,3,fr,1,5040
3,0.8772,en,en2fr,3,fr,2,5040
3,0.8939,en,en2fr,3,fr,4,5040
3,0.8842,en,en2fr,3,fr,5,5040
3,0.889,en,en2fr,3,fr,6,5040
3,0.9088,en,en2fr,3,fr,7,5040
4,0.855,en,en2fr,1,en,1,5040
4,0.8288,en,en2fr,1,en,2,5040
4,0.8447,en,en2fr,1,en,3,5040
4,0.8326,en,en2fr,1,en,4,5040
4,0.8238,en,en2fr,1,en,5,5040
4,0.8801,en,en2fr,1,fr,1,5040
4,0.8797,en,en2fr,1,fr,2,5040
4,0.9194,en,en2fr,1,fr,4,5040
4,0.8773,en,en2fr,1,fr,5,5040
4,0.8997,en,en2fr,1,fr,6,5040
4,0.8979,en,en2fr,1,fr,7,5040
4,0.8638,en,en2fr,2,en,1,5040
4,0.8449,en,en2fr,2,en,2,5040
4,0.8351,en,en2fr,2,en,3,5040
4,0.8369,en,en2fr,2,en,4,5040
4,0.8411,en,en2fr,2,en,5,5040
4,0.8638,en,en2fr,2,fr,1,5040
4,0.8778,en,en2fr,2,fr,2,5040
4,0.8775,en,en2fr,2,fr,4,5040
4,0.8663,en,en2fr,2,fr,5,5040
4,0.849,en,en2fr,2,fr,6,5040
4,0.8721,en,en2fr,2,fr,7,5040
4,0.8251,en,en2fr,3,en,1,5040
4,0.7976,en,en2fr,3,en,2,5040
4,0.8065,en,en2fr,3,en,3,5040
4,0.8134,en,en2fr,3,en,4,5040
4,0.7698,en,en2fr,3,en,5,5040
4,0.8407,en,en2fr,3,fr,1,5040
4,0.8192,en,en2fr,3,fr,2,5040
4,0.8705,en,en2fr,3,fr,4,5040
4,0.8472,en,en2fr,3,fr,5,5040
4,0.8599,en,en2fr,3,fr,6,5040
4,0.8662,en,en2fr,3,fr,7,5040
5,0.7102,en,en2fr,1,en,1,5040
5,0.7042,en,en2fr,1,en,2,5040
5,0.566,en,en2fr,1,en,3,5040
5,0.6727,en,en2fr,1,en,4,5040
5,0.7149,en,en2fr,1,en,5,5040
5,0.7899,en,en2fr,1,fr,1,5040
5,0.8063,en,en2fr,1,fr,2,5040
5,0.8515,en,en2fr,1,fr,4,5040
5,0.7674,en,en2fr,1,fr,5,5040
5,0.7837,en,en2fr,1,fr,6,5040
5,0.8075,en,en2fr,1,fr,7,5040
5,0.6832,en,en2fr,2,en,1,5040
5,0.6731,en,en2fr,2,en,2,5040
5,0.543,en,en2fr,2,en,3,5040
5,0.6564,en,en2fr,2,en,4,5040
5,0.6825,en,en2fr,2,en,5,5040
5,0.7854,en,en2fr,2,fr,1,5040
5,0.7963,en,en2fr,2,fr,2,5040
5,0.828,en,en2fr,2,fr,4,5040
5,0.7522,en,en2fr,2,fr,5,5040
5,0.7632,en,en2fr,2,fr,6,5040
5,0.7736,en,en2fr,2,fr,7,5040
5,0.8315,en,en2fr,3,en,1,5040
5,0.8067,en,en2fr,3,en,2,5040
5,0.6826,en,en2fr,3,en,3,5040
5,0.7949,en,en2fr,3,en,4,5040
5,0.813,en,en2fr,3,en,5,5040
5,0.8479,en,en2fr,3,fr,1,5040
5,0.8656,en,en2fr,3,fr,2,5040
5,0.8535,en,en2fr,3,fr,4,5040
5,0.8474,en,en2fr,3,fr,5,5040
5,0.8714,en,en2fr,3,fr,6,5040
5,0.8676,en,en2fr,3,fr,7,5040
6,0.5516,en,en2fr,1,en,1,5040
6,0.5973,en,en2fr,1,en,2,5040
6,0.5801,en,en2fr,1,en,3,5040
6,0.5835,en,en2fr,1,en,4,5040
6,0.6553,en,en2fr,1,en,5,5040
6,0.7266,en,en2fr,1,fr,1,5040
6,0.7748,en,en2fr,1,fr,2,5040
6,0.7938,en,en2fr,1,fr,4,5040
6,0.7707,en,en2fr,1,fr,5,5040
6,0.7984,en,en2fr,1,fr,6,5040
6,0.8096,en,en2fr,1,fr,7,5040
6,0.5403,en,en2fr,2,en,1,5040
6,0.5866,en,en2fr,2,en,2,5040
6,0.5758,en,en2fr,2,en,3,5040
6,0.5768,en,en2fr,2,en,4,5040
6,0.6437,en,en2fr,2,en,5,5040
6,0.7183,en,en2fr,2,fr,1,5040
6,0.7729,en,en2fr,2,fr,2,5040
6,0.7576,en,en2fr,2,fr,4,5040
6,0.7781,en,en2fr,2,fr,5,5040
6,0.7615,en,en2fr,2,fr,6,5040
6,0.7599,en,en2fr,2,fr,7,5040
6,0.573,en,en2fr,3,en,1,5040
6,0.6204,en,en2fr,3,en,2,5040
6,0.6171,en,en2fr,3,en,3,5040
6,0.6258,en,en2fr,3,en,4,5040
6,0.6796,en,en2fr,3,en,5,5040
6,0.7587,en,en2fr,3,fr,1,5040
6,0.8021,en,en2fr,3,fr,2,5040
6,0.8092,en,en2fr,3,fr,4,5040
6,0.7577,en,en2fr,3,fr,5,5040
6,0.7809,en,en2fr,3,fr,6,5040
6,0.8303,en,en2fr,3,fr,7,5040
7,0.5966,en,en2fr,1,en,1,5040
7,0.65,en,en2fr,1,en,2,5040
7,0.5464,en,en2fr,1,en,3,5040
7,0.5672,en,en2fr,1,en,4,5040
7,0.55,en,en2fr,1,en,5,5040
7,0.7325,en,en2fr,1,fr,1,5040
7,0.8227,en,en2fr,1,fr,2,5040
7,0.8202,en,en2fr,1,fr,4,5040
7,0.8076,en,en2fr,1,fr,5,5040
7,0.7994,en,en2fr,1,fr,6,5040
7,0.8343,en,en2fr,1,fr,7,5040
7,0.5709,en,en2fr,2,en,1,5040
7,0.6056,en,en2fr,2,en,2,5040
7,0.5072,en,en2fr,2,en,3,5040
7,0.5259,en,en2fr,2,en,4,5040
7,0.5178,en,en2fr,2,en,5,5040
7,0.7464,en,en2fr,2,fr,1,5040
7,0.8052,en,en2fr,2,fr,2,5040
7,0.8258,en,en2fr,2,fr,4,5040
7,0.7882,en,en2fr,2,fr,5,5040
7,0.7912,en,en2fr,2,fr,6,5040
7,0.8104,en,en2fr,2,fr,7,5040
7,0.5463,en,en2fr,3,en,1,5040
7,0.5798,en,en2fr,3,en,2,5040
7,0.496,en,en2fr,3,en,3,5040
7,0.5229,en,en2fr,3,en,4,5040
7,0.4913,en,en2fr,3,en,5,5040
7,0.7344,en,en2fr,3,fr,1,5040
7,0.8272,en,en2fr,3,fr,2,5040
7,0.7797,en,en2fr,3,fr,4,5040
7,0.7667,en,en2fr,3,fr,5,5040
7,0.7523,en,en2fr,3,fr,6,5040
7,0.8048,en,en2fr,3,fr,7,5040
8,0.6584,en,en2fr,1,en,1,5040
8,0.5839,en,en2fr,1,en,2,5040
8,0.6028,en,en2fr,1,en,3,5040
8,0.6249,en,en2fr,1,en,4,5040
8,0.6255,en,en2fr,1,en,5,5040
8,0.8305,en,en2fr,1,fr,1,5040
8,0.8171,en,en2fr,1,fr,2,5040
8,0.8122,en,en2fr,1,fr,4,5040
8,0.7956,en,en2fr,1,fr,5,5040
8,0.8073,en,en2fr,1,fr,6,5040
8,0.8523,en,en2fr,1,fr,7,5040
8,0.6869,en,en2fr,2,en,1,5040
8,0.6086,en,en2fr,2,en,2,5040
8,0.6386,en,en2fr,2,en,3,5040
8,0.6387,en,en2fr,2,en,4,5040
8,0.653,en,en2fr,2,en,5,5040
8,0.8165,en,en2fr,2,fr,1,5040
8,0.8462,en,en2fr,2,fr,2,5040
8,0.848,en,en2fr,2,fr,4,5040
8,0.8016,en,en2fr,2,fr,5,5040
8,0.7908,en,en2fr,2,fr,6,5040
8,0.8381,en,en2fr,2,fr,7,5040
8,0.628,en,en2fr,3,en,1,5040
8,0.5775,en,en2fr,3,en,2,5040
8,0.5864,en,en2fr,3,en,3,5040
8,0.6245,en,en2fr,3,en,4,5040
8,0.5928,en,en2fr,3,en,5,5040
8,0.7693,en,en2fr,3,fr,1,5040
8,0.795,en,en2fr,3,fr,2,5040
8,0.7789,en,en2fr,3,fr,4,5040
8,0.768,en,en2fr,3,fr,5,5040
8,0.7843,en,en2fr,3,fr,6,5040
8,0.8099,en,en2fr,3,fr,7,5040
9,0.692,en,en2fr,1,en,1,5040
9,0.6732,en,en2fr,1,en,2,5040
9,0.6597,en,en2fr,1,en,3,5040
9,0.6404,en,en2fr,1,en,4,5040
9,0.6567,en,en2fr,1,en,5,5040
9,0.8393,en,en2fr,1,fr,1,5040
9,0.8057,en,en2fr,1,fr,2,5040
9,0.8243,en,en2fr,1,fr,4,5040
9,0.8134,en,en2fr,1,fr,5,5040
9,0.8375,en,en2fr,1,fr,6,5040
9,0.8265,en,en2fr,1,fr,7,5040
9,0.6944,en,en2fr,2,en,1,5040
9,0.6827,en,en2fr,2,en,2,5040
9,0.6785,en,en2fr,2,en,3,5040
9,0.6524,en,en2fr,2,en,4,5040
9,0.6972,en,en2fr,2,en,5,5040
9,0.8362,en,en2fr,2,fr,1,5040
9,0.8112,en,en2fr,2,fr,2,5040
9,0.8182,en,en2fr,2,fr,4,5040
9,0.8356,en,en2fr,2,fr,5,5040
9,0.8522,en,en2fr,2,fr,6,5040
9,0.8519,en,en2fr,2,fr,7,5040
9,0.6539,en,en2fr,3,en,1,5040
9,0.65,en,en2fr,3,en,2,5040
9,0.6202,en,en2fr,3,en,3,5040
9,0.6068,en,en2fr,3,en,4,5040
9,0.6108,en,en2fr,3,en,5,5040
9,0.8182,en,en2fr,3,fr,1,5040
9,0.7816,en,en2fr,3,fr,2,5040
9,0.8059,en,en2fr,3,fr,4,5040
9,0.7998,en,en2fr,3,fr,5,5040
9,0.8094,en,en2fr,3,fr,6,5040
9,0.8182,en,en2fr,3,fr,7,5040
10,0.7071,en,en2fr,1,en,1,5040
10,0.7247,en,en2fr,1,en,2,5040
10,0.6785,en,en2fr,1,en,3,5040
10,0.6665,en,en2fr,1,en,4,5040
10,0.733,en,en2fr,1,en,5,5040
10,0.8729,en,en2fr,1,fr,1,5040
10,0.7999,en,en2fr,1,fr,2,5040
10,0.845,en,en2fr,1,fr,4,5040
10,0.8498,en,en2fr,1,fr,5,5040
10,0.8686,en,en2fr,1,fr,6,5040
10,0.8529,en,en2fr,1,fr,7,5040
10,0.6827,en,en2fr,2,en,1,5040
10,0.7145,en,en2fr,2,en,2,5040
10,0.6547,en,en2fr,2,en,3,5040
10,0.6364,en,en2fr,2,en,4,5040
10,0.7126,en,en2fr,2,en,5,5040
10,0.8654,en,en2fr,2,fr,1,5040
10,0.7913,en,en2fr,2,fr,2,5040
10,0.8233,en,en2fr,2,fr,4,5040
10,0.8543,en,en2fr,2,fr,5,5040
10,0.8802,en,en2fr,2,fr,6,5040
10,0.8501,en,en2fr,2,fr,7,5040
10,0.6778,en,en2fr,3,en,1,5040
10,0.6965,en,en2fr,3,en,2,5040
10,0.6426,en,en2fr,3,en,3,5040
10,0.6373,en,en2fr,3,en,4,5040
10,0.6852,en,en2fr,3,en,5,5040
10,0.857,en,en2fr,3,fr,1,5040
10,0.8125,en,en2fr,3,fr,2,5040
10,0.8421,en,en2fr,3,fr,4,5040
10,0.8304,en,en2fr,3,fr,5,5040
10,0.8494,en,en2fr,3,fr,6,5040
10,0.846,en,en2fr,3,fr,7,5040
11,0.5703,en,en2fr,1,en,1,5040
11,0.5846,en,en2fr,1,en,2,5040
11,0.582,en,en2fr,1,en,3,5040
11,0.5036,en,en2fr,1,en,4,5040
11,0.6204,en,en2fr,1,en,5,5040
11,0.8756,en,en2fr,1,fr,1,5040
11,0.8317,en,en2fr,1,fr,2,5040
11,0.8629,en,en2fr,1,fr,4,5040
11,0.854,en,en2fr,1,fr,5,5040
11,0.8678,en,en2fr,1,fr,6,5040
11,0.8539,en,en2fr,1,fr,7,5040
11,0.5867,en,en2fr,2,en,1,5040
11,0.6125,en,en2fr,2,en,2,5040
11,0.5804,en,en2fr,2,en,3,5040
11,0.5235,en,en2fr,2,en,4,5040
11,0.6305,en,en2fr,2,en,5,5040
11,0.8579,en,en2fr,2,fr,1,5040
11,0.8235,en,en2fr,2,fr,2,5040
11,0.8553,en,en2fr,2,fr,4,5040
11,0.8473,en,en2fr,2,fr,5,5040
11,0.8688,en,en2fr,2,fr,6,5040
11,0.8523,en,en2fr,2,fr,7,5040
11,0.567,en,en2fr,3,en,1,5040
11,0.5792,en,en2fr,3,en,2,5040
11,0.5741,en,en2fr,3,en,3,5040
11,0.5089,en,en2fr,3,en,4,5040
11,0.6016,en,en2fr,3,en,5,5040
11,0.864,en,en2fr,3,fr,1,5040
11,0.8518,en,en2fr,3,fr,2,5040
11,0.8631,en,en2fr,3,fr,4,5040
11,0.839,en,en2fr,3,fr,5,5040
11,0.8622,en,en2fr,3,fr,6,5040
11,0.8566,en,en2fr,3,fr,7,5040
12,0.5154,en,en2fr,1,en,1,5040
12,0.4922,en,en2fr,1,en,2,5040
12,0.48,en,en2fr,1,en,3,5040
12,0.4912,en,en2fr,1,en,4,5040
12,0.3767,en,en2fr,1,en,5,5040
12,0.8368,en,en2fr,1,fr,1,5040
12,0.8244,en,en2fr,1,fr,2,5040
12,0.8551,en,en2fr,1,fr,4,5040
12,0.8179,en,en2fr,1,fr,5,5040
12,0.8258,en,en2fr,1,fr,6,5040
12,0.8324,en,en2fr,1,fr,7,5040
12,0.4742,en,en2fr,2,en,1,5040
12,0.4542,en,en2fr,2,en,2,5040
12,0.4431,en,en2fr,2,en,3,5040
12,0.4597,en,en2fr,2,en,4,5040
12,0.3545,en,en2fr,2,en,5,5040
12,0.854,en,en2fr,2,fr,1,5040
12,0.8335,en,en2fr,2,fr,2,5040
12,0.8495,en,en2fr,2,fr,4,5040
12,0.807,en,en2fr,2,fr,5,5040
12,0.8334,en,en2fr,2,fr,6,5040
12,0.8357,en,en2fr,2,fr,7,5040
12,0.5214,en,en2fr,3,en,1,5040
12,0.4926,en,en2fr,3,en,2,5040
12,0.4845,en,en2fr,3,en,3,5040
12,0.5087,en,en2fr,3,en,4,5040
12,0.3769,en,en2fr,3,en,5,5040
12,0.8469,en,en2fr,3,fr,1,5040
12,0.8567,en,en2fr,3,fr,2,5040
12,0.834,en,en2fr,3,fr,4,5040
12,0.8173,en,en2fr,3,fr,5,5040
12,0.8066,en,en2fr,3,fr,6,5040
12,0.8241,en,en2fr,3,fr,7,5040
0,0.9855,en,en2fr,1,en,1,6720
0,0.9475,en,en2fr,1,en,2,6720
0,0.9604,en,en2fr,1,en,3,6720
0,0.9919,en,en2fr,1,en,4,6720
0,0.9659,en,en2fr,1,en,5,6720
0,0.9871,en,en2fr,1,fr,1,6720
0,0.9828,en,en2fr,1,fr,2,6720
0,0.9895,en,en2fr,1,fr,4,6720
0,0.9881,en,en2fr,1,fr,5,6720
0,0.9809,en,en2fr,1,fr,6,6720
0,0.9928,en,en2fr,1,fr,7,6720
0,0.9795,en,en2fr,2,en,1,6720
0,0.9601,en,en2fr,2,en,2,6720
0,0.9763,en,en2fr,2,en,3,6720
0,0.9792,en,en2fr,2,en,4,6720
0,0.98,en,en2fr,2,en,5,6720
0,0.9833,en,en2fr,2,fr,1,6720
0,0.9833,en,en2fr,2,fr,2,6720
0,0.9772,en,en2fr,2,fr,4,6720
0,0.9856,en,en2fr,2,fr,5,6720
0,0.976,en,en2fr,2,fr,6,6720
0,0.987,en,en2fr,2,fr,7,6720
0,0.9897,en,en2fr,3,en,1,6720
0,0.96,en,en2fr,3,en,2,6720
0,0.969,en,en2fr,3,en,3,6720
0,0.9906,en,en2fr,3,en,4,6720
0,0.9711,en,en2fr,3,en,5,6720
0,0.9879,en,en2fr,3,fr,1,6720
0,0.9826,en,en2fr,3,fr,2,6720
0,0.9888,en,en2fr,3,fr,4,6720
0,0.9876,en,en2fr,3,fr,5,6720
0,0.9878,en,en2fr,3,fr,6,6720
0,0.9877,en,en2fr,3,fr,7,6720
1,0.9485,en,en2fr,1,en,1,6720
1,0.9184,en,en2fr,1,en,2,6720
1,0.9284,en,en2fr,1,en,3,6720
1,0.9515,en,en2fr,1,en,4,6720
1,0.9317,en,en2fr,1,en,5,6720
1,0.952,en,en2fr,1,fr,1,6720
1,0.9539,en,en2fr,1,fr,2,6720
1,0.9536,en,en2fr,1,fr,4,6720
1,0.9347,en,en2fr,1,fr,5,6720
1,0.955,en,en2fr,1,fr,6,6720
1,0.9626,en,en2fr,1,fr,7,6720
1,0.9404,en,en2fr,2,en,1,6720
1,0.9029,en,en2fr,2,en,2,6720
1,0.9313,en,en2fr,2,en,3,6720
1,0.9423,en,en2fr,2,en,4,6720
1,0.9274,en,en2fr,2,en,5,6720
1,0.9508,en,en2fr,2,fr,1,6720
1,0.9562,en,en2fr,2,fr,2,6720
1,0.9526,en,en2fr,2,fr,4,6720
1,0.9278,en,en2fr,2,fr,5,6720
1,0.9445,en,en2fr,2,fr,6,6720
1,0.9633,en,en2fr,2,fr,7,6720
1,0.9551,en,en2fr,3,en,1,6720
1,0.923,en,en2fr,3,en,2,6720
1,0.9424,en,en2fr,3,en,3,6720
1,0.9525,en,en2fr,3,en,4,6720
1,0.9405,en,en2fr,3,en,5,6720
1,0.9553,en,en2fr,3,fr,1,6720
1,0.9597,en,en2fr,3,fr,2,6720
1,0.9624,en,en2fr,3,fr,4,6720
1,0.9388,en,en2fr,3,fr,5,6720
1,0.9571,en,en2fr,3,fr,6,6720
1,0.9666,en,en2fr,3,fr,7,6720
2,0.9055,en,en2fr,1,en,1,6720
2,0.892,en,en2fr,1,en,2,6720
2,0.8746,en,en2fr,1,en,3,6720
2,0.9143,en,en2fr,1,en,4,6720
2,0.8795,en,en2fr,1,en,5,6720
2,0.901,en,en2fr,1,fr,1,6720
2,0.8875,en,en2fr,1,fr,2,6720
2,0.9071,en,en2fr,1,fr,4,6720
2,0.9082,en,en2fr,1,fr,5,6720
2,0.9062,en,en2fr,1,fr,6,6720
2,0.9235,en,en2fr,1,fr,7,6720
2,0.902,en,en2fr,2,en,1,6720
2,0.8816,en,en2fr,2,en,2,6720
2,0.8838,en,en2fr,2,en,3,6720
2,0.9057,en,en2fr,2,en,4,6720
2,0.9002,en,en2fr,2,en,5,6720
2,0.8896,en,en2fr,2,fr,1,6720
2,0.8965,en,en2fr,2,fr,2,6720
2,0.9027,en,en2fr,2,fr,4,6720
2,0.8989,en,en2fr,2,fr,5,6720
2,0.898,en,en2fr,2,fr,6,6720
2,0.917,en,en2fr,2,fr,7,6720
2,0.8957,en,en2fr,3,en,1,6720
2,0.8871,en,en2fr,3,en,2,6720
2,0.8828,en,en2fr,3,en,3,6720
2,0.9063,en,en2fr,3,en,4,6720
2,0.8822,en,en2fr,3,en,5,6720
2,0.9054,en,en2fr,3,fr,1,6720
2,0.9005,en,en2fr,3,fr,2,6720
2,0.9062,en,en2fr,3,fr,4,6720
2,0.9124,en,en2fr,3,fr,5,6720
2,0.9074,en,en2fr,3,fr,6,6720
2,0.9205,en,en2fr,3,fr,7,6720
3,0.868,en,en2fr,1,en,1,6720
3,0.8802,en,en2fr,1,en,2,6720
3,0.8545,en,en2fr,1,en,3,6720
3,0.8843,en,en2fr,1,en,4,6720
3,0.8678,en,en2fr,1,en,5,6720
3,0.8623,en,en2fr,1,fr,1,6720
3,0.8748,en,en2fr,1,fr,2,6720
3,0.8846,en,en2fr,1,fr,4,6720
3,0.8803,en,en2fr,1,fr,5,6720
3,0.8825,en,en2fr,1,fr,6,6720
3,0.9062,en,en2fr,1,fr,7,6720
3,0.8728,en,en2fr,2,en,1,6720
3,0.883,en,en2fr,2,en,2,6720
3,0.8683,en,en2fr,2,en,3,6720
3,0.8833,en,en2fr,2,en,4,6720
3,0.883,en,en2fr,2,en,5,6720
3,0.8754,en,en2fr,2,fr,1,6720
3,0.8851,en,en2fr,2,fr,2,6720
3,0.8886,en,en2fr,2,fr,4,6720
3,0.8872,en,en2fr,2,fr,5,6720
3,0.8899,en,en2fr,2,fr,6,6720
3,0.9213,en,en2fr,2,fr,7,6720
3,0.8831,en,en2fr,3,en,1,6720
3,0.8845,en,en2fr,3,en,2,6720
3,0.8742,en,en2fr,3,en,3,6720
3,0.8732,en,en2fr,3,en,4,6720
3,0.8671,en,en2fr,3,en,5,6720
3,0.8988,en,en2fr,3,fr,1,6720
3,0.9037,en,en2fr,3,fr,2,6720
3,0.9125,en,en2fr,3,fr,4,6720
3,0.892,en,en2fr,3,fr,5,6720
3,0.9107,en,en2fr,3,fr,6,6720
3,0.8966,en,en2fr,3,fr,7,6720
4,0.8437,en,en2fr,1,en,1,6720
4,0.8329,en,en2fr,1,en,2,6720
4,0.8308,en,en2fr,1,en,3,6720
4,0.8303,en,en2fr,1,en,4,6720
4,0.8238,en,en2fr,1,en,5,6720
4,0.8469,en,en2fr,1,fr,1,6720
4,0.8624,en,en2fr,1,fr,2,6720
4,0.8778,en,en2fr,1,fr,4,6720
4,0.8652,en,en2fr,1,fr,5,6720
4,0.8607,en,en2fr,1,fr,6,6720
4,0.8985,en,en2fr,1,fr,7,6720
4,0.8555,en,en2fr,2,en,1,6720
4,0.8358,en,en2fr,2,en,2,6720
4,0.8499,en,en2fr,2,en,3,6720
4,0.8303,en,en2fr,2,en,4,6720
4,0.8454,en,en2fr,2,en,5,6720
4,0.8699,en,en2fr,2,fr,1,6720
4,0.8744,en,en2fr,2,fr,2,6720
4,0.8903,en,en2fr,2,fr,4,6720
4,0.8604,en,en2fr,2,fr,5,6720
4,0.8597,en,en2fr,2,fr,6,6720
4,0.8907,en,en2fr,2,fr,7,6720
4,0.837,en,en2fr,3,en,1,6720
4,0.8112,en,en2fr,3,en,2,6720
4,0.8315,en,en2fr,3,en,3,6720
4,0.8071,en,en2fr,3,en,4,6720
4,0.7994,en,en2fr,3,en,5,6720
4,0.8821,en,en2fr,3,fr,1,6720
4,0.8749,en,en2fr,3,fr,2,6720
4,0.8903,en,en2fr,3,fr,4,6720
4,0.8723,en,en2fr,3,fr,5,6720
4,0.8846,en,en2fr,3,fr,6,6720
4,0.8731,en,en2fr,3,fr,7,6720
5,0.8002,en,en2fr,1,en,1,6720
5,0.8019,en,en2fr,1,en,2,6720
5,0.6769,en,en2fr,1,en,3,6720
5,0.7753,en,en2fr,1,en,4,6720
5,0.8177,en,en2fr,1,en,5,6720
5,0.8244,en,en2fr,1,fr,1,6720
5,0.8697,en,en2fr,1,fr,2,6720
5,0.8455,en,en2fr,1,fr,4,6720
5,0.8307,en,en2fr,1,fr,5,6720
5,0.8465,en,en2fr,1,fr,6,6720
5,0.8865,en,en2fr,1,fr,7,6720
5,0.8044,en,en2fr,2,en,1,6720
5,0.7889,en,en2fr,2,en,2,6720
5,0.6638,en,en2fr,2,en,3,6720
5,0.7663,en,en2fr,2,en,4,6720
5,0.829,en,en2fr,2,en,5,6720
5,0.8212,en,en2fr,2,fr,1,6720
5,0.8544,en,en2fr,2,fr,2,6720
5,0.8222,en,en2fr,2,fr,4,6720
5,0.8092,en,en2fr,2,fr,5,6720
5,0.8455,en,en2fr,2,fr,6,6720
5,0.8648,en,en2fr,2,fr,7,6720
5,0.7891,en,en2fr,3,en,1,6720
5,0.7695,en,en2fr,3,en,2,6720
5,0.6278,en,en2fr,3,en,3,6720
5,0.7422,en,en2fr,3,en,4,6720
5,0.7826,en,en2fr,3,en,5,6720
5,0.871,en,en2fr,3,fr,1,6720
5,0.8682,en,en2fr,3,fr,2,6720
5,0.8517,en,en2fr,3,fr,4,6720
5,0.8527,en,en2fr,3,fr,5,6720
5,0.8629,en,en2fr,3,fr,6,6720
5,0.8424,en,en2fr,3,fr,7,6720
6,0.5246,en,en2fr,1,en,1,6720
6,0.5738,en,en2fr,1,en,2,6720
6,0.5574,en,en2fr,1,en,3,6720
6,0.5759,en,en2fr,1,en,4,6720
6,0.6246,en,en2fr,1,en,5,6720
6,0.723,en,en2fr,1,fr,1,6720
6,0.8024,en,en2fr,1,fr,2,6720
6,0.7956,en,en2fr,1,fr,4,6720
6,0.765,en,en2fr,1,fr,5,6720
6,0.7841,en,en2fr,1,fr,6,6720
6,0.8175,en,en2fr,1,fr,7,6720
6,0.6094,en,en2fr,2,en,1,6720
6,0.682,en,en2fr,2,en,2,6720
6,0.6615,en,en2fr,2,en,3,6720
6,0.6521,en,en2fr,2,en,4,6720
6,0.7433,en,en2fr,2,en,5,6720
6,0.7058,en,en2fr,2,fr,1,6720
6,0.7894,en,en2fr,2,fr,2,6720
6,0.7495,en,en2fr,2,fr,4,6720
6,0.8234,en,en2fr,2,fr,5,6720
6,0.7988,en,en2fr,2,fr,6,6720
6,0.8029,en,en2fr,2,fr,7,6720
6,0.6275,en,en2fr,3,en,1,6720
6,0.6902,en,en2fr,3,en,2,6720
6,0.6753,en,en2fr,3,en,3,6720
6,0.6687,en,en2fr,3,en,4,6720
6,0.7512,en,en2fr,3,en,5,6720
6,0.7101,en,en2fr,3,fr,1,6720
6,0.7905,en,en2fr,3,fr,2,6720
6,0.7482,en,en2fr,3,fr,4,6720
6,0.8203,en,en2fr,3,fr,5,6720
6,0.788,en,en2fr,3,fr,6,6720
6,0.8003,en,en2fr,3,fr,7,6720
7,0.5503,en,en2fr,1,en,1,6720
7,0.5864,en,en2fr,1,en,2,6720
7,0.4855,en,en2fr,1,en,3,6720
7,0.5222,en,en2fr,1,en,4,6720
7,0.4938,en,en2fr,1,en,5,6720
7,0.7074,en,en2fr,1,fr,1,6720
7,0.8226,en,en2fr,1,fr,2,6720
7,0.8117,en,en2fr,1,fr,4,6720
7,0.7837,en,en2fr,1,fr,5,6720
7,0.7809,en,en2fr,1,fr,6,6720
7,0.8301,en,en2fr,1,fr,7,6720
7,0.6281,en,en2fr,2,en,1,6720
7,0.6893,en,en2fr,2,en,2,6720
7,0.6018,en,en2fr,2,en,3,6720
7,0.607,en,en2fr,2,en,4,6720
7,0.6191,en,en2fr,2,en,5,6720
7,0.743,en,en2fr,2,fr,1,6720
7,0.8224,en,en2fr,2,fr,2,6720
7,0.7953,en,en2fr,2,fr,4,6720
7,0.8079,en,en2fr,2,fr,5,6720
7,0.8136,en,en2fr,2,fr,6,6720
7,0.8242,en,en2fr,2,fr,7,6720
7,0.5368,en,en2fr,3,en,1,6720
7,0.5813,en,en2fr,3,en,2,6720
7,0.4835,en,en2fr,3,en,3,6720
7,0.5013,en,en2fr,3,en,4,6720
7,0.4897,en,en2fr,3,en,5,6720
7,0.7359,en,en2fr,3,fr,1,6720
7,0.8009,en,en2fr,3,fr,2,6720
7,0.8078,en,en2fr,3,fr,4,6720
7,0.7926,en,en2fr,3,fr,5,6720
7,0.7752,en,en2fr,3,fr,6,6720
7,0.8113,en,en2fr,3,fr,7,6720
8,0.6954,en,en2fr,1,en,1,6720
8,0.6293,en,en2fr,1,en,2,6720
8,0.6489,en,en2fr,1,en,3,6720
8,0.677,en,en2fr,1,en,4,6720
8,0.6778,en,en2fr,1,en,5,6720
8,0.8364,en,en2fr,1,fr,1,6720
8,0.8425,en,en2fr,1,fr,2,6720
8,0.8347,en,en2fr,1,fr,4,6720
8,0.8061,en,en2fr,1,fr,5,6720
8,0.8115,en,en2fr,1,fr,6,6720
8,0.8687,en,en2fr,1,fr,7,6720
8,0.7126,en,en2fr,2,en,1,6720
8,0.653,en,en2fr,2,en,2,6720
8,0.6722,en,en2fr,2,en,3,6720
8,0.7002,en,en2fr,2,en,4,6720
8,0.7083,en,en2fr,2,en,5,6720
8,0.8265,en,en2fr,2,fr,1,6720
8,0.8333,en,en2fr,2,fr,2,6720
8,0.8472,en,en2fr,2,fr,4,6720
8,0.792,en,en2fr,2,fr,5,6720
8,0.8139,en,en2fr,2,fr,6,6720
8,0.843,en,en2fr,2,fr,7,6720
8,0.5892,en,en2fr,3,en,1,6720
8,0.5152,en,en2fr,3,en,2,6720
8,0.5387,en,en2fr,3,en,3,6720
8,0.5572,en,en2fr,3,en,4,6720
8,0.5663,en,en2fr,3,en,5,6720
8,0.8015,en,en2fr,3,fr,1,6720
8,0.7808,en,en2fr,3,fr,2,6720
8,0.7604,en,en2fr,3,fr,4,6720
8,0.8189,en,en2fr,3,fr,5,6720
8,0.7976,en,en2fr,3,fr,6,6720
8,0.8315,en,en2fr,3,fr,7,6720
9,0.6955,en,en2fr,1,en,1,6720
9,0.6857,en,en2fr,1,en,2,6720
9,0.6703,en,en2fr,1,en,3,6720
9,0.6427,en,en2fr,1,en,4,6720
9,0.6699,en,en2fr,1,en,5,6720
9,0.847,en,en2fr,1,fr,1,6720
9,0.7654,en,en2fr,1,fr,2,6720
9,0.8011,en,en2fr,1,fr,4,6720
9,0.8526,en,en2fr,1,fr,5,6720
9,0.8634,en,en2fr,1,fr,6,6720
9,0.8473,en,en2fr,1,fr,7,6720
9,0.7203,en,en2fr,2,en,1,6720
9,0.7129,en,en2fr,2,en,2,6720
9,0.6925,en,en2fr,2,en,3,6720
9,0.6806,en,en2fr,2,en,4,6720
9,0.7175,en,en2fr,2,en,5,6720
9,0.8489,en,en2fr,2,fr,1,6720
9,0.8084,en,en2fr,2,fr,2,6720
9,0.832,en,en2fr,2,fr,4,6720
9,0.828,en,en2fr,2,fr,5,6720
9,0.8593,en,en2fr,2,fr,6,6720
9,0.8566,en,en2fr,2,fr,7,6720
9,0.6841,en,en2fr,3,en,1,6720
9,0.6707,en,en2fr,3,en,2,6720
9,0.6497,en,en2fr,3,en,3,6720
9,0.6266,en,en2fr,3,en,4,6720
9,0.6439,en,en2fr,3,en,5,6720
9,0.8436,en,en2fr,3,fr,1,6720
9,0.7528,en,en2fr,3,fr,2,6720
9,0.8109,en,en2fr,3,fr,4,6720
9,0.8363,en,en2fr,3,fr,5,6720
9,0.8489,en,en2fr,3,fr,6,6720
9,0.8409,en,en2fr,3,fr,7,6720
10,0.6779,en,en2fr,1,en,1,6720
10,0.6997,en,en2fr,1,en,2,6720
10,0.6493,en,en2fr,1,en,3,6720
10,0.6309,en,en2fr,1,en,4,6720
10,0.6915,en,en2fr,1,en,5,6720
10,0.8595,en,en2fr,1,fr,1,6720
10,0.8081,en,en2fr,1,fr,2,6720
10,0.8304,en,en2fr,1,fr,4,6720
10,0.8425,en,en2fr,1,fr,5,6720
10,0.8745,en,en2fr,1,fr,6,6720
10,0.8435,en,en2fr,1,fr,7,6720
10,0.6694,en,en2fr,2,en,1,6720
10,0.6995,en,en2fr,2,en,2,6720
10,0.6431,en,en2fr,2,en,3,6720
10,0.6025,en,en2fr,2,en,4,6720
10,0.7,en,en2fr,2,en,5,6720
10,0.8604,en,en2fr,2,fr,1,6720
10,0.7618,en,en2fr,2,fr,2,6720
10,0.8159,en,en2fr,2,fr,4,6720
10,0.8385,en,en2fr,2,fr,5,6720
10,0.8956,en,en2fr,2,fr,6,6720
10,0.8258,en,en2fr,2,fr,7,6720
10,0.6997,en,en2fr,3,en,1,6720
10,0.7263,en,en2fr,3,en,2,6720
10,0.6674,en,en2fr,3,en,3,6720
10,0.6688,en,en2fr,3,en,4,6720
10,0.7077,en,en2fr,3,en,5,6720
10,0.8627,en,en2fr,3,fr,1,6720
10,0.8098,en,en2fr,3,fr,2,6720
10,0.8443,en,en2fr,3,fr,4,6720
10,0.8359,en,en2fr,3,fr,5,6720
10,0.8609,en,en2fr,3,fr,6,6720
10,0.8542,en,en2fr,3,fr,7,6720
11,0.5395,en,en2fr,1,en,1,6720
11,0.5526,en,en2fr,1,en,2,6720
11,0.5517,en,en2fr,1,en,3,6720
11,0.4583,en,en2fr,1,en,4,6720
11,0.5769,en,en2fr,1,en,5,6720
11,0.8743,en,en2fr,1,fr,1,6720
11,0.8484,en,en2fr,1,fr,2,6720
11,0.8567,en,en2fr,1,fr,4,6720
11,0.8448,en,en2fr,1,fr,5,6720
11,0.8913,en,en2fr,1,fr,6,6720
11,0.87,en,en2fr,1,fr,7,6720
11,0.5765,en,en2fr,2,en,1,6720
11,0.6031,en,en2fr,2,en,2,6720
11,0.5825,en,en2fr,2,en,3,6720
11,0.5073,en,en2fr,2,en,4,6720
11,0.6274,en,en2fr,2,en,5,6720
11,0.885,en,en2fr,2,fr,1,6720
11,0.8426,en,en2fr,2,fr,2,6720
11,0.8771,en,en2fr,2,fr,4,6720
11,0.8507,en,en2fr,2,fr,5,6720
11,0.8985,en,en2fr,2,fr,6,6720
11,0.8848,en,en2fr,2,fr,7,6720
11,0.6001,en,en2fr,3,en,1,6720
11,0.6075,en,en2fr,3,en,2,6720
11,0.5996,en,en2fr,3,en,3,6720
11,0.5381,en,en2fr,3,en,4,6720
11,0.6162,en,en2fr,3,en,5,6720
11,0.8517,en,en2fr,3,fr,1,6720
11,0.8383,en,en2fr,3,fr,2,6720
11,0.8659,en,en2fr,3,fr,4,6720
11,0.8151,en,en2fr,3,fr,5,6720
11,0.8678,en,en2fr,3,fr,6,6720
11,0.8625,en,en2fr,3,fr,7,6720
12,0.4522,en,en2fr,1,en,1,6720
12,0.4453,en,en2fr,1,en,2,6720
12,0.4396,en,en2fr,1,en,3,6720
12,0.4726,en,en2fr,1,en,4,6720
12,0.3474,en,en2fr,1,en,5,6720
12,0.8375,en,en2fr,1,fr,1,6720
12,0.8154,en,en2fr,1,fr,2,6720
12,0.8438,en,en2fr,1,fr,4,6720
12,0.8326,en,en2fr,1,fr,5,6720
12,0.8358,en,en2fr,1,fr,6,6720
12,0.8391,en,en2fr,1,fr,7,6720
12,0.3997,en,en2fr,2,en,1,6720
12,0.4206,en,en2fr,2,en,2,6720
12,0.4187,en,en2fr,2,en,3,6720
12,0.4252,en,en2fr,2,en,4,6720
12,0.4101,en,en2fr,2,en,5,6720
12,0.7556,en,en2fr,2,fr,1,6720
12,0.736,en,en2fr,2,fr,2,6720
12,0.7745,en,en2fr,2,fr,4,6720
12,0.7803,en,en2fr,2,fr,5,6720
12,0.8043,en,en2fr,2,fr,6,6720
12,0.7696,en,en2fr,2,fr,7,6720
12,0.4856,en,en2fr,3,en,1,6720
12,0.4639,en,en2fr,3,en,2,6720
12,0.4636,en,en2fr,3,en,3,6720
12,0.4692,en,en2fr,3,en,4,6720
12,0.3472,en,en2fr,3,en,5,6720
12,0.8377,en,en2fr,3,fr,1,6720
12,0.8384,en,en2fr,3,fr,2,6720
12,0.841,en,en2fr,3,fr,4,6720
12,0.8197,en,en2fr,3,fr,5,6720
12,0.8361,en,en2fr,3,fr,6,6720
12,0.8322,en,en2fr,3,fr,7,6720
0,0.9912,en,en2fr,1,fr,1,8400
0,0.9864,en,en2fr,1,fr,2,8400
0,0.9884,en,en2fr,1,fr,4,8400
0,0.9917,en,en2fr,1,fr,5,8400
0,0.9837,en,en2fr,1,fr,6,8400
0,0.993,en,en2fr,1,fr,7,8400
0,0.987,en,en2fr,1,en,1,8400
0,0.9535,en,en2fr,1,en,2,8400
0,0.9719,en,en2fr,1,en,3,8400
0,0.9912,en,en2fr,1,en,4,8400
0,0.9758,en,en2fr,1,en,5,8400
0,0.983,en,en2fr,2,fr,1,8400
0,0.9783,en,en2fr,2,fr,2,8400
0,0.9638,en,en2fr,2,fr,4,8400
0,0.9783,en,en2fr,2,fr,5,8400
0,0.9795,en,en2fr,2,fr,6,8400
0,0.9752,en,en2fr,2,fr,7,8400
0,0.98,en,en2fr,2,en,1,8400
0,0.9576,en,en2fr,2,en,2,8400
0,0.9788,en,en2fr,2,en,3,8400
0,0.9697,en,en2fr,2,en,4,8400
0,0.9837,en,en2fr,2,en,5,8400
0,0.9867,en,en2fr,3,fr,1,8400
0,0.9811,en,en2fr,3,fr,2,8400
0,0.9925,en,en2fr,3,fr,4,8400
0,0.9863,en,en2fr,3,fr,5,8400
0,0.9828,en,en2fr,3,fr,6,8400
0,0.9879,en,en2fr,3,fr,7,8400
0,0.9858,en,en2fr,3,en,1,8400
0,0.9447,en,en2fr,3,en,2,8400
0,0.9583,en,en2fr,3,en,3,8400
0,0.9897,en,en2fr,3,en,4,8400
0,0.9642,en,en2fr,3,en,5,8400
0,0.9905,en,en2fr,4,fr,1,8400
0,0.9826,en,en2fr,4,fr,2,8400
0,0.9856,en,en2fr,4,fr,4,8400
0,0.9888,en,en2fr,4,fr,5,8400
0,0.9896,en,en2fr,4,fr,6,8400
0,0.9895,en,en2fr,4,fr,7,8400
0,0.9904,en,en2fr,4,en,1,8400
0,0.9616,en,en2fr,4,en,2,8400
0,0.9757,en,en2fr,4,en,3,8400
0,0.9902,en,en2fr,4,en,4,8400
0,0.9795,en,en2fr,4,en,5,8400
0,0.9842,en,en2fr,5,fr,1,8400
0,0.9776,en,en2fr,5,fr,2,8400
0,0.9857,en,en2fr,5,fr,4,8400
0,0.9854,en,en2fr,5,fr,5,8400
0,0.9815,en,en2fr,5,fr,6,8400
0,0.9847,en,en2fr,5,fr,7,8400
0,0.9861,en,en2fr,5,en,1,8400
0,0.9523,en,en2fr,5,en,2,8400
0,0.962,en,en2fr,5,en,3,8400
0,0.9902,en,en2fr,5,en,4,8400
0,0.9668,en,en2fr,5,en,5,8400
0,0.9898,en,en2fr,6,fr,1,8400
0,0.983,en,en2fr,6,fr,2,8400
0,0.9891,en,en2fr,6,fr,4,8400
0,0.9916,en,en2fr,6,fr,5,8400
0,0.9818,en,en2fr,6,fr,6,8400
0,0.992,en,en2fr,6,fr,7,8400
0,0.9864,en,en2fr,6,en,1,8400
0,0.9474,en,en2fr,6,en,2,8400
0,0.9655,en,en2fr,6,en,3,8400
0,0.9904,en,en2fr,6,en,4,8400
0,0.973,en,en2fr,6,en,5,8400
0,0.9858,en,en2fr,7,fr,1,8400
0,0.9791,en,en2fr,7,fr,2,8400
0,0.9825,en,en2fr,7,fr,4,8400
0,0.9871,en,en2fr,7,fr,5,8400
0,0.9685,en,en2fr,7,fr,6,8400
0,0.991,en,en2fr,7,fr,7,8400
0,0.9754,en,en2fr,7,en,1,8400
0,0.9306,en,en2fr,7,en,2,8400
0,0.9596,en,en2fr,7,en,3,8400
0,0.984,en,en2fr,7,en,4,8400
0,0.9675,en,en2fr,7,en,5,8400
0,0.9897,en,en2fr,8,fr,1,8400
0,0.9839,en,en2fr,8,fr,2,8400
0,0.987,en,en2fr,8,fr,4,8400
0,0.9908,en,en2fr,8,fr,5,8400
0,0.9881,en,en2fr,8,fr,6,8400
0,0.9869,en,en2fr,8,fr,7,8400
0,0.9885,en,en2fr,8,en,1,8400
0,0.9555,en,en2fr,8,en,2,8400
0,0.9709,en,en2fr,8,en,3,8400
0,0.9852,en,en2fr,8,en,4,8400
0,0.9734,en,en2fr,8,en,5,8400
0,0.9919,en,en2fr,9,fr,1,8400
0,0.9866,en,en2fr,9,fr,2,8400
0,0.9882,en,en2fr,9,fr,4,8400
0,0.9911,en,en2fr,9,fr,5,8400
0,0.9871,en,en2fr,9,fr,6,8400
0,0.99,en,en2fr,9,fr,7,8400
0,0.9892,en,en2fr,9,en,1,8400
0,0.9546,en,en2fr,9,en,2,8400
0,0.9716,en,en2fr,9,en,3,8400
0,0.989,en,en2fr,9,en,4,8400
0,0.9756,en,en2fr,9,en,5,8400
1,0.9487,en,en2fr,1,fr,1,8400
1,0.9535,en,en2fr,1,fr,2,8400
1,0.9602,en,en2fr,1,fr,4,8400
1,0.9514,en,en2fr,1,fr,5,8400
1,0.957,en,en2fr,1,fr,6,8400
1,0.9581,en,en2fr,1,fr,7,8400
1,0.9535,en,en2fr,1,en,1,8400
1,0.9314,en,en2fr,1,en,2,8400
1,0.9472,en,en2fr,1,en,3,8400
1,0.952,en,en2fr,1,en,4,8400
1,0.9419,en,en2fr,1,en,5,8400
1,0.9403,en,en2fr,2,fr,1,8400
1,0.9452,en,en2fr,2,fr,2,8400
1,0.9497,en,en2fr,2,fr,4,8400
1,0.942,en,en2fr,2,fr,5,8400
1,0.9528,en,en2fr,2,fr,6,8400
1,0.9414,en,en2fr,2,fr,7,8400
1,0.9481,en,en2fr,2,en,1,8400
1,0.9323,en,en2fr,2,en,2,8400
1,0.9393,en,en2fr,2,en,3,8400
1,0.9436,en,en2fr,2,en,4,8400
1,0.9373,en,en2fr,2,en,5,8400
1,0.947,en,en2fr,3,fr,1,8400
1,0.9595,en,en2fr,3,fr,2,8400
1,0.9538,en,en2fr,3,fr,4,8400
1,0.925,en,en2fr,3,fr,5,8400
1,0.9473,en,en2fr,3,fr,6,8400
1,0.9599,en,en2fr,3,fr,7,8400
1,0.9526,en,en2fr,3,en,1,8400
1,0.9174,en,en2fr,3,en,2,8400
1,0.9397,en,en2fr,3,en,3,8400
1,0.951,en,en2fr,3,en,4,8400
1,0.9343,en,en2fr,3,en,5,8400
1,0.9425,en,en2fr,4,fr,1,8400
1,0.9568,en,en2fr,4,fr,2,8400
1,0.9462,en,en2fr,4,fr,4,8400
1,0.9119,en,en2fr,4,fr,5,8400
1,0.9463,en,en2fr,4,fr,6,8400
1,0.9601,en,en2fr,4,fr,7,8400
1,0.9376,en,en2fr,4,en,1,8400
1,0.8997,en,en2fr,4,en,2,8400
1,0.9302,en,en2fr,4,en,3,8400
1,0.9383,en,en2fr,4,en,4,8400
1,0.9175,en,en2fr,4,en,5,8400
1,0.947,en,en2fr,5,fr,1,8400
1,0.9577,en,en2fr,5,fr,2,8400
1,0.9505,en,en2fr,5,fr,4,8400
1,0.9276,en,en2fr,5,fr,5,8400
1,0.9492,en,en2fr,5,fr,6,8400
1,0.9615,en,en2fr,5,fr,7,8400
1,0.9437,en,en2fr,5,en,1,8400
1,0.9071,en,en2fr,5,en,2,8400
1,0.932,en,en2fr,5,en,3,8400
1,0.9443,en,en2fr,5,en,4,8400
1,0.9222,en,en2fr,5,en,5,8400
1,0.9485,en,en2fr,6,fr,1,8400
1,0.9678,en,en2fr,6,fr,2,8400
1,0.9505,en,en2fr,6,fr,4,8400
1,0.9338,en,en2fr,6,fr,5,8400
1,0.9561,en,en2fr,6,fr,6,8400
1,0.961,en,en2fr,6,fr,7,8400
1,0.947,en,en2fr,6,en,1,8400
1,0.9222,en,en2fr,6,en,2,8400
1,0.9389,en,en2fr,6,en,3,8400
1,0.9475,en,en2fr,6,en,4,8400
1,0.936,en,en2fr,6,en,5,8400
1,0.9446,en,en2fr,7,fr,1,8400
1,0.94,en,en2fr,7,fr,2,8400
1,0.9533,en,en2fr,7,fr,4,8400
1,0.9405,en,en2fr,7,fr,5,8400
1,0.9404,en,en2fr,7,fr,6,8400
1,0.9488,en,en2fr,7,fr,7,8400
1,0.9364,en,en2fr,7,en,1,8400
1,0.9011,en,en2fr,7,en,2,8400
1,0.9287,en,en2fr,7,en,3,8400
1,0.9417,en,en2fr,7,en,4,8400
1,0.9209,en,en2fr,7,en,5,8400
1,0.9484,en,en2fr,8,fr,1,8400
1,0.9623,en,en2fr,8,fr,2,8400
1,0.9542,en,en2fr,8,fr,4,8400
1,0.9328,en,en2fr,8,fr,5,8400
1,0.9525,en,en2fr,8,fr,6,8400
1,0.9544,en,en2fr,8,fr,7,8400
1,0.9486,en,en2fr,8,en,1,8400
1,0.9165,en,en2fr,8,en,2,8400
1,0.9371,en,en2fr,8,en,3,8400
1,0.9451,en,en2fr,8,en,4,8400
1,0.9353,en,en2fr,8,en,5,8400
1,0.9451,en,en2fr,9,fr,1,8400
1,0.9642,en,en2fr,9,fr,2,8400
1,0.9489,en,en2fr,9,fr,4,8400
1,0.9288,en,en2fr,9,fr,5,8400
1,0.9492,en,en2fr,9,fr,6,8400
1,0.9612,en,en2fr,9,fr,7,8400
1,0.9463,en,en2fr,9,en,1,8400
1,0.9122,en,en2fr,9,en,2,8400
1,0.9352,en,en2fr,9,en,3,8400
1,0.9455,en,en2fr,9,en,4,8400
1,0.9284,en,en2fr,9,en,5,8400
2,0.8975,en,en2fr,1,fr,1,8400
2,0.9101,en,en2fr,1,fr,2,8400
2,0.9226,en,en2fr,1,fr,4,8400
2,0.9201,en,en2fr,1,fr,5,8400
2,0.9141,en,en2fr,1,fr,6,8400
2,0.9249,en,en2fr,1,fr,7,8400
2,0.9047,en,en2fr,1,en,1,8400
2,0.8921,en,en2fr,1,en,2,8400
2,0.8823,en,en2fr,1,en,3,8400
2,0.9079,en,en2fr,1,en,4,8400
2,0.8826,en,en2fr,1,en,5,8400
2,0.8798,en,en2fr,2,fr,1,8400
2,0.8982,en,en2fr,2,fr,2,8400
2,0.9111,en,en2fr,2,fr,4,8400
2,0.9097,en,en2fr,2,fr,5,8400
2,0.9137,en,en2fr,2,fr,6,8400
2,0.9169,en,en2fr,2,fr,7,8400
2,0.9013,en,en2fr,2,en,1,8400
2,0.8994,en,en2fr,2,en,2,8400
2,0.8895,en,en2fr,2,en,3,8400
2,0.8983,en,en2fr,2,en,4,8400
2,0.8876,en,en2fr,2,en,5,8400
2,0.9007,en,en2fr,3,fr,1,8400
2,0.9128,en,en2fr,3,fr,2,8400
2,0.9143,en,en2fr,3,fr,4,8400
2,0.9121,en,en2fr,3,fr,5,8400
2,0.9154,en,en2fr,3,fr,6,8400
2,0.9319,en,en2fr,3,fr,7,8400
2,0.9148,en,en2fr,3,en,1,8400
2,0.9056,en,en2fr,3,en,2,8400
2,0.8982,en,en2fr,3,en,3,8400
2,0.9087,en,en2fr,3,en,4,8400
2,0.9084,en,en2fr,3,en,5,8400
2,0.9118,en,en2fr,4,fr,1,8400
2,0.8933,en,en2fr,4,fr,2,8400
2,0.8941,en,en2fr,4,fr,4,8400
2,0.916,en,en2fr,4,fr,5,8400
2,0.8933,en,en2fr,4,fr,6,8400
2,0.9094,en,en2fr,4,fr,7,8400
2,0.8953,en,en2fr,4,en,1,8400
2,0.8831,en,en2fr,4,en,2,8400
2,0.8814,en,en2fr,4,en,3,8400
2,0.8933,en,en2fr,4,en,4,8400
2,0.8759,en,en2fr,4,en,5,8400
2,0.8994,en,en2fr,5,fr,1,8400
2,0.8952,en,en2fr,5,fr,2,8400
2,0.9124,en,en2fr,5,fr,4,8400
2,0.9109,en,en2fr,5,fr,5,8400
2,0.9138,en,en2fr,5,fr,6,8400
2,0.9259,en,en2fr,5,fr,7,8400
2,0.9178,en,en2fr,5,en,1,8400
2,0.8982,en,en2fr,5,en,2,8400
2,0.8889,en,en2fr,5,en,3,8400
2,0.9138,en,en2fr,5,en,4,8400
2,0.8858,en,en2fr,5,en,5,8400
2,0.8495,en,en2fr,6,fr,1,8400
2,0.8774,en,en2fr,6,fr,2,8400
2,0.8764,en,en2fr,6,fr,4,8400
2,0.8896,en,en2fr,6,fr,5,8400
2,0.8943,en,en2fr,6,fr,6,8400
2,0.9006,en,en2fr,6,fr,7,8400
2,0.8891,en,en2fr,6,en,1,8400
2,0.8867,en,en2fr,6,en,2,8400
2,0.8797,en,en2fr,6,en,3,8400
2,0.867,en,en2fr,6,en,4,8400
2,0.884,en,en2fr,6,en,5,8400
2,0.8614,en,en2fr,7,fr,1,8400
2,0.8786,en,en2fr,7,fr,2,8400
2,0.892,en,en2fr,7,fr,4,8400
2,0.9073,en,en2fr,7,fr,5,8400
2,0.8925,en,en2fr,7,fr,6,8400
2,0.9009,en,en2fr,7,fr,7,8400
2,0.8932,en,en2fr,7,en,1,8400
2,0.8893,en,en2fr,7,en,2,8400
2,0.8782,en,en2fr,7,en,3,8400
2,0.8923,en,en2fr,7,en,4,8400
2,0.8882,en,en2fr,7,en,5,8400
2,0.8933,en,en2fr,8,fr,1,8400
2,0.8995,en,en2fr,8,fr,2,8400
2,0.9063,en,en2fr,8,fr,4,8400
2,0.8993,en,en2fr,8,fr,5,8400
2,0.9112,en,en2fr,8,fr,6,8400
2,0.9227,en,en2fr,8,fr,7,8400
2,0.899,en,en2fr,8,en,1,8400
2,0.883,en,en2fr,8,en,2,8400
2,0.8949,en,en2fr,8,en,3,8400
2,0.9004,en,en2fr,8,en,4,8400
2,0.8901,en,en2fr,8,en,5,8400
2,0.8956,en,en2fr,9,fr,1,8400
2,0.8887,en,en2fr,9,fr,2,8400
2,0.892,en,en2fr,9,fr,4,8400
2,0.8944,en,en2fr,9,fr,5,8400
2,0.8964,en,en2fr,9,fr,6,8400
2,0.917,en,en2fr,9,fr,7,8400
2,0.9052,en,en2fr,9,en,1,8400
2,0.8723,en,en2fr,9,en,2,8400
2,0.8644,en,en2fr,9,en,3,8400
2,0.8928,en,en2fr,9,en,4,8400
2,0.8821,en,en2fr,9,en,5,8400
3,0.8801,en,en2fr,1,fr,1,8400
3,0.8885,en,en2fr,1,fr,2,8400
3,0.9102,en,en2fr,1,fr,4,8400
3,0.8942,en,en2fr,1,fr,5,8400
3,0.8969,en,en2fr,1,fr,6,8400
3,0.9001,en,en2fr,1,fr,7,8400
3,0.8869,en,en2fr,1,en,1,8400
3,0.8778,en,en2fr,1,en,2,8400
3,0.8674,en,en2fr,1,en,3,8400
3,0.8789,en,en2fr,1,en,4,8400
3,0.8716,en,en2fr,1,en,5,8400
3,0.8752,en,en2fr,2,fr,1,8400
3,0.8968,en,en2fr,2,fr,2,8400
3,0.8996,en,en2fr,2,fr,4,8400
3,0.8901,en,en2fr,2,fr,5,8400
3,0.9105,en,en2fr,2,fr,6,8400
3,0.906,en,en2fr,2,fr,7,8400
3,0.8938,en,en2fr,2,en,1,8400
3,0.9009,en,en2fr,2,en,2,8400
3,0.8777,en,en2fr,2,en,3,8400
3,0.876,en,en2fr,2,en,4,8400
3,0.8921,en,en2fr,2,en,5,8400
3,0.8837,en,en2fr,3,fr,1,8400
3,0.9106,en,en2fr,3,fr,2,8400
3,0.9058,en,en2fr,3,fr,4,8400
3,0.8967,en,en2fr,3,fr,5,8400
3,0.9121,en,en2fr,3,fr,6,8400
3,0.9088,en,en2fr,3,fr,7,8400
3,0.8857,en,en2fr,3,en,1,8400
3,0.8982,en,en2fr,3,en,2,8400
3,0.8789,en,en2fr,3,en,3,8400
3,0.8737,en,en2fr,3,en,4,8400
3,0.8822,en,en2fr,3,en,5,8400
3,0.8968,en,en2fr,4,fr,1,8400
3,0.8988,en,en2fr,4,fr,2,8400
3,0.8947,en,en2fr,4,fr,4,8400
3,0.8926,en,en2fr,4,fr,5,8400
3,0.9057,en,en2fr,4,fr,6,8400
3,0.9121,en,en2fr,4,fr,7,8400
3,0.8989,en,en2fr,4,en,1,8400
3,0.9062,en,en2fr,4,en,2,8400
3,0.8874,en,en2fr,4,en,3,8400
3,0.8905,en,en2fr,4,en,4,8400
3,0.8924,en,en2fr,4,en,5,8400
3,0.887,en,en2fr,5,fr,1,8400
3,0.9078,en,en2fr,5,fr,2,8400
3,0.911,en,en2fr,5,fr,4,8400
3,0.8895,en,en2fr,5,fr,5,8400
3,0.9044,en,en2fr,5,fr,6,8400
3,0.9069,en,en2fr,5,fr,7,8400
3,0.8945,en,en2fr,5,en,1,8400
3,0.8841,en,en2fr,5,en,2,8400
3,0.8805,en,en2fr,5,en,3,8400
3,0.874,en,en2fr,5,en,4,8400
3,0.8701,en,en2fr,5,en,5,8400
3,0.8611,en,en2fr,6,fr,1,8400
3,0.8949,en,en2fr,6,fr,2,8400
3,0.8972,en,en2fr,6,fr,4,8400
3,0.8719,en,en2fr,6,fr,5,8400
3,0.8918,en,en2fr,6,fr,6,8400
3,0.8886,en,en2fr,6,fr,7,8400
3,0.8762,en,en2fr,6,en,1,8400
3,0.8729,en,en2fr,6,en,2,8400
3,0.8649,en,en2fr,6,en,3,8400
3,0.8524,en,en2fr,6,en,4,8400
3,0.8693,en,en2fr,6,en,5,8400
3,0.8564,en,en2fr,7,fr,1,8400
3,0.8953,en,en2fr,7,fr,2,8400
3,0.8853,en,en2fr,7,fr,4,8400
3,0.8755,en,en2fr,7,fr,5,8400
3,0.9072,en,en2fr,7,fr,6,8400
3,0.9073,en,en2fr,7,fr,7,8400
3,0.8804,en,en2fr,7,en,1,8400
3,0.9076,en,en2fr,7,en,2,8400
3,0.8738,en,en2fr,7,en,3,8400
3,0.8811,en,en2fr,7,en,4,8400
3,0.9015,en,en2fr,7,en,5,8400
3,0.8567,en,en2fr,8,fr,1,8400
3,0.8793,en,en2fr,8,fr,2,8400
3,0.8793,en,en2fr,8,fr,4,8400
3,0.8678,en,en2fr,8,fr,5,8400
3,0.9034,en,en2fr,8,fr,6,8400
3,0.8984,en,en2fr,8,fr,7,8400
3,0.8628,en,en2fr,8,en,1,8400
3,0.8833,en,en2fr,8,en,2,8400
3,0.8792,en,en2fr,8,en,3,8400
3,0.867,en,en2fr,8,en,4,8400
3,0.8803,en,en2fr,8,en,5,8400
3,0.8825,en,en2fr,9,fr,1,8400
3,0.9029,en,en2fr,9,fr,2,8400
3,0.8868,en,en2fr,9,fr,4,8400
3,0.8691,en,en2fr,9,fr,5,8400
3,0.8989,en,en2fr,9,fr,6,8400
3,0.9042,en,en2fr,9,fr,7,8400
3,0.8869,en,en2fr,9,en,1,8400
3,0.8876,en,en2fr,9,en,2,8400
3,0.8712,en,en2fr,9,en,3,8400
3,0.874,en,en2fr,9,en,4,8400
3,0.8715,en,en2fr,9,en,5,8400
4,0.8517,en,en2fr,1,fr,1,8400
4,0.8422,en,en2fr,1,fr,2,8400
4,0.8872,en,en2fr,1,fr,4,8400
4,0.864,en,en2fr,1,fr,5,8400
4,0.8632,en,en2fr,1,fr,6,8400
4,0.8727,en,en2fr,1,fr,7,8400
4,0.8221,en,en2fr,1,en,1,8400
4,0.7991,en,en2fr,1,en,2,8400
4,0.8386,en,en2fr,1,en,3,8400
4,0.7992,en,en2fr,1,en,4,8400
4,0.7862,en,en2fr,1,en,5,8400
4,0.851,en,en2fr,2,fr,1,8400
4,0.8618,en,en2fr,2,fr,2,8400
4,0.8868,en,en2fr,2,fr,4,8400
4,0.8682,en,en2fr,2,fr,5,8400
4,0.8718,en,en2fr,2,fr,6,8400
4,0.8837,en,en2fr,2,fr,7,8400
4,0.826,en,en2fr,2,en,1,8400
4,0.8205,en,en2fr,2,en,2,8400
4,0.8455,en,en2fr,2,en,3,8400
4,0.8071,en,en2fr,2,en,4,8400
4,0.8084,en,en2fr,2,en,5,8400
4,0.8624,en,en2fr,3,fr,1,8400
4,0.892,en,en2fr,3,fr,2,8400
4,0.8928,en,en2fr,3,fr,4,8400
4,0.8761,en,en2fr,3,fr,5,8400
4,0.8834,en,en2fr,3,fr,6,8400
4,0.9057,en,en2fr,3,fr,7,8400
4,0.846,en,en2fr,3,en,1,8400
4,0.8404,en,en2fr,3,en,2,8400
4,0.854,en,en2fr,3,en,3,8400
4,0.8157,en,en2fr,3,en,4,8400
4,0.8308,en,en2fr,3,en,5,8400
4,0.883,en,en2fr,4,fr,1,8400
4,0.8777,en,en2fr,4,fr,2,8400
4,0.9075,en,en2fr,4,fr,4,8400
4,0.8831,en,en2fr,4,fr,5,8400
4,0.878,en,en2fr,4,fr,6,8400
4,0.8871,en,en2fr,4,fr,7,8400
4,0.8659,en,en2fr,4,en,1,8400
4,0.8457,en,en2fr,4,en,2,8400
4,0.8603,en,en2fr,4,en,3,8400
4,0.8393,en,en2fr,4,en,4,8400
4,0.8367,en,en2fr,4,en,5,8400
4,0.8748,en,en2fr,5,fr,1,8400
4,0.8679,en,en2fr,5,fr,2,8400
4,0.916,en,en2fr,5,fr,4,8400
4,0.8645,en,en2fr,5,fr,5,8400
4,0.8917,en,en2fr,5,fr,6,8400
4,0.8967,en,en2fr,5,fr,7,8400
4,0.8488,en,en2fr,5,en,1,8400
4,0.8211,en,en2fr,5,en,2,8400
4,0.8419,en,en2fr,5,en,3,8400
4,0.8212,en,en2fr,5,en,4,8400
4,0.8144,en,en2fr,5,en,5,8400
4,0.8474,en,en2fr,6,fr,1,8400
4,0.8868,en,en2fr,6,fr,2,8400
4,0.8916,en,en2fr,6,fr,4,8400
4,0.8723,en,en2fr,6,fr,5,8400
4,0.8575,en,en2fr,6,fr,6,8400
4,0.8833,en,en2fr,6,fr,7,8400
4,0.8619,en,en2fr,6,en,1,8400
4,0.8425,en,en2fr,6,en,2,8400
4,0.8525,en,en2fr,6,en,3,8400
4,0.8292,en,en2fr,6,en,4,8400
4,0.8399,en,en2fr,6,en,5,8400
4,0.8549,en,en2fr,7,fr,1,8400
4,0.8952,en,en2fr,7,fr,2,8400
4,0.8899,en,en2fr,7,fr,4,8400
4,0.8819,en,en2fr,7,fr,5,8400
4,0.8754,en,en2fr,7,fr,6,8400
4,0.8988,en,en2fr,7,fr,7,8400
4,0.8642,en,en2fr,7,en,1,8400
4,0.859,en,en2fr,7,en,2,8400
4,0.8502,en,en2fr,7,en,3,8400
4,0.8446,en,en2fr,7,en,4,8400
4,0.8522,en,en2fr,7,en,5,8400
4,0.8499,en,en2fr,8,fr,1,8400
4,0.8636,en,en2fr,8,fr,2,8400
4,0.8848,en,en2fr,8,fr,4,8400
4,0.862,en,en2fr,8,fr,5,8400
4,0.8727,en,en2fr,8,fr,6,8400
4,0.8969,en,en2fr,8,fr,7,8400
4,0.833,en,en2fr,8,en,1,8400
4,0.8361,en,en2fr,8,en,2,8400
4,0.8534,en,en2fr,8,en,3,8400
4,0.8241,en,en2fr,8,en,4,8400
4,0.8221,en,en2fr,8,en,5,8400
4,0.8818,en,en2fr,9,fr,1,8400
4,0.8513,en,en2fr,9,fr,2,8400
4,0.8839,en,en2fr,9,fr,4,8400
4,0.8568,en,en2fr,9,fr,5,8400
4,0.8711,en,en2fr,9,fr,6,8400
4,0.8782,en,en2fr,9,fr,7,8400
4,0.8572,en,en2fr,9,en,1,8400
4,0.8306,en,en2fr,9,en,2,8400
4,0.829,en,en2fr,9,en,3,8400
4,0.8333,en,en2fr,9,en,4,8400
4,0.8113,en,en2fr,9,en,5,8400
5,0.7622,en,en2fr,1,fr,1,8400
5,0.791,en,en2fr,1,fr,2,8400
5,0.8183,en,en2fr,1,fr,4,8400
5,0.7404,en,en2fr,1,fr,5,8400
5,0.7594,en,en2fr,1,fr,6,8400
5,0.7504,en,en2fr,1,fr,7,8400
5,0.7165,en,en2fr,1,en,1,8400
5,0.6853,en,en2fr,1,en,2,8400
5,0.5915,en,en2fr,1,en,3,8400
5,0.7017,en,en2fr,1,en,4,8400
5,0.7102,en,en2fr,1,en,5,8400
5,0.8241,en,en2fr,2,fr,1,8400
5,0.836,en,en2fr,2,fr,2,8400
5,0.8387,en,en2fr,2,fr,4,8400
5,0.7864,en,en2fr,2,fr,5,8400
5,0.8196,en,en2fr,2,fr,6,8400
5,0.8154,en,en2fr,2,fr,7,8400
5,0.7316,en,en2fr,2,en,1,8400
5,0.7277,en,en2fr,2,en,2,8400
5,0.6066,en,en2fr,2,en,3,8400
5,0.7107,en,en2fr,2,en,4,8400
5,0.7382,en,en2fr,2,en,5,8400
5,0.8305,en,en2fr,3,fr,1,8400
5,0.8477,en,en2fr,3,fr,2,8400
5,0.8575,en,en2fr,3,fr,4,8400
5,0.8093,en,en2fr,3,fr,5,8400
5,0.8301,en,en2fr,3,fr,6,8400
5,0.843,en,en2fr,3,fr,7,8400
5,0.7552,en,en2fr,3,en,1,8400
5,0.7483,en,en2fr,3,en,2,8400
5,0.6209,en,en2fr,3,en,3,8400
5,0.7159,en,en2fr,3,en,4,8400
5,0.76,en,en2fr,3,en,5,8400
5,0.7767,en,en2fr,4,fr,1,8400
5,0.7853,en,en2fr,4,fr,2,8400
5,0.8293,en,en2fr,4,fr,4,8400
5,0.7503,en,en2fr,4,fr,5,8400
5,0.7684,en,en2fr,4,fr,6,8400
5,0.7761,en,en2fr,4,fr,7,8400
5,0.6907,en,en2fr,4,en,1,8400
5,0.6735,en,en2fr,4,en,2,8400
5,0.5648,en,en2fr,4,en,3,8400
5,0.6554,en,en2fr,4,en,4,8400
5,0.6802,en,en2fr,4,en,5,8400
5,0.7827,en,en2fr,5,fr,1,8400
5,0.8064,en,en2fr,5,fr,2,8400
5,0.8393,en,en2fr,5,fr,4,8400
5,0.7546,en,en2fr,5,fr,5,8400
5,0.7775,en,en2fr,5,fr,6,8400
5,0.7934,en,en2fr,5,fr,7,8400
5,0.718,en,en2fr,5,en,1,8400
5,0.6911,en,en2fr,5,en,2,8400
5,0.5642,en,en2fr,5,en,3,8400
5,0.6856,en,en2fr,5,en,4,8400
5,0.7195,en,en2fr,5,en,5,8400
5,0.7335,en,en2fr,6,fr,1,8400
5,0.7588,en,en2fr,6,fr,2,8400
5,0.8177,en,en2fr,6,fr,4,8400
5,0.7225,en,en2fr,6,fr,5,8400
5,0.7174,en,en2fr,6,fr,6,8400
5,0.7322,en,en2fr,6,fr,7,8400
5,0.6703,en,en2fr,6,en,1,8400
5,0.6427,en,en2fr,6,en,2,8400
5,0.5347,en,en2fr,6,en,3,8400
5,0.6446,en,en2fr,6,en,4,8400
5,0.658,en,en2fr,6,en,5,8400
5,0.8371,en,en2fr,7,fr,1,8400
5,0.902,en,en2fr,7,fr,2,8400
5,0.8542,en,en2fr,7,fr,4,8400
5,0.8578,en,en2fr,7,fr,5,8400
5,0.8828,en,en2fr,7,fr,6,8400
5,0.8978,en,en2fr,7,fr,7,8400
5,0.8429,en,en2fr,7,en,1,8400
5,0.8284,en,en2fr,7,en,2,8400
5,0.696,en,en2fr,7,en,3,8400
5,0.7992,en,en2fr,7,en,4,8400
5,0.8588,en,en2fr,7,en,5,8400
5,0.8262,en,en2fr,8,fr,1,8400
5,0.8621,en,en2fr,8,fr,2,8400
5,0.8571,en,en2fr,8,fr,4,8400
5,0.8154,en,en2fr,8,fr,5,8400
5,0.8437,en,en2fr,8,fr,6,8400
5,0.861,en,en2fr,8,fr,7,8400
5,0.7985,en,en2fr,8,en,1,8400
5,0.7837,en,en2fr,8,en,2,8400
5,0.6647,en,en2fr,8,en,3,8400
5,0.7672,en,en2fr,8,en,4,8400
5,0.8013,en,en2fr,8,en,5,8400
5,0.8448,en,en2fr,9,fr,1,8400
5,0.8443,en,en2fr,9,fr,2,8400
5,0.8233,en,en2fr,9,fr,4,8400
5,0.812,en,en2fr,9,fr,5,8400
5,0.8458,en,en2fr,9,fr,6,8400
5,0.8457,en,en2fr,9,fr,7,8400
5,0.8158,en,en2fr,9,en,1,8400
5,0.7945,en,en2fr,9,en,2,8400
5,0.6554,en,en2fr,9,en,3,8400
5,0.7663,en,en2fr,9,en,4,8400
5,0.8013,en,en2fr,9,en,5,8400
6,0.7513,en,en2fr,1,fr,1,8400
6,0.7644,en,en2fr,1,fr,2,8400
6,0.7759,en,en2fr,1,fr,4,8400
6,0.7364,en,en2fr,1,fr,5,8400
6,0.7629,en,en2fr,1,fr,6,8400
6,0.786,en,en2fr,1,fr,7,8400
6,0.5156,en,en2fr,1,en,1,8400
6,0.547,en,en2fr,1,en,2,8400
6,0.5391,en,en2fr,1,en,3,8400
6,0.5505,en,en2fr,1,en,4,8400
6,0.6099,en,en2fr,1,en,5,8400
6,0.759,en,en2fr,2,fr,1,8400
6,0.7947,en,en2fr,2,fr,2,8400
6,0.7756,en,en2fr,2,fr,4,8400
6,0.7922,en,en2fr,2,fr,5,8400
6,0.8115,en,en2fr,2,fr,6,8400
6,0.8214,en,en2fr,2,fr,7,8400
6,0.5464,en,en2fr,2,en,1,8400
6,0.6137,en,en2fr,2,en,2,8400
6,0.5964,en,en2fr,2,en,3,8400
6,0.5912,en,en2fr,2,en,4,8400
6,0.6798,en,en2fr,2,en,5,8400
6,0.731,en,en2fr,3,fr,1,8400
6,0.8148,en,en2fr,3,fr,2,8400
6,0.7626,en,en2fr,3,fr,4,8400
6,0.818,en,en2fr,3,fr,5,8400
6,0.7929,en,en2fr,3,fr,6,8400
6,0.8418,en,en2fr,3,fr,7,8400
6,0.6093,en,en2fr,3,en,1,8400
6,0.6928,en,en2fr,3,en,2,8400
6,0.6893,en,en2fr,3,en,3,8400
6,0.6733,en,en2fr,3,en,4,8400
6,0.7545,en,en2fr,3,en,5,8400
6,0.7204,en,en2fr,4,fr,1,8400
6,0.7795,en,en2fr,4,fr,2,8400
6,0.741,en,en2fr,4,fr,4,8400
6,0.7996,en,en2fr,4,fr,5,8400
6,0.7831,en,en2fr,4,fr,6,8400
6,0.8041,en,en2fr,4,fr,7,8400
6,0.5903,en,en2fr,4,en,1,8400
6,0.6586,en,en2fr,4,en,2,8400
6,0.6413,en,en2fr,4,en,3,8400
6,0.6294,en,en2fr,4,en,4,8400
6,0.7248,en,en2fr,4,en,5,8400
6,0.7117,en,en2fr,5,fr,1,8400
6,0.7739,en,en2fr,5,fr,2,8400
6,0.783,en,en2fr,5,fr,4,8400
6,0.7882,en,en2fr,5,fr,5,8400
6,0.7963,en,en2fr,5,fr,6,8400
6,0.7818,en,en2fr,5,fr,7,8400
6,0.5179,en,en2fr,5,en,1,8400
6,0.5621,en,en2fr,5,en,2,8400
6,0.5559,en,en2fr,5,en,3,8400
6,0.5496,en,en2fr,5,en,4,8400
6,0.6306,en,en2fr,5,en,5,8400
6,0.7426,en,en2fr,6,fr,1,8400
6,0.7993,en,en2fr,6,fr,2,8400
6,0.764,en,en2fr,6,fr,4,8400
6,0.8013,en,en2fr,6,fr,5,8400
6,0.7807,en,en2fr,6,fr,6,8400
6,0.7931,en,en2fr,6,fr,7,8400
6,0.5841,en,en2fr,6,en,1,8400
6,0.6373,en,en2fr,6,en,2,8400
6,0.6213,en,en2fr,6,en,3,8400
6,0.6206,en,en2fr,6,en,4,8400
6,0.6969,en,en2fr,6,en,5,8400
6,0.6947,en,en2fr,7,fr,1,8400
6,0.8025,en,en2fr,7,fr,2,8400
6,0.7584,en,en2fr,7,fr,4,8400
6,0.7987,en,en2fr,7,fr,5,8400
6,0.7816,en,en2fr,7,fr,6,8400
6,0.8149,en,en2fr,7,fr,7,8400
6,0.6034,en,en2fr,7,en,1,8400
6,0.6726,en,en2fr,7,en,2,8400
6,0.6634,en,en2fr,7,en,3,8400
6,0.6539,en,en2fr,7,en,4,8400
6,0.7335,en,en2fr,7,en,5,8400
6,0.6953,en,en2fr,8,fr,1,8400
6,0.7612,en,en2fr,8,fr,2,8400
6,0.7529,en,en2fr,8,fr,4,8400
6,0.7362,en,en2fr,8,fr,5,8400
6,0.742,en,en2fr,8,fr,6,8400
6,0.7746,en,en2fr,8,fr,7,8400
6,0.5486,en,en2fr,8,en,1,8400
6,0.5778,en,en2fr,8,en,2,8400
6,0.5824,en,en2fr,8,en,3,8400
6,0.5806,en,en2fr,8,en,4,8400
6,0.6352,en,en2fr,8,en,5,8400
6,0.751,en,en2fr,9,fr,1,8400
6,0.8093,en,en2fr,9,fr,2,8400
6,0.7771,en,en2fr,9,fr,4,8400
6,0.7918,en,en2fr,9,fr,5,8400
6,0.7796,en,en2fr,9,fr,6,8400
6,0.8215,en,en2fr,9,fr,7,8400
6,0.5769,en,en2fr,9,en,1,8400
6,0.6563,en,en2fr,9,en,2,8400
6,0.6244,en,en2fr,9,en,3,8400
6,0.6265,en,en2fr,9,en,4,8400
6,0.7078,en,en2fr,9,en,5,8400
7,0.7319,en,en2fr,1,fr,1,8400
7,0.7716,en,en2fr,1,fr,2,8400
7,0.7821,en,en2fr,1,fr,4,8400
7,0.7861,en,en2fr,1,fr,5,8400
7,0.7951,en,en2fr,1,fr,6,8400
7,0.7912,en,en2fr,1,fr,7,8400
7,0.5904,en,en2fr,1,en,1,8400
7,0.6489,en,en2fr,1,en,2,8400
7,0.5506,en,en2fr,1,en,3,8400
7,0.5757,en,en2fr,1,en,4,8400
7,0.5724,en,en2fr,1,en,5,8400
7,0.7327,en,en2fr,2,fr,1,8400
7,0.8018,en,en2fr,2,fr,2,8400
7,0.8009,en,en2fr,2,fr,4,8400
7,0.7992,en,en2fr,2,fr,5,8400
7,0.8001,en,en2fr,2,fr,6,8400
7,0.8396,en,en2fr,2,fr,7,8400
7,0.5776,en,en2fr,2,en,1,8400
7,0.6432,en,en2fr,2,en,2,8400
7,0.5552,en,en2fr,2,en,3,8400
7,0.5525,en,en2fr,2,en,4,8400
7,0.5532,en,en2fr,2,en,5,8400
7,0.7213,en,en2fr,3,fr,1,8400
7,0.8145,en,en2fr,3,fr,2,8400
7,0.7764,en,en2fr,3,fr,4,8400
7,0.7762,en,en2fr,3,fr,5,8400
7,0.76,en,en2fr,3,fr,6,8400
7,0.8092,en,en2fr,3,fr,7,8400
7,0.6347,en,en2fr,3,en,1,8400
7,0.7077,en,en2fr,3,en,2,8400
7,0.6408,en,en2fr,3,en,3,8400
7,0.6483,en,en2fr,3,en,4,8400
7,0.6442,en,en2fr,3,en,5,8400
7,0.7354,en,en2fr,4,fr,1,8400
7,0.7904,en,en2fr,4,fr,2,8400
7,0.7883,en,en2fr,4,fr,4,8400
7,0.8187,en,en2fr,4,fr,5,8400
7,0.8099,en,en2fr,4,fr,6,8400
7,0.812,en,en2fr,4,fr,7,8400
7,0.5946,en,en2fr,4,en,1,8400
7,0.6694,en,en2fr,4,en,2,8400
7,0.558,en,en2fr,4,en,3,8400
7,0.5703,en,en2fr,4,en,4,8400
7,0.5708,en,en2fr,4,en,5,8400
7,0.7286,en,en2fr,5,fr,1,8400
7,0.8072,en,en2fr,5,fr,2,8400
7,0.8154,en,en2fr,5,fr,4,8400
7,0.8106,en,en2fr,5,fr,5,8400
7,0.8149,en,en2fr,5,fr,6,8400
7,0.8159,en,en2fr,5,fr,7,8400
7,0.5802,en,en2fr,5,en,1,8400
7,0.6546,en,en2fr,5,en,2,8400
7,0.56,en,en2fr,5,en,3,8400
7,0.5655,en,en2fr,5,en,4,8400
7,0.5717,en,en2fr,5,en,5,8400
7,0.7485,en,en2fr,6,fr,1,8400
7,0.8124,en,en2fr,6,fr,2,8400
7,0.7972,en,en2fr,6,fr,4,8400
7,0.8012,en,en2fr,6,fr,5,8400
7,0.7956,en,en2fr,6,fr,6,8400
7,0.8084,en,en2fr,6,fr,7,8400
7,0.5925,en,en2fr,6,en,1,8400
7,0.6407,en,en2fr,6,en,2,8400
7,0.5521,en,en2fr,6,en,3,8400
7,0.5589,en,en2fr,6,en,4,8400
7,0.5508,en,en2fr,6,en,5,8400
7,0.7474,en,en2fr,7,fr,1,8400
7,0.8378,en,en2fr,7,fr,2,8400
7,0.8164,en,en2fr,7,fr,4,8400
7,0.802,en,en2fr,7,fr,5,8400
7,0.8107,en,en2fr,7,fr,6,8400
7,0.8282,en,en2fr,7,fr,7,8400
7,0.5592,en,en2fr,7,en,1,8400
7,0.6073,en,en2fr,7,en,2,8400
7,0.5081,en,en2fr,7,en,3,8400
7,0.5282,en,en2fr,7,en,4,8400
7,0.5174,en,en2fr,7,en,5,8400
7,0.6942,en,en2fr,8,fr,1,8400
7,0.7863,en,en2fr,8,fr,2,8400
7,0.7699,en,en2fr,8,fr,4,8400
7,0.7559,en,en2fr,8,fr,5,8400
7,0.7468,en,en2fr,8,fr,6,8400
7,0.7896,en,en2fr,8,fr,7,8400
7,0.6286,en,en2fr,8,en,1,8400
7,0.6792,en,en2fr,8,en,2,8400
7,0.6197,en,en2fr,8,en,3,8400
7,0.6127,en,en2fr,8,en,4,8400
7,0.6192,en,en2fr,8,en,5,8400
7,0.7375,en,en2fr,9,fr,1,8400
7,0.7996,en,en2fr,9,fr,2,8400
7,0.7566,en,en2fr,9,fr,4,8400
7,0.8003,en,en2fr,9,fr,5,8400
7,0.7877,en,en2fr,9,fr,6,8400
7,0.8047,en,en2fr,9,fr,7,8400
7,0.6011,en,en2fr,9,en,1,8400
7,0.6837,en,en2fr,9,en,2,8400
7,0.5755,en,en2fr,9,en,3,8400
7,0.592,en,en2fr,9,en,4,8400
7,0.5959,en,en2fr,9,en,5,8400
8,0.8107,en,en2fr,1,fr,1,8400
8,0.8014,en,en2fr,1,fr,2,8400
8,0.8411,en,en2fr,1,fr,4,8400
8,0.7661,en,en2fr,1,fr,5,8400
8,0.8066,en,en2fr,1,fr,6,8400
8,0.8132,en,en2fr,1,fr,7,8400
8,0.6914,en,en2fr,1,en,1,8400
8,0.6426,en,en2fr,1,en,2,8400
8,0.6485,en,en2fr,1,en,3,8400
8,0.6743,en,en2fr,1,en,4,8400
8,0.6886,en,en2fr,1,en,5,8400
8,0.7994,en,en2fr,2,fr,1,8400
8,0.7949,en,en2fr,2,fr,2,8400
8,0.8078,en,en2fr,2,fr,4,8400
8,0.7726,en,en2fr,2,fr,5,8400
8,0.7983,en,en2fr,2,fr,6,8400
8,0.8378,en,en2fr,2,fr,7,8400
8,0.6439,en,en2fr,2,en,1,8400
8,0.5937,en,en2fr,2,en,2,8400
8,0.6162,en,en2fr,2,en,3,8400
8,0.6282,en,en2fr,2,en,4,8400
8,0.6442,en,en2fr,2,en,5,8400
8,0.8075,en,en2fr,3,fr,1,8400
8,0.8369,en,en2fr,3,fr,2,8400
8,0.8156,en,en2fr,3,fr,4,8400
8,0.7585,en,en2fr,3,fr,5,8400
8,0.7895,en,en2fr,3,fr,6,8400
8,0.8272,en,en2fr,3,fr,7,8400
8,0.6743,en,en2fr,3,en,1,8400
8,0.6321,en,en2fr,3,en,2,8400
8,0.6575,en,en2fr,3,en,3,8400
8,0.6708,en,en2fr,3,en,4,8400
8,0.6836,en,en2fr,3,en,5,8400
8,0.7962,en,en2fr,4,fr,1,8400
8,0.7867,en,en2fr,4,fr,2,8400
8,0.7841,en,en2fr,4,fr,4,8400
8,0.7976,en,en2fr,4,fr,5,8400
8,0.8121,en,en2fr,4,fr,6,8400
8,0.8286,en,en2fr,4,fr,7,8400
8,0.629,en,en2fr,4,en,1,8400
8,0.5677,en,en2fr,4,en,2,8400
8,0.5792,en,en2fr,4,en,3,8400
8,0.6062,en,en2fr,4,en,4,8400
8,0.5915,en,en2fr,4,en,5,8400
8,0.7987,en,en2fr,5,fr,1,8400
8,0.8068,en,en2fr,5,fr,2,8400
8,0.8247,en,en2fr,5,fr,4,8400
8,0.7971,en,en2fr,5,fr,5,8400
8,0.808,en,en2fr,5,fr,6,8400
8,0.8368,en,en2fr,5,fr,7,8400
8,0.6587,en,en2fr,5,en,1,8400
8,0.5966,en,en2fr,5,en,2,8400
8,0.6199,en,en2fr,5,en,3,8400
8,0.6501,en,en2fr,5,en,4,8400
8,0.6534,en,en2fr,5,en,5,8400
8,0.8002,en,en2fr,6,fr,1,8400
8,0.8237,en,en2fr,6,fr,2,8400
8,0.8056,en,en2fr,6,fr,4,8400
8,0.7702,en,en2fr,6,fr,5,8400
8,0.806,en,en2fr,6,fr,6,8400
8,0.8272,en,en2fr,6,fr,7,8400
8,0.6748,en,en2fr,6,en,1,8400
8,0.6046,en,en2fr,6,en,2,8400
8,0.6336,en,en2fr,6,en,3,8400
8,0.663,en,en2fr,6,en,4,8400
8,0.6533,en,en2fr,6,en,5,8400
8,0.8226,en,en2fr,7,fr,1,8400
8,0.8043,en,en2fr,7,fr,2,8400
8,0.8385,en,en2fr,7,fr,4,8400
8,0.7767,en,en2fr,7,fr,5,8400
8,0.8162,en,en2fr,7,fr,6,8400
8,0.8272,en,en2fr,7,fr,7,8400
8,0.6939,en,en2fr,7,en,1,8400
8,0.6433,en,en2fr,7,en,2,8400
8,0.6508,en,en2fr,7,en,3,8400
8,0.6625,en,en2fr,7,en,4,8400
8,0.6828,en,en2fr,7,en,5,8400
8,0.8106,en,en2fr,8,fr,1,8400
8,0.822,en,en2fr,8,fr,2,8400
8,0.8416,en,en2fr,8,fr,4,8400
8,0.7606,en,en2fr,8,fr,5,8400
8,0.7818,en,en2fr,8,fr,6,8400
8,0.8114,en,en2fr,8,fr,7,8400
8,0.7106,en,en2fr,8,en,1,8400
8,0.6531,en,en2fr,8,en,2,8400
8,0.6808,en,en2fr,8,en,3,8400
8,0.6758,en,en2fr,8,en,4,8400
8,0.6852,en,en2fr,8,en,5,8400
8,0.8272,en,en2fr,9,fr,1,8400
8,0.8007,en,en2fr,9,fr,2,8400
8,0.7947,en,en2fr,9,fr,4,8400
8,0.7979,en,en2fr,9,fr,5,8400
8,0.8118,en,en2fr,9,fr,6,8400
8,0.8368,en,en2fr,9,fr,7,8400
8,0.671,en,en2fr,9,en,1,8400
8,0.6401,en,en2fr,9,en,2,8400
8,0.6471,en,en2fr,9,en,3,8400
8,0.6677,en,en2fr,9,en,4,8400
8,0.6744,en,en2fr,9,en,5,8400
9,0.8434,en,en2fr,1,fr,1,8400
9,0.8019,en,en2fr,1,fr,2,8400
9,0.8337,en,en2fr,1,fr,4,8400
9,0.8301,en,en2fr,1,fr,5,8400
9,0.8562,en,en2fr,1,fr,6,8400
9,0.8591,en,en2fr,1,fr,7,8400
9,0.7306,en,en2fr,1,en,1,8400
9,0.7203,en,en2fr,1,en,2,8400
9,0.7094,en,en2fr,1,en,3,8400
9,0.6871,en,en2fr,1,en,4,8400
9,0.7237,en,en2fr,1,en,5,8400
9,0.8402,en,en2fr,2,fr,1,8400
9,0.7453,en,en2fr,2,fr,2,8400
9,0.7865,en,en2fr,2,fr,4,8400
9,0.7784,en,en2fr,2,fr,5,8400
9,0.8209,en,en2fr,2,fr,6,8400
9,0.804,en,en2fr,2,fr,7,8400
9,0.6391,en,en2fr,2,en,1,8400
9,0.6383,en,en2fr,2,en,2,8400
9,0.6253,en,en2fr,2,en,3,8400
9,0.6066,en,en2fr,2,en,4,8400
9,0.618,en,en2fr,2,en,5,8400
9,0.8394,en,en2fr,3,fr,1,8400
9,0.7989,en,en2fr,3,fr,2,8400
9,0.8113,en,en2fr,3,fr,4,8400
9,0.803,en,en2fr,3,fr,5,8400
9,0.8259,en,en2fr,3,fr,6,8400
9,0.8311,en,en2fr,3,fr,7,8400
9,0.6942,en,en2fr,3,en,1,8400
9,0.6725,en,en2fr,3,en,2,8400
9,0.6723,en,en2fr,3,en,3,8400
9,0.6546,en,en2fr,3,en,4,8400
9,0.6706,en,en2fr,3,en,5,8400
9,0.8094,en,en2fr,4,fr,1,8400
9,0.7691,en,en2fr,4,fr,2,8400
9,0.7649,en,en2fr,4,fr,4,8400
9,0.8105,en,en2fr,4,fr,5,8400
9,0.8219,en,en2fr,4,fr,6,8400
9,0.7952,en,en2fr,4,fr,7,8400
9,0.6368,en,en2fr,4,en,1,8400
9,0.6134,en,en2fr,4,en,2,8400
9,0.6029,en,en2fr,4,en,3,8400
9,0.5674,en,en2fr,4,en,4,8400
9,0.5863,en,en2fr,4,en,5,8400
9,0.8224,en,en2fr,5,fr,1,8400
9,0.759,en,en2fr,5,fr,2,8400
9,0.7759,en,en2fr,5,fr,4,8400
9,0.8107,en,en2fr,5,fr,5,8400
9,0.8292,en,en2fr,5,fr,6,8400
9,0.796,en,en2fr,5,fr,7,8400
9,0.6346,en,en2fr,5,en,1,8400
9,0.6268,en,en2fr,5,en,2,8400
9,0.6119,en,en2fr,5,en,3,8400
9,0.6046,en,en2fr,5,en,4,8400
9,0.6129,en,en2fr,5,en,5,8400
9,0.8376,en,en2fr,6,fr,1,8400
9,0.7955,en,en2fr,6,fr,2,8400
9,0.8002,en,en2fr,6,fr,4,8400
9,0.7961,en,en2fr,6,fr,5,8400
9,0.8455,en,en2fr,6,fr,6,8400
9,0.8453,en,en2fr,6,fr,7,8400
9,0.6872,en,en2fr,6,en,1,8400
9,0.6848,en,en2fr,6,en,2,8400
9,0.6606,en,en2fr,6,en,3,8400
9,0.6595,en,en2fr,6,en,4,8400
9,0.6689,en,en2fr,6,en,5,8400
9,0.8403,en,en2fr,7,fr,1,8400
9,0.7399,en,en2fr,7,fr,2,8400
9,0.8258,en,en2fr,7,fr,4,8400
9,0.8155,en,en2fr,7,fr,5,8400
9,0.8379,en,en2fr,7,fr,6,8400
9,0.8357,en,en2fr,7,fr,7,8400
9,0.6948,en,en2fr,7,en,1,8400
9,0.7005,en,en2fr,7,en,2,8400
9,0.675,en,en2fr,7,en,3,8400
9,0.6493,en,en2fr,7,en,4,8400
9,0.6804,en,en2fr,7,en,5,8400
9,0.8486,en,en2fr,8,fr,1,8400
9,0.7968,en,en2fr,8,fr,2,8400
9,0.8253,en,en2fr,8,fr,4,8400
9,0.822,en,en2fr,8,fr,5,8400
9,0.8322,en,en2fr,8,fr,6,8400
9,0.8466,en,en2fr,8,fr,7,8400
9,0.7295,en,en2fr,8,en,1,8400
9,0.7027,en,en2fr,8,en,2,8400
9,0.7103,en,en2fr,8,en,3,8400
9,0.6967,en,en2fr,8,en,4,8400
9,0.7101,en,en2fr,8,en,5,8400
9,0.8427,en,en2fr,9,fr,1,8400
9,0.7807,en,en2fr,9,fr,2,8400
9,0.7901,en,en2fr,9,fr,4,8400
9,0.8091,en,en2fr,9,fr,5,8400
9,0.8418,en,en2fr,9,fr,6,8400
9,0.8529,en,en2fr,9,fr,7,8400
9,0.7263,en,en2fr,9,en,1,8400
9,0.725,en,en2fr,9,en,2,8400
9,0.6924,en,en2fr,9,en,3,8400
9,0.6939,en,en2fr,9,en,4,8400
9,0.6995,en,en2fr,9,en,5,8400
10,0.8459,en,en2fr,1,fr,1,8400
10,0.7871,en,en2fr,1,fr,2,8400
10,0.8306,en,en2fr,1,fr,4,8400
10,0.8469,en,en2fr,1,fr,5,8400
10,0.8597,en,en2fr,1,fr,6,8400
10,0.836,en,en2fr,1,fr,7,8400
10,0.6836,en,en2fr,1,en,1,8400
10,0.6981,en,en2fr,1,en,2,8400
10,0.6569,en,en2fr,1,en,3,8400
10,0.6415,en,en2fr,1,en,4,8400
10,0.7245,en,en2fr,1,en,5,8400
10,0.8591,en,en2fr,2,fr,1,8400
10,0.7936,en,en2fr,2,fr,2,8400
10,0.8301,en,en2fr,2,fr,4,8400
10,0.8328,en,en2fr,2,fr,5,8400
10,0.8668,en,en2fr,2,fr,6,8400
10,0.8446,en,en2fr,2,fr,7,8400
10,0.6713,en,en2fr,2,en,1,8400
10,0.7099,en,en2fr,2,en,2,8400
10,0.6495,en,en2fr,2,en,3,8400
10,0.6399,en,en2fr,2,en,4,8400
10,0.7004,en,en2fr,2,en,5,8400
10,0.8589,en,en2fr,3,fr,1,8400
10,0.8307,en,en2fr,3,fr,2,8400
10,0.849,en,en2fr,3,fr,4,8400
10,0.8383,en,en2fr,3,fr,5,8400
10,0.8654,en,en2fr,3,fr,6,8400
10,0.8611,en,en2fr,3,fr,7,8400
10,0.7019,en,en2fr,3,en,1,8400
10,0.7171,en,en2fr,3,en,2,8400
10,0.6775,en,en2fr,3,en,3,8400
10,0.6639,en,en2fr,3,en,4,8400
10,0.7063,en,en2fr,3,en,5,8400
10,0.8489,en,en2fr,4,fr,1,8400
10,0.8185,en,en2fr,4,fr,2,8400
10,0.8276,en,en2fr,4,fr,4,8400
10,0.836,en,en2fr,4,fr,5,8400
10,0.8705,en,en2fr,4,fr,6,8400
10,0.8546,en,en2fr,4,fr,7,8400
10,0.6701,en,en2fr,4,en,1,8400
10,0.7064,en,en2fr,4,en,2,8400
10,0.6415,en,en2fr,4,en,3,8400
10,0.6231,en,en2fr,4,en,4,8400
10,0.6921,en,en2fr,4,en,5,8400
10,0.8351,en,en2fr,5,fr,1,8400
10,0.8092,en,en2fr,5,fr,2,8400
10,0.8249,en,en2fr,5,fr,4,8400
10,0.8387,en,en2fr,5,fr,5,8400
10,0.866,en,en2fr,5,fr,6,8400
10,0.8335,en,en2fr,5,fr,7,8400
10,0.6571,en,en2fr,5,en,1,8400
10,0.6758,en,en2fr,5,en,2,8400
10,0.6279,en,en2fr,5,en,3,8400
10,0.6134,en,en2fr,5,en,4,8400
10,0.6729,en,en2fr,5,en,5,8400
10,0.778,en,en2fr,6,fr,1,8400
10,0.7964,en,en2fr,6,fr,2,8400
10,0.786,en,en2fr,6,fr,4,8400
10,0.7569,en,en2fr,6,fr,5,8400
10,0.7772,en,en2fr,6,fr,6,8400
10,0.8074,en,en2fr,6,fr,7,8400
10,0.6256,en,en2fr,6,en,1,8400
10,0.6623,en,en2fr,6,en,2,8400
10,0.6008,en,en2fr,6,en,3,8400
10,0.5989,en,en2fr,6,en,4,8400
10,0.6473,en,en2fr,6,en,5,8400
10,0.8379,en,en2fr,7,fr,1,8400
10,0.7684,en,en2fr,7,fr,2,8400
10,0.83,en,en2fr,7,fr,4,8400
10,0.7898,en,en2fr,7,fr,5,8400
10,0.8466,en,en2fr,7,fr,6,8400
10,0.8076,en,en2fr,7,fr,7,8400
10,0.6274,en,en2fr,7,en,1,8400
10,0.6561,en,en2fr,7,en,2,8400
10,0.6027,en,en2fr,7,en,3,8400
10,0.5653,en,en2fr,7,en,4,8400
10,0.6382,en,en2fr,7,en,5,8400
10,0.8203,en,en2fr,8,fr,1,8400
10,0.8135,en,en2fr,8,fr,2,8400
10,0.818,en,en2fr,8,fr,4,8400
10,0.7888,en,en2fr,8,fr,5,8400
10,0.8011,en,en2fr,8,fr,6,8400
10,0.8139,en,en2fr,8,fr,7,8400
10,0.6353,en,en2fr,8,en,1,8400
10,0.6418,en,en2fr,8,en,2,8400
10,0.6071,en,en2fr,8,en,3,8400
10,0.6171,en,en2fr,8,en,4,8400
10,0.6381,en,en2fr,8,en,5,8400
10,0.8126,en,en2fr,9,fr,1,8400
10,0.8141,en,en2fr,9,fr,2,8400
10,0.797,en,en2fr,9,fr,4,8400
10,0.8066,en,en2fr,9,fr,5,8400
10,0.819,en,en2fr,9,fr,6,8400
10,0.8366,en,en2fr,9,fr,7,8400
10,0.6611,en,en2fr,9,en,1,8400
10,0.6918,en,en2fr,9,en,2,8400
10,0.6291,en,en2fr,9,en,3,8400
10,0.6356,en,en2fr,9,en,4,8400
10,0.6757,en,en2fr,9,en,5,8400
11,0.836,en,en2fr,1,fr,1,8400
11,0.805,en,en2fr,1,fr,2,8400
11,0.8219,en,en2fr,1,fr,4,8400
11,0.8365,en,en2fr,1,fr,5,8400
11,0.8366,en,en2fr,1,fr,6,8400
11,0.8212,en,en2fr,1,fr,7,8400
11,0.5486,en,en2fr,1,en,1,8400
11,0.5671,en,en2fr,1,en,2,8400
11,0.5642,en,en2fr,1,en,3,8400
11,0.5068,en,en2fr,1,en,4,8400
11,0.5971,en,en2fr,1,en,5,8400
11,0.8755,en,en2fr,2,fr,1,8400
11,0.8454,en,en2fr,2,fr,2,8400
11,0.8783,en,en2fr,2,fr,4,8400
11,0.8472,en,en2fr,2,fr,5,8400
11,0.8962,en,en2fr,2,fr,6,8400
11,0.8815,en,en2fr,2,fr,7,8400
11,0.5646,en,en2fr,2,en,1,8400
11,0.5892,en,en2fr,2,en,2,8400
11,0.5782,en,en2fr,2,en,3,8400
11,0.5003,en,en2fr,2,en,4,8400
11,0.6101,en,en2fr,2,en,5,8400
11,0.8645,en,en2fr,3,fr,1,8400
11,0.8625,en,en2fr,3,fr,2,8400
11,0.8704,en,en2fr,3,fr,4,8400
11,0.8415,en,en2fr,3,fr,5,8400
11,0.879,en,en2fr,3,fr,6,8400
11,0.8728,en,en2fr,3,fr,7,8400
11,0.5924,en,en2fr,3,en,1,8400
11,0.6128,en,en2fr,3,en,2,8400
11,0.6029,en,en2fr,3,en,3,8400
11,0.5416,en,en2fr,3,en,4,8400
11,0.6261,en,en2fr,3,en,5,8400
11,0.8637,en,en2fr,4,fr,1,8400
11,0.8464,en,en2fr,4,fr,2,8400
11,0.865,en,en2fr,4,fr,4,8400
11,0.8545,en,en2fr,4,fr,5,8400
11,0.872,en,en2fr,4,fr,6,8400
11,0.8715,en,en2fr,4,fr,7,8400
11,0.5867,en,en2fr,4,en,1,8400
11,0.6177,en,en2fr,4,en,2,8400
11,0.594,en,en2fr,4,en,3,8400
11,0.5378,en,en2fr,4,en,4,8400
11,0.6329,en,en2fr,4,en,5,8400
11,0.8621,en,en2fr,5,fr,1,8400
11,0.8434,en,en2fr,5,fr,2,8400
11,0.8629,en,en2fr,5,fr,4,8400
11,0.8489,en,en2fr,5,fr,5,8400
11,0.8773,en,en2fr,5,fr,6,8400
11,0.8696,en,en2fr,5,fr,7,8400
11,0.561,en,en2fr,5,en,1,8400
11,0.5918,en,en2fr,5,en,2,8400
11,0.5788,en,en2fr,5,en,3,8400
11,0.509,en,en2fr,5,en,4,8400
11,0.6129,en,en2fr,5,en,5,8400
11,0.8343,en,en2fr,6,fr,1,8400
11,0.8346,en,en2fr,6,fr,2,8400
11,0.8334,en,en2fr,6,fr,4,8400
11,0.812,en,en2fr,6,fr,5,8400
11,0.8486,en,en2fr,6,fr,6,8400
11,0.8488,en,en2fr,6,fr,7,8400
11,0.5778,en,en2fr,6,en,1,8400
11,0.6159,en,en2fr,6,en,2,8400
11,0.5903,en,en2fr,6,en,3,8400
11,0.5222,en,en2fr,6,en,4,8400
11,0.6268,en,en2fr,6,en,5,8400
11,0.867,en,en2fr,7,fr,1,8400
11,0.8576,en,en2fr,7,fr,2,8400
11,0.8729,en,en2fr,7,fr,4,8400
11,0.8345,en,en2fr,7,fr,5,8400
11,0.8816,en,en2fr,7,fr,6,8400
11,0.8655,en,en2fr,7,fr,7,8400
11,0.5554,en,en2fr,7,en,1,8400
11,0.5726,en,en2fr,7,en,2,8400
11,0.5662,en,en2fr,7,en,3,8400
11,0.4795,en,en2fr,7,en,4,8400
11,0.5887,en,en2fr,7,en,5,8400
11,0.8636,en,en2fr,8,fr,1,8400
11,0.8486,en,en2fr,8,fr,2,8400
11,0.8455,en,en2fr,8,fr,4,8400
11,0.8226,en,en2fr,8,fr,5,8400
11,0.8545,en,en2fr,8,fr,6,8400
11,0.8422,en,en2fr,8,fr,7,8400
11,0.5515,en,en2fr,8,en,1,8400
11,0.5514,en,en2fr,8,en,2,8400
11,0.5709,en,en2fr,8,en,3,8400
11,0.509,en,en2fr,8,en,4,8400
11,0.5816,en,en2fr,8,en,5,8400
11,0.8565,en,en2fr,9,fr,1,8400
11,0.8436,en,en2fr,9,fr,2,8400
11,0.85,en,en2fr,9,fr,4,8400
11,0.8446,en,en2fr,9,fr,5,8400
11,0.8701,en,en2fr,9,fr,6,8400
11,0.8598,en,en2fr,9,fr,7,8400
11,0.5462,en,en2fr,9,en,1,8400
11,0.571,en,en2fr,9,en,2,8400
11,0.5597,en,en2fr,9,en,3,8400
11,0.486,en,en2fr,9,en,4,8400
11,0.5834,en,en2fr,9,en,5,8400
12,0.8324,en,en2fr,1,fr,1,8400
12,0.8261,en,en2fr,1,fr,2,8400
12,0.8275,en,en2fr,1,fr,4,8400
12,0.8104,en,en2fr,1,fr,5,8400
12,0.8172,en,en2fr,1,fr,6,8400
12,0.8231,en,en2fr,1,fr,7,8400
12,0.4968,en,en2fr,1,en,1,8400
12,0.4825,en,en2fr,1,en,2,8400
12,0.4716,en,en2fr,1,en,3,8400
12,0.46,en,en2fr,1,en,4,8400
12,0.3541,en,en2fr,1,en,5,8400
12,0.8483,en,en2fr,2,fr,1,8400
12,0.8416,en,en2fr,2,fr,2,8400
12,0.8439,en,en2fr,2,fr,4,8400
12,0.8289,en,en2fr,2,fr,5,8400
12,0.8286,en,en2fr,2,fr,6,8400
12,0.8351,en,en2fr,2,fr,7,8400
12,0.4947,en,en2fr,2,en,1,8400
12,0.4677,en,en2fr,2,en,2,8400
12,0.4714,en,en2fr,2,en,3,8400
12,0.4606,en,en2fr,2,en,4,8400
12,0.354,en,en2fr,2,en,5,8400
12,0.8202,en,en2fr,3,fr,1,8400
12,0.8203,en,en2fr,3,fr,2,8400
12,0.8417,en,en2fr,3,fr,4,8400
12,0.8196,en,en2fr,3,fr,5,8400
12,0.8434,en,en2fr,3,fr,6,8400
12,0.8238,en,en2fr,3,fr,7,8400
12,0.4687,en,en2fr,3,en,1,8400
12,0.4571,en,en2fr,3,en,2,8400
12,0.4618,en,en2fr,3,en,3,8400
12,0.4529,en,en2fr,3,en,4,8400
12,0.3689,en,en2fr,3,en,5,8400
12,0.8427,en,en2fr,4,fr,1,8400
12,0.8369,en,en2fr,4,fr,2,8400
12,0.8397,en,en2fr,4,fr,4,8400
12,0.8354,en,en2fr,4,fr,5,8400
12,0.8338,en,en2fr,4,fr,6,8400
12,0.8338,en,en2fr,4,fr,7,8400
12,0.4948,en,en2fr,4,en,1,8400
12,0.4801,en,en2fr,4,en,2,8400
12,0.4787,en,en2fr,4,en,3,8400
12,0.4676,en,en2fr,4,en,4,8400
12,0.3711,en,en2fr,4,en,5,8400
12,0.8302,en,en2fr,5,fr,1,8400
12,0.8193,en,en2fr,5,fr,2,8400
12,0.8294,en,en2fr,5,fr,4,8400
12,0.8161,en,en2fr,5,fr,5,8400
12,0.831,en,en2fr,5,fr,6,8400
12,0.8221,en,en2fr,5,fr,7,8400
12,0.4681,en,en2fr,5,en,1,8400
12,0.4561,en,en2fr,5,en,2,8400
12,0.4513,en,en2fr,5,en,3,8400
12,0.4518,en,en2fr,5,en,4,8400
12,0.3657,en,en2fr,5,en,5,8400
12,0.7918,en,en2fr,6,fr,1,8400
12,0.7879,en,en2fr,6,fr,2,8400
12,0.8134,en,en2fr,6,fr,4,8400
12,0.8021,en,en2fr,6,fr,5,8400
12,0.8288,en,en2fr,6,fr,6,8400
12,0.8078,en,en2fr,6,fr,7,8400
12,0.4161,en,en2fr,6,en,1,8400
12,0.4239,en,en2fr,6,en,2,8400
12,0.4263,en,en2fr,6,en,3,8400
12,0.4145,en,en2fr,6,en,4,8400
12,0.3677,en,en2fr,6,en,5,8400
12,0.8329,en,en2fr,7,fr,1,8400
12,0.856,en,en2fr,7,fr,2,8400
12,0.8489,en,en2fr,7,fr,4,8400
12,0.8309,en,en2fr,7,fr,5,8400
12,0.8198,en,en2fr,7,fr,6,8400
12,0.8377,en,en2fr,7,fr,7,8400
12,0.5245,en,en2fr,7,en,1,8400
12,0.4935,en,en2fr,7,en,2,8400
12,0.4956,en,en2fr,7,en,3,8400
12,0.4871,en,en2fr,7,en,4,8400
12,0.3444,en,en2fr,7,en,5,8400
12,0.8599,en,en2fr,8,fr,1,8400
12,0.8495,en,en2fr,8,fr,2,8400
12,0.8448,en,en2fr,8,fr,4,8400
12,0.8251,en,en2fr,8,fr,5,8400
12,0.8176,en,en2fr,8,fr,6,8400
12,0.8321,en,en2fr,8,fr,7,8400
12,0.5248,en,en2fr,8,en,1,8400
12,0.4869,en,en2fr,8,en,2,8400
12,0.4872,en,en2fr,8,en,3,8400
12,0.4831,en,en2fr,8,en,4,8400
12,0.354,en,en2fr,8,en,5,8400
12,0.8394,en,en2fr,9,fr,1,8400
12,0.8252,en,en2fr,9,fr,2,8400
12,0.8303,en,en2fr,9,fr,4,8400
12,0.8129,en,en2fr,9,fr,5,8400
12,0.8155,en,en2fr,9,fr,6,8400
12,0.8251,en,en2fr,9,fr,7,8400
12,0.4791,en,en2fr,9,en,1,8400
12,0.4524,en,en2fr,9,en,2,8400
12,0.4538,en,en2fr,9,en,3,8400
12,0.4516,en,en2fr,9,en,4,8400
12,0.3382,en,en2fr,9,en,5,8400
0,0.976,fr,de,1,de,2,0
1,0.9571,fr,de,1,de,2,0
2,0.9251,fr,de,1,de,2,0
3,0.9339,fr,de,1,de,2,0
4,0.8793,fr,de,1,de,2,0
5,0.8753,fr,de,1,de,2,0
6,0.7741,fr,de,1,de,2,0
7,0.8137,fr,de,1,de,2,0
8,0.8567,fr,de,1,de,2,0
9,0.8997,fr,de,1,de,2,0
10,0.9018,fr,de,1,de,2,0
11,0.8726,fr,de,1,de,2,0
12,0.8748,fr,de,1,de,2,0
0,0.9895,fr,de,1,de,3,0
1,0.9668,fr,de,1,de,3,0
2,0.9087,fr,de,1,de,3,0
3,0.9124,fr,de,1,de,3,0
4,0.8824,fr,de,1,de,3,0
5,0.8792,fr,de,1,de,3,0
6,0.8718,fr,de,1,de,3,0
7,0.8634,fr,de,1,de,3,0
8,0.8822,fr,de,1,de,3,0
9,0.8761,fr,de,1,de,3,0
10,0.8612,fr,de,1,de,3,0
11,0.8712,fr,de,1,de,3,0
12,0.8853,fr,de,1,de,3,0
0,0.9897,fr,de,1,de,4,0
1,0.9553,fr,de,1,de,4,0
2,0.9148,fr,de,1,de,4,0
3,0.9209,fr,de,1,de,4,0
4,0.912,fr,de,1,de,4,0
5,0.898,fr,de,1,de,4,0
6,0.89,fr,de,1,de,4,0
7,0.868,fr,de,1,de,4,0
8,0.8712,fr,de,1,de,4,0
9,0.8893,fr,de,1,de,4,0
10,0.8857,fr,de,1,de,4,0
11,0.8778,fr,de,1,de,4,0
12,0.8741,fr,de,1,de,4,0
0,0.9926,fr,de,1,de,5,0
1,0.9577,fr,de,1,de,5,0
2,0.9226,fr,de,1,de,5,0
3,0.9221,fr,de,1,de,5,0
4,0.8865,fr,de,1,de,5,0
5,0.8493,fr,de,1,de,5,0
6,0.8596,fr,de,1,de,5,0
7,0.875,fr,de,1,de,5,0
8,0.8822,fr,de,1,de,5,0
9,0.9099,fr,de,1,de,5,0
10,0.9128,fr,de,1,de,5,0
11,0.8891,fr,de,1,de,5,0
12,0.8973,fr,de,1,de,5,0
0,0.9927,fr,de,1,de,6,0
1,0.9659,fr,de,1,de,6,0
2,0.925,fr,de,1,de,6,0
3,0.9338,fr,de,1,de,6,0
4,0.9048,fr,de,1,de,6,0
5,0.8947,fr,de,1,de,6,0
6,0.892,fr,de,1,de,6,0
7,0.8855,fr,de,1,de,6,0
8,0.8935,fr,de,1,de,6,0
9,0.9047,fr,de,1,de,6,0
10,0.8961,fr,de,1,de,6,0
11,0.8878,fr,de,1,de,6,0
12,0.8969,fr,de,1,de,6,0
0,0.9884,fr,de,1,fr,1,0
1,0.9346,fr,de,1,fr,1,0
2,0.8991,fr,de,1,fr,1,0
3,0.903,fr,de,1,fr,1,0
4,0.8765,fr,de,1,fr,1,0
5,0.8533,fr,de,1,fr,1,0
6,0.832,fr,de,1,fr,1,0
7,0.8379,fr,de,1,fr,1,0
8,0.8154,fr,de,1,fr,1,0
9,0.8485,fr,de,1,fr,1,0
10,0.851,fr,de,1,fr,1,0
11,0.7462,fr,de,1,fr,1,0
12,0.6533,fr,de,1,fr,1,0
0,0.9818,fr,de,1,fr,2,0
1,0.9478,fr,de,1,fr,2,0
2,0.9083,fr,de,1,fr,2,0
3,0.9237,fr,de,1,fr,2,0
4,0.8966,fr,de,1,fr,2,0
5,0.8904,fr,de,1,fr,2,0
6,0.8688,fr,de,1,fr,2,0
7,0.8473,fr,de,1,fr,2,0
8,0.8021,fr,de,1,fr,2,0
9,0.7959,fr,de,1,fr,2,0
10,0.7485,fr,de,1,fr,2,0
11,0.7074,fr,de,1,fr,2,0
12,0.6432,fr,de,1,fr,2,0
0,0.9824,fr,de,1,fr,4,0
1,0.9378,fr,de,1,fr,4,0
2,0.9043,fr,de,1,fr,4,0
3,0.917,fr,de,1,fr,4,0
4,0.8937,fr,de,1,fr,4,0
5,0.885,fr,de,1,fr,4,0
6,0.8305,fr,de,1,fr,4,0
7,0.8074,fr,de,1,fr,4,0
8,0.79,fr,de,1,fr,4,0
9,0.828,fr,de,1,fr,4,0
10,0.8128,fr,de,1,fr,4,0
11,0.7089,fr,de,1,fr,4,0
12,0.5561,fr,de,1,fr,4,0
0,0.9819,fr,de,1,fr,5,0
1,0.9183,fr,de,1,fr,5,0
2,0.9027,fr,de,1,fr,5,0
3,0.9091,fr,de,1,fr,5,0
4,0.8808,fr,de,1,fr,5,0
5,0.8567,fr,de,1,fr,5,0
6,0.8849,fr,de,1,fr,5,0
7,0.8617,fr,de,1,fr,5,0
8,0.7828,fr,de,1,fr,5,0
9,0.8227,fr,de,1,fr,5,0
10,0.8404,fr,de,1,fr,5,0
11,0.7264,fr,de,1,fr,5,0
12,0.5644,fr,de,1,fr,5,0
0,0.9871,fr,de,1,fr,6,0
1,0.9508,fr,de,1,fr,6,0
2,0.9152,fr,de,1,fr,6,0
3,0.9156,fr,de,1,fr,6,0
4,0.8936,fr,de,1,fr,6,0
5,0.8832,fr,de,1,fr,6,0
6,0.8744,fr,de,1,fr,6,0
7,0.835,fr,de,1,fr,6,0
8,0.8126,fr,de,1,fr,6,0
9,0.8237,fr,de,1,fr,6,0
10,0.8432,fr,de,1,fr,6,0
11,0.7663,fr,de,1,fr,6,0
12,0.5761,fr,de,1,fr,6,0
0,0.9843,fr,de,1,fr,7,0
1,0.9422,fr,de,1,fr,7,0
2,0.9187,fr,de,1,fr,7,0
3,0.9272,fr,de,1,fr,7,0
4,0.9021,fr,de,1,fr,7,0
5,0.9014,fr,de,1,fr,7,0
6,0.9131,fr,de,1,fr,7,0
7,0.8695,fr,de,1,fr,7,0
8,0.8315,fr,de,1,fr,7,0
9,0.8494,fr,de,1,fr,7,0
10,0.8176,fr,de,1,fr,7,0
11,0.715,fr,de,1,fr,7,0
12,0.5212,fr,de,1,fr,7,0
0,0.9767,fr,de,2,de,3,0
1,0.9561,fr,de,2,de,3,0
2,0.9076,fr,de,2,de,3,0
3,0.9068,fr,de,2,de,3,0
4,0.8672,fr,de,2,de,3,0
5,0.8722,fr,de,2,de,3,0
6,0.81,fr,de,2,de,3,0
7,0.8381,fr,de,2,de,3,0
8,0.8739,fr,de,2,de,3,0
9,0.8726,fr,de,2,de,3,0
10,0.8404,fr,de,2,de,3,0
11,0.8918,fr,de,2,de,3,0
12,0.8733,fr,de,2,de,3,0
0,0.9761,fr,de,2,de,4,0
1,0.9454,fr,de,2,de,4,0
2,0.9206,fr,de,2,de,4,0
3,0.913,fr,de,2,de,4,0
4,0.9008,fr,de,2,de,4,0
5,0.8909,fr,de,2,de,4,0
6,0.7928,fr,de,2,de,4,0
7,0.8059,fr,de,2,de,4,0
8,0.863,fr,de,2,de,4,0
9,0.876,fr,de,2,de,4,0
10,0.8599,fr,de,2,de,4,0
11,0.8729,fr,de,2,de,4,0
12,0.8527,fr,de,2,de,4,0
0,0.9713,fr,de,2,de,5,0
1,0.951,fr,de,2,de,5,0
2,0.9282,fr,de,2,de,5,0
3,0.9183,fr,de,2,de,5,0
4,0.8852,fr,de,2,de,5,0
5,0.829,fr,de,2,de,5,0
6,0.8193,fr,de,2,de,5,0
7,0.8296,fr,de,2,de,5,0
8,0.8741,fr,de,2,de,5,0
9,0.8991,fr,de,2,de,5,0
10,0.9012,fr,de,2,de,5,0
11,0.9018,fr,de,2,de,5,0
12,0.8635,fr,de,2,de,5,0
0,0.9732,fr,de,2,de,6,0
1,0.9491,fr,de,2,de,6,0
2,0.9318,fr,de,2,de,6,0
3,0.9279,fr,de,2,de,6,0
4,0.8945,fr,de,2,de,6,0
5,0.868,fr,de,2,de,6,0
6,0.7958,fr,de,2,de,6,0
7,0.8416,fr,de,2,de,6,0
8,0.8755,fr,de,2,de,6,0
9,0.8971,fr,de,2,de,6,0
10,0.882,fr,de,2,de,6,0
11,0.882,fr,de,2,de,6,0
12,0.8826,fr,de,2,de,6,0
0,0.9861,fr,de,2,fr,1,0
1,0.939,fr,de,2,fr,1,0
2,0.9006,fr,de,2,fr,1,0
3,0.9089,fr,de,2,fr,1,0
4,0.8684,fr,de,2,fr,1,0
5,0.8374,fr,de,2,fr,1,0
6,0.7302,fr,de,2,fr,1,0
7,0.7301,fr,de,2,fr,1,0
8,0.7771,fr,de,2,fr,1,0
9,0.8421,fr,de,2,fr,1,0
10,0.8556,fr,de,2,fr,1,0
11,0.7702,fr,de,2,fr,1,0
12,0.6958,fr,de,2,fr,1,0
0,0.987,fr,de,2,fr,2,0
1,0.9512,fr,de,2,fr,2,0
2,0.9218,fr,de,2,fr,2,0
3,0.9184,fr,de,2,fr,2,0
4,0.8782,fr,de,2,fr,2,0
5,0.8342,fr,de,2,fr,2,0
6,0.7194,fr,de,2,fr,2,0
7,0.7651,fr,de,2,fr,2,0
8,0.8031,fr,de,2,fr,2,0
9,0.8142,fr,de,2,fr,2,0
10,0.7711,fr,de,2,fr,2,0
11,0.7499,fr,de,2,fr,2,0
12,0.6789,fr,de,2,fr,2,0
0,0.973,fr,de,2,fr,4,0
1,0.9485,fr,de,2,fr,4,0
2,0.9161,fr,de,2,fr,4,0
3,0.9207,fr,de,2,fr,4,0
4,0.8681,fr,de,2,fr,4,0
5,0.8452,fr,de,2,fr,4,0
6,0.6942,fr,de,2,fr,4,0
7,0.712,fr,de,2,fr,4,0
8,0.7504,fr,de,2,fr,4,0
9,0.8261,fr,de,2,fr,4,0
10,0.8124,fr,de,2,fr,4,0
11,0.7362,fr,de,2,fr,4,0
12,0.5911,fr,de,2,fr,4,0
0,0.9858,fr,de,2,fr,5,0
1,0.9324,fr,de,2,fr,5,0
2,0.9179,fr,de,2,fr,5,0
3,0.9161,fr,de,2,fr,5,0
4,0.8759,fr,de,2,fr,5,0
5,0.8234,fr,de,2,fr,5,0
6,0.7369,fr,de,2,fr,5,0
7,0.7522,fr,de,2,fr,5,0
8,0.7772,fr,de,2,fr,5,0
9,0.8271,fr,de,2,fr,5,0
10,0.8445,fr,de,2,fr,5,0
11,0.7542,fr,de,2,fr,5,0
12,0.6002,fr,de,2,fr,5,0
0,0.9705,fr,de,2,fr,6,0
1,0.9386,fr,de,2,fr,6,0
2,0.9165,fr,de,2,fr,6,0
3,0.9176,fr,de,2,fr,6,0
4,0.8687,fr,de,2,fr,6,0
5,0.8345,fr,de,2,fr,6,0
6,0.692,fr,de,2,fr,6,0
7,0.7003,fr,de,2,fr,6,0
8,0.7659,fr,de,2,fr,6,0
9,0.8263,fr,de,2,fr,6,0
10,0.8204,fr,de,2,fr,6,0
11,0.7933,fr,de,2,fr,6,0
12,0.6098,fr,de,2,fr,6,0
0,0.9829,fr,de,2,fr,7,0
1,0.9505,fr,de,2,fr,7,0
2,0.9273,fr,de,2,fr,7,0
3,0.9285,fr,de,2,fr,7,0
4,0.8749,fr,de,2,fr,7,0
5,0.8288,fr,de,2,fr,7,0
6,0.7177,fr,de,2,fr,7,0
7,0.7437,fr,de,2,fr,7,0
8,0.7993,fr,de,2,fr,7,0
9,0.8553,fr,de,2,fr,7,0
10,0.8285,fr,de,2,fr,7,0
11,0.7546,fr,de,2,fr,7,0
12,0.5635,fr,de,2,fr,7,0
0,0.9881,fr,de,3,de,4,0
1,0.9637,fr,de,3,de,4,0
2,0.9328,fr,de,3,de,4,0
3,0.9034,fr,de,3,de,4,0
4,0.9056,fr,de,3,de,4,0
5,0.901,fr,de,3,de,4,0
6,0.898,fr,de,3,de,4,0
7,0.8866,fr,de,3,de,4,0
8,0.8927,fr,de,3,de,4,0
9,0.8685,fr,de,3,de,4,0
10,0.8913,fr,de,3,de,4,0
11,0.8809,fr,de,3,de,4,0
12,0.8844,fr,de,3,de,4,0
0,0.9856,fr,de,3,de,5,0
1,0.9598,fr,de,3,de,5,0
2,0.9262,fr,de,3,de,5,0
3,0.9009,fr,de,3,de,5,0
4,0.8916,fr,de,3,de,5,0
5,0.8646,fr,de,3,de,5,0
6,0.8908,fr,de,3,de,5,0
7,0.8886,fr,de,3,de,5,0
8,0.889,fr,de,3,de,5,0
9,0.8854,fr,de,3,de,5,0
10,0.8789,fr,de,3,de,5,0
11,0.8994,fr,de,3,de,5,0
12,0.8821,fr,de,3,de,5,0
0,0.9851,fr,de,3,de,6,0
1,0.96,fr,de,3,de,6,0
2,0.9271,fr,de,3,de,6,0
3,0.9265,fr,de,3,de,6,0
4,0.8933,fr,de,3,de,6,0
5,0.8924,fr,de,3,de,6,0
6,0.8819,fr,de,3,de,6,0
7,0.8666,fr,de,3,de,6,0
8,0.896,fr,de,3,de,6,0
9,0.8799,fr,de,3,de,6,0
10,0.8575,fr,de,3,de,6,0
11,0.8891,fr,de,3,de,6,0
12,0.9026,fr,de,3,de,6,0
0,0.984,fr,de,3,fr,1,0
1,0.9359,fr,de,3,fr,1,0
2,0.9173,fr,de,3,fr,1,0
3,0.8912,fr,de,3,fr,1,0
4,0.8594,fr,de,3,fr,1,0
5,0.8366,fr,de,3,fr,1,0
6,0.7818,fr,de,3,fr,1,0
7,0.7872,fr,de,3,fr,1,0
8,0.8059,fr,de,3,fr,1,0
9,0.812,fr,de,3,fr,1,0
10,0.7872,fr,de,3,fr,1,0
11,0.7629,fr,de,3,fr,1,0
12,0.6556,fr,de,3,fr,1,0
0,0.9737,fr,de,3,fr,2,0
1,0.9467,fr,de,3,fr,2,0
2,0.8909,fr,de,3,fr,2,0
3,0.8944,fr,de,3,fr,2,0
4,0.8545,fr,de,3,fr,2,0
5,0.8582,fr,de,3,fr,2,0
6,0.8147,fr,de,3,fr,2,0
7,0.8259,fr,de,3,fr,2,0
8,0.8266,fr,de,3,fr,2,0
9,0.7197,fr,de,3,fr,2,0
10,0.6759,fr,de,3,fr,2,0
11,0.745,fr,de,3,fr,2,0
12,0.6585,fr,de,3,fr,2,0
0,0.9752,fr,de,3,fr,4,0
1,0.949,fr,de,3,fr,4,0
2,0.9027,fr,de,3,fr,4,0
3,0.9039,fr,de,3,fr,4,0
4,0.8707,fr,de,3,fr,4,0
5,0.8665,fr,de,3,fr,4,0
6,0.8141,fr,de,3,fr,4,0
7,0.8073,fr,de,3,fr,4,0
8,0.8101,fr,de,3,fr,4,0
9,0.7587,fr,de,3,fr,4,0
10,0.7153,fr,de,3,fr,4,0
11,0.7107,fr,de,3,fr,4,0
12,0.5518,fr,de,3,fr,4,0
0,0.9812,fr,de,3,fr,5,0
1,0.925,fr,de,3,fr,5,0
2,0.889,fr,de,3,fr,5,0
3,0.8784,fr,de,3,fr,5,0
4,0.8386,fr,de,3,fr,5,0
5,0.8322,fr,de,3,fr,5,0
6,0.8149,fr,de,3,fr,5,0
7,0.8153,fr,de,3,fr,5,0
8,0.806,fr,de,3,fr,5,0
9,0.8059,fr,de,3,fr,5,0
10,0.8102,fr,de,3,fr,5,0
11,0.7451,fr,de,3,fr,5,0
12,0.557,fr,de,3,fr,5,0
0,0.9783,fr,de,3,fr,6,0
1,0.9532,fr,de,3,fr,6,0
2,0.9067,fr,de,3,fr,6,0
3,0.9036,fr,de,3,fr,6,0
4,0.864,fr,de,3,fr,6,0
5,0.8559,fr,de,3,fr,6,0
6,0.7946,fr,de,3,fr,6,0
7,0.7672,fr,de,3,fr,6,0
8,0.795,fr,de,3,fr,6,0
9,0.7984,fr,de,3,fr,6,0
10,0.8353,fr,de,3,fr,6,0
11,0.7913,fr,de,3,fr,6,0
12,0.5697,fr,de,3,fr,6,0
0,0.9816,fr,de,3,fr,7,0
1,0.9473,fr,de,3,fr,7,0
2,0.9112,fr,de,3,fr,7,0
3,0.9057,fr,de,3,fr,7,0
4,0.8521,fr,de,3,fr,7,0
5,0.8514,fr,de,3,fr,7,0
6,0.8201,fr,de,3,fr,7,0
7,0.8027,fr,de,3,fr,7,0
8,0.8316,fr,de,3,fr,7,0
9,0.7991,fr,de,3,fr,7,0
10,0.7532,fr,de,3,fr,7,0
11,0.7392,fr,de,3,fr,7,0
12,0.52,fr,de,3,fr,7,0
0,0.9887,fr,de,4,de,5,0
1,0.961,fr,de,4,de,5,0
2,0.9363,fr,de,4,de,5,0
3,0.9318,fr,de,4,de,5,0
4,0.9211,fr,de,4,de,5,0
5,0.8684,fr,de,4,de,5,0
6,0.8835,fr,de,4,de,5,0
7,0.8911,fr,de,4,de,5,0
8,0.8951,fr,de,4,de,5,0
9,0.8897,fr,de,4,de,5,0
10,0.8863,fr,de,4,de,5,0
11,0.88,fr,de,4,de,5,0
12,0.8888,fr,de,4,de,5,0
0,0.9907,fr,de,4,de,6,0
1,0.9605,fr,de,4,de,6,0
2,0.9296,fr,de,4,de,6,0
3,0.9172,fr,de,4,de,6,0
4,0.9078,fr,de,4,de,6,0
5,0.8894,fr,de,4,de,6,0
6,0.8721,fr,de,4,de,6,0
7,0.8531,fr,de,4,de,6,0
8,0.8643,fr,de,4,de,6,0
9,0.8641,fr,de,4,de,6,0
10,0.8814,fr,de,4,de,6,0
11,0.8885,fr,de,4,de,6,0
12,0.8881,fr,de,4,de,6,0
0,0.9877,fr,de,4,fr,1,0
1,0.9339,fr,de,4,fr,1,0
2,0.9196,fr,de,4,fr,1,0
3,0.9065,fr,de,4,fr,1,0
4,0.9045,fr,de,4,fr,1,0
5,0.8508,fr,de,4,fr,1,0
6,0.806,fr,de,4,fr,1,0
7,0.8147,fr,de,4,fr,1,0
8,0.7996,fr,de,4,fr,1,0
9,0.8134,fr,de,4,fr,1,0
10,0.7993,fr,de,4,fr,1,0
11,0.7353,fr,de,4,fr,1,0
12,0.6563,fr,de,4,fr,1,0
0,0.9804,fr,de,4,fr,2,0
1,0.941,fr,de,4,fr,2,0
2,0.9097,fr,de,4,fr,2,0
3,0.8989,fr,de,4,fr,2,0
4,0.9002,fr,de,4,fr,2,0
5,0.8671,fr,de,4,fr,2,0
6,0.8161,fr,de,4,fr,2,0
7,0.8198,fr,de,4,fr,2,0
8,0.8206,fr,de,4,fr,2,0
9,0.7799,fr,de,4,fr,2,0
10,0.7117,fr,de,4,fr,2,0
11,0.7101,fr,de,4,fr,2,0
12,0.6536,fr,de,4,fr,2,0
0,0.9877,fr,de,4,fr,4,0
1,0.941,fr,de,4,fr,4,0
2,0.9268,fr,de,4,fr,4,0
3,0.9081,fr,de,4,fr,4,0
4,0.9062,fr,de,4,fr,4,0
5,0.8892,fr,de,4,fr,4,0
6,0.8405,fr,de,4,fr,4,0
7,0.8375,fr,de,4,fr,4,0
8,0.8207,fr,de,4,fr,4,0
9,0.8027,fr,de,4,fr,4,0
10,0.7523,fr,de,4,fr,4,0
11,0.6908,fr,de,4,fr,4,0
12,0.5671,fr,de,4,fr,4,0
0,0.9846,fr,de,4,fr,5,0
1,0.9327,fr,de,4,fr,5,0
2,0.9194,fr,de,4,fr,5,0
3,0.887,fr,de,4,fr,5,0
4,0.8909,fr,de,4,fr,5,0
5,0.8478,fr,de,4,fr,5,0
6,0.8297,fr,de,4,fr,5,0
7,0.8161,fr,de,4,fr,5,0
8,0.7805,fr,de,4,fr,5,0
9,0.8282,fr,de,4,fr,5,0
10,0.8302,fr,de,4,fr,5,0
11,0.7212,fr,de,4,fr,5,0
12,0.5729,fr,de,4,fr,5,0
0,0.9874,fr,de,4,fr,6,0
1,0.9465,fr,de,4,fr,6,0
2,0.9194,fr,de,4,fr,6,0
3,0.893,fr,de,4,fr,6,0
4,0.9019,fr,de,4,fr,6,0
5,0.8643,fr,de,4,fr,6,0
6,0.816,fr,de,4,fr,6,0
7,0.7888,fr,de,4,fr,6,0
8,0.7868,fr,de,4,fr,6,0
9,0.8091,fr,de,4,fr,6,0
10,0.8513,fr,de,4,fr,6,0
11,0.7716,fr,de,4,fr,6,0
12,0.5912,fr,de,4,fr,6,0
0,0.9847,fr,de,4,fr,7,0
1,0.944,fr,de,4,fr,7,0
2,0.9332,fr,de,4,fr,7,0
3,0.9013,fr,de,4,fr,7,0
4,0.8967,fr,de,4,fr,7,0
5,0.8694,fr,de,4,fr,7,0
6,0.8377,fr,de,4,fr,7,0
7,0.8053,fr,de,4,fr,7,0
8,0.8001,fr,de,4,fr,7,0
9,0.8133,fr,de,4,fr,7,0
10,0.7703,fr,de,4,fr,7,0
11,0.7144,fr,de,4,fr,7,0
12,0.5394,fr,de,4,fr,7,0
0,0.9935,fr,de,5,de,6,0
1,0.9606,fr,de,5,de,6,0
2,0.9431,fr,de,5,de,6,0
3,0.9213,fr,de,5,de,6,0
4,0.8941,fr,de,5,de,6,0
5,0.8549,fr,de,5,de,6,0
6,0.8677,fr,de,5,de,6,0
7,0.8825,fr,de,5,de,6,0
8,0.8836,fr,de,5,de,6,0
9,0.9047,fr,de,5,de,6,0
10,0.8847,fr,de,5,de,6,0
11,0.8953,fr,de,5,de,6,0
12,0.9017,fr,de,5,de,6,0
0,0.9854,fr,de,5,fr,1,0
1,0.9289,fr,de,5,fr,1,0
2,0.9123,fr,de,5,fr,1,0
3,0.9002,fr,de,5,fr,1,0
4,0.8741,fr,de,5,fr,1,0
5,0.7867,fr,de,5,fr,1,0
6,0.7481,fr,de,5,fr,1,0
7,0.7861,fr,de,5,fr,1,0
8,0.7796,fr,de,5,fr,1,0
9,0.8352,fr,de,5,fr,1,0
10,0.8547,fr,de,5,fr,1,0
11,0.7826,fr,de,5,fr,1,0
12,0.6451,fr,de,5,fr,1,0
0,0.9771,fr,de,5,fr,2,0
1,0.933,fr,de,5,fr,2,0
2,0.9155,fr,de,5,fr,2,0
3,0.9051,fr,de,5,fr,2,0
4,0.8674,fr,de,5,fr,2,0
5,0.8026,fr,de,5,fr,2,0
6,0.787,fr,de,5,fr,2,0
7,0.8226,fr,de,5,fr,2,0
8,0.7972,fr,de,5,fr,2,0
9,0.7733,fr,de,5,fr,2,0
10,0.7591,fr,de,5,fr,2,0
11,0.7473,fr,de,5,fr,2,0
12,0.6391,fr,de,5,fr,2,0
0,0.9807,fr,de,5,fr,4,0
1,0.9387,fr,de,5,fr,4,0
2,0.9239,fr,de,5,fr,4,0
3,0.9137,fr,de,5,fr,4,0
4,0.8778,fr,de,5,fr,4,0
5,0.805,fr,de,5,fr,4,0
6,0.7886,fr,de,5,fr,4,0
7,0.8031,fr,de,5,fr,4,0
8,0.7891,fr,de,5,fr,4,0
9,0.8137,fr,de,5,fr,4,0
10,0.8024,fr,de,5,fr,4,0
11,0.738,fr,de,5,fr,4,0
12,0.5419,fr,de,5,fr,4,0
0,0.9839,fr,de,5,fr,5,0
1,0.9382,fr,de,5,fr,5,0
2,0.9208,fr,de,5,fr,5,0
3,0.8944,fr,de,5,fr,5,0
4,0.8647,fr,de,5,fr,5,0
5,0.7727,fr,de,5,fr,5,0
6,0.7843,fr,de,5,fr,5,0
7,0.8121,fr,de,5,fr,5,0
8,0.7725,fr,de,5,fr,5,0
9,0.8212,fr,de,5,fr,5,0
10,0.8497,fr,de,5,fr,5,0
11,0.7629,fr,de,5,fr,5,0
12,0.5612,fr,de,5,fr,5,0
0,0.9899,fr,de,5,fr,6,0
1,0.9444,fr,de,5,fr,6,0
2,0.9226,fr,de,5,fr,6,0
3,0.901,fr,de,5,fr,6,0
4,0.8794,fr,de,5,fr,6,0
5,0.7925,fr,de,5,fr,6,0
6,0.7657,fr,de,5,fr,6,0
7,0.7753,fr,de,5,fr,6,0
8,0.7817,fr,de,5,fr,6,0
9,0.819,fr,de,5,fr,6,0
10,0.8434,fr,de,5,fr,6,0
11,0.7996,fr,de,5,fr,6,0
12,0.5721,fr,de,5,fr,6,0
0,0.9801,fr,de,5,fr,7,0
1,0.9318,fr,de,5,fr,7,0
2,0.9259,fr,de,5,fr,7,0
3,0.9073,fr,de,5,fr,7,0
4,0.8606,fr,de,5,fr,7,0
5,0.7891,fr,de,5,fr,7,0
6,0.7973,fr,de,5,fr,7,0
7,0.8057,fr,de,5,fr,7,0
8,0.7991,fr,de,5,fr,7,0
9,0.8379,fr,de,5,fr,7,0
10,0.8181,fr,de,5,fr,7,0
11,0.7507,fr,de,5,fr,7,0
12,0.5222,fr,de,5,fr,7,0
0,0.9866,fr,de,6,fr,1,0
1,0.9313,fr,de,6,fr,1,0
2,0.8957,fr,de,6,fr,1,0
3,0.9057,fr,de,6,fr,1,0
4,0.8815,fr,de,6,fr,1,0
5,0.8408,fr,de,6,fr,1,0
6,0.8019,fr,de,6,fr,1,0
7,0.801,fr,de,6,fr,1,0
8,0.8067,fr,de,6,fr,1,0
9,0.8627,fr,de,6,fr,1,0
10,0.83,fr,de,6,fr,1,0
11,0.7538,fr,de,6,fr,1,0
12,0.6651,fr,de,6,fr,1,0
0,0.98,fr,de,6,fr,2,0
1,0.9413,fr,de,6,fr,2,0
2,0.911,fr,de,6,fr,2,0
3,0.9284,fr,de,6,fr,2,0
4,0.9015,fr,de,6,fr,2,0
5,0.8695,fr,de,6,fr,2,0
6,0.8381,fr,de,6,fr,2,0
7,0.8262,fr,de,6,fr,2,0
8,0.812,fr,de,6,fr,2,0
9,0.7721,fr,de,6,fr,2,0
10,0.7276,fr,de,6,fr,2,0
11,0.724,fr,de,6,fr,2,0
12,0.6587,fr,de,6,fr,2,0
0,0.9828,fr,de,6,fr,4,0
1,0.9429,fr,de,6,fr,4,0
2,0.916,fr,de,6,fr,4,0
3,0.9316,fr,de,6,fr,4,0
4,0.8839,fr,de,6,fr,4,0
5,0.8636,fr,de,6,fr,4,0
6,0.804,fr,de,6,fr,4,0
7,0.7816,fr,de,6,fr,4,0
8,0.7993,fr,de,6,fr,4,0
9,0.8202,fr,de,6,fr,4,0
10,0.781,fr,de,6,fr,4,0
11,0.7086,fr,de,6,fr,4,0
12,0.5516,fr,de,6,fr,4,0
0,0.981,fr,de,6,fr,5,0
1,0.934,fr,de,6,fr,5,0
2,0.9184,fr,de,6,fr,5,0
3,0.9178,fr,de,6,fr,5,0
4,0.8832,fr,de,6,fr,5,0
5,0.8446,fr,de,6,fr,5,0
6,0.8402,fr,de,6,fr,5,0
7,0.8342,fr,de,6,fr,5,0
8,0.788,fr,de,6,fr,5,0
9,0.8225,fr,de,6,fr,5,0
10,0.8249,fr,de,6,fr,5,0
11,0.728,fr,de,6,fr,5,0
12,0.5685,fr,de,6,fr,5,0
0,0.9924,fr,de,6,fr,6,0
1,0.955,fr,de,6,fr,6,0
2,0.9252,fr,de,6,fr,6,0
3,0.9341,fr,de,6,fr,6,0
4,0.8862,fr,de,6,fr,6,0
5,0.8637,fr,de,6,fr,6,0
6,0.8239,fr,de,6,fr,6,0
7,0.8062,fr,de,6,fr,6,0
8,0.8084,fr,de,6,fr,6,0
9,0.8335,fr,de,6,fr,6,0
10,0.8317,fr,de,6,fr,6,0
11,0.7762,fr,de,6,fr,6,0
12,0.5769,fr,de,6,fr,6,0
0,0.9811,fr,de,6,fr,7,0
1,0.934,fr,de,6,fr,7,0
2,0.9188,fr,de,6,fr,7,0
3,0.9261,fr,de,6,fr,7,0
4,0.8923,fr,de,6,fr,7,0
5,0.8691,fr,de,6,fr,7,0
6,0.8553,fr,de,6,fr,7,0
7,0.8326,fr,de,6,fr,7,0
8,0.8393,fr,de,6,fr,7,0
9,0.8484,fr,de,6,fr,7,0
10,0.7861,fr,de,6,fr,7,0
11,0.7219,fr,de,6,fr,7,0
12,0.534,fr,de,6,fr,7,0
0,0.9913,fr,fr2de,3,de,1,3360
0,0.9681,fr,fr2de,3,de,2,3360
0,0.984,fr,fr2de,3,de,3,3360
0,0.9861,fr,fr2de,3,de,4,3360
0,0.9929,fr,fr2de,3,de,5,3360
0,0.9928,fr,fr2de,3,de,6,3360
0,0.9816,fr,fr2de,3,fr,1,3360
0,0.973,fr,fr2de,3,fr,2,3360
0,0.9748,fr,fr2de,3,fr,4,3360
0,0.9761,fr,fr2de,3,fr,5,3360
0,0.9922,fr,fr2de,3,fr,6,3360
0,0.9747,fr,fr2de,3,fr,7,3360
0,0.9912,fr,fr2de,4,de,1,3360
0,0.9658,fr,fr2de,4,de,2,3360
0,0.9846,fr,fr2de,4,de,3,3360
0,0.9895,fr,fr2de,4,de,4,3360
0,0.9911,fr,fr2de,4,de,5,3360
0,0.9913,fr,fr2de,4,de,6,3360
0,0.9836,fr,fr2de,4,fr,1,3360
0,0.9772,fr,fr2de,4,fr,2,3360
0,0.9863,fr,fr2de,4,fr,4,3360
0,0.9788,fr,fr2de,4,fr,5,3360
0,0.9873,fr,fr2de,4,fr,6,3360
0,0.9814,fr,fr2de,4,fr,7,3360
0,0.9822,fr,fr2de,5,de,1,3360
0,0.9453,fr,fr2de,5,de,2,3360
0,0.976,fr,fr2de,5,de,3,3360
0,0.9789,fr,fr2de,5,de,4,3360
0,0.9861,fr,fr2de,5,de,5,3360
0,0.9869,fr,fr2de,5,de,6,3360
0,0.9667,fr,fr2de,5,fr,1,3360
0,0.9532,fr,fr2de,5,fr,2,3360
0,0.9654,fr,fr2de,5,fr,4,3360
0,0.9604,fr,fr2de,5,fr,5,3360
0,0.9824,fr,fr2de,5,fr,6,3360
0,0.9605,fr,fr2de,5,fr,7,3360
1,0.9632,fr,fr2de,3,de,1,3360
1,0.9483,fr,fr2de,3,de,2,3360
1,0.9584,fr,fr2de,3,de,3,3360
1,0.9509,fr,fr2de,3,de,4,3360
1,0.957,fr,fr2de,3,de,5,3360
1,0.9668,fr,fr2de,3,de,6,3360
1,0.9331,fr,fr2de,3,fr,1,3360
1,0.9441,fr,fr2de,3,fr,2,3360
1,0.9475,fr,fr2de,3,fr,4,3360
1,0.9302,fr,fr2de,3,fr,5,3360
1,0.9627,fr,fr2de,3,fr,6,3360
1,0.9353,fr,fr2de,3,fr,7,3360
1,0.9694,fr,fr2de,4,de,1,3360
1,0.9505,fr,fr2de,4,de,2,3360
1,0.9659,fr,fr2de,4,de,3,3360
1,0.9585,fr,fr2de,4,de,4,3360
1,0.9567,fr,fr2de,4,de,5,3360
1,0.9601,fr,fr2de,4,de,6,3360
1,0.93,fr,fr2de,4,fr,1,3360
1,0.956,fr,fr2de,4,fr,2,3360
1,0.9463,fr,fr2de,4,fr,4,3360
1,0.9218,fr,fr2de,4,fr,5,3360
1,0.9505,fr,fr2de,4,fr,6,3360
1,0.9492,fr,fr2de,4,fr,7,3360
1,0.9593,fr,fr2de,5,de,1,3360
1,0.9334,fr,fr2de,5,de,2,3360
1,0.9536,fr,fr2de,5,de,3,3360
1,0.9536,fr,fr2de,5,de,4,3360
1,0.9502,fr,fr2de,5,de,5,3360
1,0.9661,fr,fr2de,5,de,6,3360
1,0.9248,fr,fr2de,5,fr,1,3360
1,0.941,fr,fr2de,5,fr,2,3360
1,0.9354,fr,fr2de,5,fr,4,3360
1,0.9138,fr,fr2de,5,fr,5,3360
1,0.9538,fr,fr2de,5,fr,6,3360
1,0.932,fr,fr2de,5,fr,7,3360
2,0.9231,fr,fr2de,3,de,1,3360
2,0.92,fr,fr2de,3,de,2,3360
2,0.9242,fr,fr2de,3,de,3,3360
2,0.9203,fr,fr2de,3,de,4,3360
2,0.925,fr,fr2de,3,de,5,3360
2,0.9367,fr,fr2de,3,de,6,3360
2,0.8949,fr,fr2de,3,fr,1,3360
2,0.8983,fr,fr2de,3,fr,2,3360
2,0.9115,fr,fr2de,3,fr,4,3360
2,0.9025,fr,fr2de,3,fr,5,3360
2,0.9185,fr,fr2de,3,fr,6,3360
2,0.9129,fr,fr2de,3,fr,7,3360
2,0.9293,fr,fr2de,4,de,1,3360
2,0.9312,fr,fr2de,4,de,2,3360
2,0.9288,fr,fr2de,4,de,3,3360
2,0.9313,fr,fr2de,4,de,4,3360
2,0.9371,fr,fr2de,4,de,5,3360
2,0.9366,fr,fr2de,4,de,6,3360
2,0.9162,fr,fr2de,4,fr,1,3360
2,0.9284,fr,fr2de,4,fr,2,3360
2,0.9219,fr,fr2de,4,fr,4,3360
2,0.9164,fr,fr2de,4,fr,5,3360
2,0.9297,fr,fr2de,4,fr,6,3360
2,0.9317,fr,fr2de,4,fr,7,3360
2,0.9193,fr,fr2de,5,de,1,3360
2,0.93,fr,fr2de,5,de,2,3360
2,0.9128,fr,fr2de,5,de,3,3360
2,0.9254,fr,fr2de,5,de,4,3360
2,0.9294,fr,fr2de,5,de,5,3360
2,0.9407,fr,fr2de,5,de,6,3360
2,0.8927,fr,fr2de,5,fr,1,3360
2,0.9082,fr,fr2de,5,fr,2,3360
2,0.907,fr,fr2de,5,fr,4,3360
2,0.9135,fr,fr2de,5,fr,5,3360
2,0.9215,fr,fr2de,5,fr,6,3360
2,0.9126,fr,fr2de,5,fr,7,3360
3,0.9293,fr,fr2de,3,de,1,3360
3,0.9257,fr,fr2de,3,de,2,3360
3,0.9307,fr,fr2de,3,de,3,3360
3,0.9151,fr,fr2de,3,de,4,3360
3,0.9228,fr,fr2de,3,de,5,3360
3,0.9371,fr,fr2de,3,de,6,3360
3,0.8986,fr,fr2de,3,fr,1,3360
3,0.9254,fr,fr2de,3,fr,2,3360
3,0.9342,fr,fr2de,3,fr,4,3360
3,0.9085,fr,fr2de,3,fr,5,3360
3,0.9376,fr,fr2de,3,fr,6,3360
3,0.9254,fr,fr2de,3,fr,7,3360
3,0.9353,fr,fr2de,4,de,1,3360
3,0.9341,fr,fr2de,4,de,2,3360
3,0.9141,fr,fr2de,4,de,3,3360
3,0.9136,fr,fr2de,4,de,4,3360
3,0.9165,fr,fr2de,4,de,5,3360
3,0.9436,fr,fr2de,4,de,6,3360
3,0.9053,fr,fr2de,4,fr,1,3360
3,0.926,fr,fr2de,4,fr,2,3360
3,0.9268,fr,fr2de,4,fr,4,3360
3,0.9167,fr,fr2de,4,fr,5,3360
3,0.9297,fr,fr2de,4,fr,6,3360
3,0.9341,fr,fr2de,4,fr,7,3360
3,0.9249,fr,fr2de,5,de,1,3360
3,0.9311,fr,fr2de,5,de,2,3360
3,0.9099,fr,fr2de,5,de,3,3360
3,0.9106,fr,fr2de,5,de,4,3360
3,0.9151,fr,fr2de,5,de,5,3360
3,0.9442,fr,fr2de,5,de,6,3360
3,0.8955,fr,fr2de,5,fr,1,3360
3,0.92,fr,fr2de,5,fr,2,3360
3,0.9269,fr,fr2de,5,fr,4,3360
3,0.9127,fr,fr2de,5,fr,5,3360
3,0.9332,fr,fr2de,5,fr,6,3360
3,0.9279,fr,fr2de,5,fr,7,3360
4,0.9015,fr,fr2de,3,de,1,3360
4,0.8817,fr,fr2de,3,de,2,3360
4,0.9,fr,fr2de,3,de,3,3360
4,0.9177,fr,fr2de,3,de,4,3360
4,0.9109,fr,fr2de,3,de,5,3360
4,0.8937,fr,fr2de,3,de,6,3360
4,0.8809,fr,fr2de,3,fr,1,3360
4,0.8808,fr,fr2de,3,fr,2,3360
4,0.9,fr,fr2de,3,fr,4,3360
4,0.8795,fr,fr2de,3,fr,5,3360
4,0.904,fr,fr2de,3,fr,6,3360
4,0.8827,fr,fr2de,3,fr,7,3360
4,0.9063,fr,fr2de,4,de,1,3360
4,0.9065,fr,fr2de,4,de,2,3360
4,0.8772,fr,fr2de,4,de,3,3360
4,0.9112,fr,fr2de,4,de,4,3360
4,0.8937,fr,fr2de,4,de,5,3360
4,0.9143,fr,fr2de,4,de,6,3360
4,0.8932,fr,fr2de,4,fr,1,3360
4,0.909,fr,fr2de,4,fr,2,3360
4,0.9025,fr,fr2de,4,fr,4,3360
4,0.9004,fr,fr2de,4,fr,5,3360
4,0.8985,fr,fr2de,4,fr,6,3360
4,0.9077,fr,fr2de,4,fr,7,3360
4,0.916,fr,fr2de,5,de,1,3360
4,0.8957,fr,fr2de,5,de,2,3360
4,0.8823,fr,fr2de,5,de,3,3360
4,0.9212,fr,fr2de,5,de,4,3360
4,0.9099,fr,fr2de,5,de,5,3360
4,0.9045,fr,fr2de,5,de,6,3360
4,0.8837,fr,fr2de,5,fr,1,3360
4,0.8983,fr,fr2de,5,fr,2,3360
4,0.9035,fr,fr2de,5,fr,4,3360
4,0.8958,fr,fr2de,5,fr,5,3360
4,0.9073,fr,fr2de,5,fr,6,3360
4,0.8948,fr,fr2de,5,fr,7,3360
5,0.9,fr,fr2de,3,de,1,3360
5,0.8761,fr,fr2de,3,de,2,3360
5,0.9052,fr,fr2de,3,de,3,3360
5,0.9039,fr,fr2de,3,de,4,3360
5,0.8499,fr,fr2de,3,de,5,3360
5,0.8949,fr,fr2de,3,de,6,3360
5,0.8712,fr,fr2de,3,fr,1,3360
5,0.9049,fr,fr2de,3,fr,2,3360
5,0.9075,fr,fr2de,3,fr,4,3360
5,0.8759,fr,fr2de,3,fr,5,3360
5,0.9077,fr,fr2de,3,fr,6,3360
5,0.8881,fr,fr2de,3,fr,7,3360
5,0.9062,fr,fr2de,4,de,1,3360
5,0.8705,fr,fr2de,4,de,2,3360
5,0.8869,fr,fr2de,4,de,3,3360
5,0.8897,fr,fr2de,4,de,4,3360
5,0.8486,fr,fr2de,4,de,5,3360
5,0.8951,fr,fr2de,4,de,6,3360
5,0.8565,fr,fr2de,4,fr,1,3360
5,0.9012,fr,fr2de,4,fr,2,3360
5,0.8965,fr,fr2de,4,fr,4,3360
5,0.8735,fr,fr2de,4,fr,5,3360
5,0.8898,fr,fr2de,4,fr,6,3360
5,0.8995,fr,fr2de,4,fr,7,3360
5,0.8908,fr,fr2de,5,de,1,3360
5,0.8795,fr,fr2de,5,de,2,3360
5,0.8927,fr,fr2de,5,de,3,3360
5,0.896,fr,fr2de,5,de,4,3360
5,0.842,fr,fr2de,5,de,5,3360
5,0.8863,fr,fr2de,5,de,6,3360
5,0.8658,fr,fr2de,5,fr,1,3360
5,0.8991,fr,fr2de,5,fr,2,3360
5,0.9007,fr,fr2de,5,fr,4,3360
5,0.8816,fr,fr2de,5,fr,5,3360
5,0.9039,fr,fr2de,5,fr,6,3360
5,0.8821,fr,fr2de,5,fr,7,3360
6,0.8815,fr,fr2de,3,de,1,3360
6,0.8232,fr,fr2de,3,de,2,3360
6,0.8984,fr,fr2de,3,de,3,3360
6,0.8884,fr,fr2de,3,de,4,3360
6,0.8719,fr,fr2de,3,de,5,3360
6,0.867,fr,fr2de,3,de,6,3360
6,0.8013,fr,fr2de,3,fr,1,3360
6,0.8277,fr,fr2de,3,fr,2,3360
6,0.8185,fr,fr2de,3,fr,4,3360
6,0.8402,fr,fr2de,3,fr,5,3360
6,0.8264,fr,fr2de,3,fr,6,3360
6,0.8451,fr,fr2de,3,fr,7,3360
6,0.9042,fr,fr2de,4,de,1,3360
6,0.7829,fr,fr2de,4,de,2,3360
6,0.8661,fr,fr2de,4,de,3,3360
6,0.8656,fr,fr2de,4,de,4,3360
6,0.865,fr,fr2de,4,de,5,3360
6,0.8736,fr,fr2de,4,de,6,3360
6,0.7951,fr,fr2de,4,fr,1,3360
6,0.8441,fr,fr2de,4,fr,2,3360
6,0.8124,fr,fr2de,4,fr,4,3360
6,0.8683,fr,fr2de,4,fr,5,3360
6,0.8511,fr,fr2de,4,fr,6,3360
6,0.8724,fr,fr2de,4,fr,7,3360
6,0.8789,fr,fr2de,5,de,1,3360
6,0.8173,fr,fr2de,5,de,2,3360
6,0.8812,fr,fr2de,5,de,3,3360
6,0.8812,fr,fr2de,5,de,4,3360
6,0.8611,fr,fr2de,5,de,5,3360
6,0.8653,fr,fr2de,5,de,6,3360
6,0.8387,fr,fr2de,5,fr,1,3360
6,0.8263,fr,fr2de,5,fr,2,3360
6,0.8197,fr,fr2de,5,fr,4,3360
6,0.8465,fr,fr2de,5,fr,5,3360
6,0.8296,fr,fr2de,5,fr,6,3360
6,0.8398,fr,fr2de,5,fr,7,3360
7,0.8608,fr,fr2de,3,de,1,3360
7,0.8443,fr,fr2de,3,de,2,3360
7,0.8818,fr,fr2de,3,de,3,3360
7,0.8603,fr,fr2de,3,de,4,3360
7,0.8735,fr,fr2de,3,de,5,3360
7,0.8719,fr,fr2de,3,de,6,3360
7,0.8084,fr,fr2de,3,fr,1,3360
7,0.8393,fr,fr2de,3,fr,2,3360
7,0.7773,fr,fr2de,3,fr,4,3360
7,0.8269,fr,fr2de,3,fr,5,3360
7,0.8015,fr,fr2de,3,fr,6,3360
7,0.807,fr,fr2de,3,fr,7,3360
7,0.8936,fr,fr2de,4,de,1,3360
7,0.8254,fr,fr2de,4,de,2,3360
7,0.8767,fr,fr2de,4,de,3,3360
7,0.8615,fr,fr2de,4,de,4,3360
7,0.8758,fr,fr2de,4,de,5,3360
7,0.8845,fr,fr2de,4,de,6,3360
7,0.8056,fr,fr2de,4,fr,1,3360
7,0.8482,fr,fr2de,4,fr,2,3360
7,0.8023,fr,fr2de,4,fr,4,3360
7,0.8593,fr,fr2de,4,fr,5,3360
7,0.8147,fr,fr2de,4,fr,6,3360
7,0.8541,fr,fr2de,4,fr,7,3360
7,0.8289,fr,fr2de,5,de,1,3360
7,0.8417,fr,fr2de,5,de,2,3360
7,0.8323,fr,fr2de,5,de,3,3360
7,0.8085,fr,fr2de,5,de,4,3360
7,0.8391,fr,fr2de,5,de,5,3360
7,0.8392,fr,fr2de,5,de,6,3360
7,0.764,fr,fr2de,5,fr,1,3360
7,0.807,fr,fr2de,5,fr,2,3360
7,0.7423,fr,fr2de,5,fr,4,3360
7,0.7925,fr,fr2de,5,fr,5,3360
7,0.7512,fr,fr2de,5,fr,6,3360
7,0.7794,fr,fr2de,5,fr,7,3360
8,0.864,fr,fr2de,3,de,1,3360
8,0.8714,fr,fr2de,3,de,2,3360
8,0.8782,fr,fr2de,3,de,3,3360
8,0.8616,fr,fr2de,3,de,4,3360
8,0.8705,fr,fr2de,3,de,5,3360
8,0.8654,fr,fr2de,3,de,6,3360
8,0.7789,fr,fr2de,3,fr,1,3360
8,0.7702,fr,fr2de,3,fr,2,3360
8,0.7322,fr,fr2de,3,fr,4,3360
8,0.7832,fr,fr2de,3,fr,5,3360
8,0.7784,fr,fr2de,3,fr,6,3360
8,0.7837,fr,fr2de,3,fr,7,3360
8,0.8567,fr,fr2de,4,de,1,3360
8,0.8505,fr,fr2de,4,de,2,3360
8,0.8725,fr,fr2de,4,de,3,3360
8,0.8555,fr,fr2de,4,de,4,3360
8,0.8642,fr,fr2de,4,de,5,3360
8,0.8544,fr,fr2de,4,de,6,3360
8,0.7764,fr,fr2de,4,fr,1,3360
8,0.7666,fr,fr2de,4,fr,2,3360
8,0.7397,fr,fr2de,4,fr,4,3360
8,0.7792,fr,fr2de,4,fr,5,3360
8,0.7709,fr,fr2de,4,fr,6,3360
8,0.7935,fr,fr2de,4,fr,7,3360
8,0.8736,fr,fr2de,5,de,1,3360
8,0.8846,fr,fr2de,5,de,2,3360
8,0.8816,fr,fr2de,5,de,3,3360
8,0.8634,fr,fr2de,5,de,4,3360
8,0.8753,fr,fr2de,5,de,5,3360
8,0.8777,fr,fr2de,5,de,6,3360
8,0.7869,fr,fr2de,5,fr,1,3360
8,0.7968,fr,fr2de,5,fr,2,3360
8,0.7728,fr,fr2de,5,fr,4,3360
8,0.7827,fr,fr2de,5,fr,5,3360
8,0.7848,fr,fr2de,5,fr,6,3360
8,0.8124,fr,fr2de,5,fr,7,3360
9,0.9044,fr,fr2de,3,de,1,3360
9,0.8999,fr,fr2de,3,de,2,3360
9,0.8948,fr,fr2de,3,de,3,3360
9,0.8909,fr,fr2de,3,de,4,3360
9,0.8989,fr,fr2de,3,de,5,3360
9,0.8981,fr,fr2de,3,de,6,3360
9,0.827,fr,fr2de,3,fr,1,3360
9,0.7899,fr,fr2de,3,fr,2,3360
9,0.79,fr,fr2de,3,fr,4,3360
9,0.8274,fr,fr2de,3,fr,5,3360
9,0.822,fr,fr2de,3,fr,6,3360
9,0.8298,fr,fr2de,3,fr,7,3360
9,0.8793,fr,fr2de,4,de,1,3360
9,0.8787,fr,fr2de,4,de,2,3360
9,0.8957,fr,fr2de,4,de,3,3360
9,0.8723,fr,fr2de,4,de,4,3360
9,0.892,fr,fr2de,4,de,5,3360
9,0.8753,fr,fr2de,4,de,6,3360
9,0.8084,fr,fr2de,4,fr,1,3360
9,0.743,fr,fr2de,4,fr,2,3360
9,0.7724,fr,fr2de,4,fr,4,3360
9,0.8184,fr,fr2de,4,fr,5,3360
9,0.8155,fr,fr2de,4,fr,6,3360
9,0.814,fr,fr2de,4,fr,7,3360
9,0.8976,fr,fr2de,5,de,1,3360
9,0.9031,fr,fr2de,5,de,2,3360
9,0.8866,fr,fr2de,5,de,3,3360
9,0.8799,fr,fr2de,5,de,4,3360
9,0.8983,fr,fr2de,5,de,5,3360
9,0.9033,fr,fr2de,5,de,6,3360
9,0.8412,fr,fr2de,5,fr,1,3360
9,0.7751,fr,fr2de,5,fr,2,3360
9,0.8063,fr,fr2de,5,fr,4,3360
9,0.8358,fr,fr2de,5,fr,5,3360
9,0.8311,fr,fr2de,5,fr,6,3360
9,0.8364,fr,fr2de,5,fr,7,3360
10,0.8941,fr,fr2de,3,de,1,3360
10,0.8764,fr,fr2de,3,de,2,3360
10,0.8981,fr,fr2de,3,de,3,3360
10,0.9028,fr,fr2de,3,de,4,3360
10,0.8921,fr,fr2de,3,de,5,3360
10,0.9029,fr,fr2de,3,de,6,3360
10,0.821,fr,fr2de,3,fr,1,3360
10,0.7218,fr,fr2de,3,fr,2,3360
10,0.7511,fr,fr2de,3,fr,4,3360
10,0.8299,fr,fr2de,3,fr,5,3360
10,0.8539,fr,fr2de,3,fr,6,3360
10,0.7814,fr,fr2de,3,fr,7,3360
10,0.9077,fr,fr2de,4,de,1,3360
10,0.8833,fr,fr2de,4,de,2,3360
10,0.9048,fr,fr2de,4,de,3,3360
10,0.9021,fr,fr2de,4,de,4,3360
10,0.9101,fr,fr2de,4,de,5,3360
10,0.8894,fr,fr2de,4,de,6,3360
10,0.8283,fr,fr2de,4,fr,1,3360
10,0.7252,fr,fr2de,4,fr,2,3360
10,0.7697,fr,fr2de,4,fr,4,3360
10,0.8398,fr,fr2de,4,fr,5,3360
10,0.8623,fr,fr2de,4,fr,6,3360
10,0.8052,fr,fr2de,4,fr,7,3360
10,0.9084,fr,fr2de,5,de,1,3360
10,0.8955,fr,fr2de,5,de,2,3360
10,0.8902,fr,fr2de,5,de,3,3360
10,0.8983,fr,fr2de,5,de,4,3360
10,0.9029,fr,fr2de,5,de,5,3360
10,0.9002,fr,fr2de,5,de,6,3360
10,0.8399,fr,fr2de,5,fr,1,3360
10,0.7361,fr,fr2de,5,fr,2,3360
10,0.7805,fr,fr2de,5,fr,4,3360
10,0.8443,fr,fr2de,5,fr,5,3360
10,0.8602,fr,fr2de,5,fr,6,3360
10,0.8046,fr,fr2de,5,fr,7,3360
11,0.8869,fr,fr2de,3,de,1,3360
11,0.8922,fr,fr2de,3,de,2,3360
11,0.9086,fr,fr2de,3,de,3,3360
11,0.8978,fr,fr2de,3,de,4,3360
11,0.9044,fr,fr2de,3,de,5,3360
11,0.9053,fr,fr2de,3,de,6,3360
11,0.7621,fr,fr2de,3,fr,1,3360
11,0.7435,fr,fr2de,3,fr,2,3360
11,0.6984,fr,fr2de,3,fr,4,3360
11,0.744,fr,fr2de,3,fr,5,3360
11,0.7946,fr,fr2de,3,fr,6,3360
11,0.7388,fr,fr2de,3,fr,7,3360
11,0.882,fr,fr2de,4,de,1,3360
11,0.9025,fr,fr2de,4,de,2,3360
11,0.9038,fr,fr2de,4,de,3,3360
11,0.8804,fr,fr2de,4,de,4,3360
11,0.9048,fr,fr2de,4,de,5,3360
11,0.9065,fr,fr2de,4,de,6,3360
11,0.7755,fr,fr2de,4,fr,1,3360
11,0.7611,fr,fr2de,4,fr,2,3360
11,0.734,fr,fr2de,4,fr,4,3360
11,0.7507,fr,fr2de,4,fr,5,3360
11,0.806,fr,fr2de,4,fr,6,3360
11,0.7524,fr,fr2de,4,fr,7,3360
11,0.8925,fr,fr2de,5,de,1,3360
11,0.8989,fr,fr2de,5,de,2,3360
11,0.8843,fr,fr2de,5,de,3,3360
11,0.8788,fr,fr2de,5,de,4,3360
11,0.9049,fr,fr2de,5,de,5,3360
11,0.8986,fr,fr2de,5,de,6,3360
11,0.7798,fr,fr2de,5,fr,1,3360
11,0.7451,fr,fr2de,5,fr,2,3360
11,0.7418,fr,fr2de,5,fr,4,3360
11,0.7698,fr,fr2de,5,fr,5,3360
11,0.796,fr,fr2de,5,fr,6,3360
11,0.7562,fr,fr2de,5,fr,7,3360
12,0.9088,fr,fr2de,3,de,1,3360
12,0.8817,fr,fr2de,3,de,2,3360
12,0.9068,fr,fr2de,3,de,3,3360
12,0.8958,fr,fr2de,3,de,4,3360
12,0.9162,fr,fr2de,3,de,5,3360
12,0.9165,fr,fr2de,3,de,6,3360
12,0.6446,fr,fr2de,3,fr,1,3360
12,0.6376,fr,fr2de,3,fr,2,3360
12,0.5373,fr,fr2de,3,fr,4,3360
12,0.5562,fr,fr2de,3,fr,5,3360
12,0.5684,fr,fr2de,3,fr,6,3360
12,0.5175,fr,fr2de,3,fr,7,3360
12,0.8385,fr,fr2de,4,de,1,3360
12,0.8231,fr,fr2de,4,de,2,3360
12,0.7867,fr,fr2de,4,de,3,3360
12,0.7819,fr,fr2de,4,de,4,3360
12,0.8248,fr,fr2de,4,de,5,3360
12,0.841,fr,fr2de,4,de,6,3360
12,0.5774,fr,fr2de,4,fr,1,3360
12,0.5493,fr,fr2de,4,fr,2,3360
12,0.48,fr,fr2de,4,fr,4,3360
12,0.4964,fr,fr2de,4,fr,5,3360
12,0.5065,fr,fr2de,4,fr,6,3360
12,0.4497,fr,fr2de,4,fr,7,3360
12,0.8898,fr,fr2de,5,de,1,3360
12,0.892,fr,fr2de,5,de,2,3360
12,0.898,fr,fr2de,5,de,3,3360
12,0.8814,fr,fr2de,5,de,4,3360
12,0.8881,fr,fr2de,5,de,5,3360
12,0.9224,fr,fr2de,5,de,6,3360
12,0.6841,fr,fr2de,5,fr,1,3360
12,0.6737,fr,fr2de,5,fr,2,3360
12,0.5728,fr,fr2de,5,fr,4,3360
12,0.5847,fr,fr2de,5,fr,5,3360
12,0.5884,fr,fr2de,5,fr,6,3360
12,0.5474,fr,fr2de,5,fr,7,3360
0,0.991,fr,fr2de,3,de,1,5040
0,0.9776,fr,fr2de,3,de,2,5040
0,0.9859,fr,fr2de,3,de,3,5040
0,0.9872,fr,fr2de,3,de,4,5040
0,0.9917,fr,fr2de,3,de,5,5040
0,0.9904,fr,fr2de,3,de,6,5040
0,0.9874,fr,fr2de,3,fr,1,5040
0,0.9807,fr,fr2de,3,fr,2,5040
0,0.9818,fr,fr2de,3,fr,4,5040
0,0.9868,fr,fr2de,3,fr,5,5040
0,0.9889,fr,fr2de,3,fr,6,5040
0,0.9852,fr,fr2de,3,fr,7,5040
0,0.9858,fr,fr2de,4,de,1,5040
0,0.9871,fr,fr2de,4,de,2,5040
0,0.9851,fr,fr2de,4,de,3,5040
0,0.9847,fr,fr2de,4,de,4,5040
0,0.9833,fr,fr2de,4,de,5,5040
0,0.9838,fr,fr2de,4,de,6,5040
0,0.9911,fr,fr2de,4,fr,1,5040
0,0.9865,fr,fr2de,4,fr,2,5040
0,0.9849,fr,fr2de,4,fr,4,5040
0,0.9909,fr,fr2de,4,fr,5,5040
0,0.9802,fr,fr2de,4,fr,6,5040
0,0.9941,fr,fr2de,4,fr,7,5040
0,0.9915,fr,fr2de,5,de,1,5040
0,0.9735,fr,fr2de,5,de,2,5040
0,0.9846,fr,fr2de,5,de,3,5040
0,0.9887,fr,fr2de,5,de,4,5040
0,0.992,fr,fr2de,5,de,5,5040
0,0.992,fr,fr2de,5,de,6,5040
0,0.9847,fr,fr2de,5,fr,1,5040
0,0.9754,fr,fr2de,5,fr,2,5040
0,0.9783,fr,fr2de,5,fr,4,5040
0,0.9791,fr,fr2de,5,fr,5,5040
0,0.9892,fr,fr2de,5,fr,6,5040
0,0.9779,fr,fr2de,5,fr,7,5040
1,0.9594,fr,fr2de,3,de,1,5040
1,0.9465,fr,fr2de,3,de,2,5040
1,0.9587,fr,fr2de,3,de,3,5040
1,0.9544,fr,fr2de,3,de,4,5040
1,0.9564,fr,fr2de,3,de,5,5040
1,0.9666,fr,fr2de,3,de,6,5040
1,0.9312,fr,fr2de,3,fr,1,5040
1,0.9392,fr,fr2de,3,fr,2,5040
1,0.942,fr,fr2de,3,fr,4,5040
1,0.9348,fr,fr2de,3,fr,5,5040
1,0.9564,fr,fr2de,3,fr,6,5040
1,0.9373,fr,fr2de,3,fr,7,5040
1,0.968,fr,fr2de,4,de,1,5040
1,0.9568,fr,fr2de,4,de,2,5040
1,0.963,fr,fr2de,4,de,3,5040
1,0.959,fr,fr2de,4,de,4,5040
1,0.9537,fr,fr2de,4,de,5,5040
1,0.9649,fr,fr2de,4,de,6,5040
1,0.9365,fr,fr2de,4,fr,1,5040
1,0.9591,fr,fr2de,4,fr,2,5040
1,0.9481,fr,fr2de,4,fr,4,5040
1,0.9321,fr,fr2de,4,fr,5,5040
1,0.955,fr,fr2de,4,fr,6,5040
1,0.9546,fr,fr2de,4,fr,7,5040
1,0.9649,fr,fr2de,5,de,1,5040
1,0.9602,fr,fr2de,5,de,2,5040
1,0.9638,fr,fr2de,5,de,3,5040
1,0.9575,fr,fr2de,5,de,4,5040
1,0.958,fr,fr2de,5,de,5,5040
1,0.9647,fr,fr2de,5,de,6,5040
1,0.9475,fr,fr2de,5,fr,1,5040
1,0.9571,fr,fr2de,5,fr,2,5040
1,0.9588,fr,fr2de,5,fr,4,5040
1,0.9403,fr,fr2de,5,fr,5,5040
1,0.9625,fr,fr2de,5,fr,6,5040
1,0.953,fr,fr2de,5,fr,7,5040
2,0.9239,fr,fr2de,3,de,1,5040
2,0.9254,fr,fr2de,3,de,2,5040
2,0.9383,fr,fr2de,3,de,3,5040
2,0.9402,fr,fr2de,3,de,4,5040
2,0.9358,fr,fr2de,3,de,5,5040
2,0.9395,fr,fr2de,3,de,6,5040
2,0.9072,fr,fr2de,3,fr,1,5040
2,0.9135,fr,fr2de,3,fr,2,5040
2,0.9111,fr,fr2de,3,fr,4,5040
2,0.9036,fr,fr2de,3,fr,5,5040
2,0.924,fr,fr2de,3,fr,6,5040
2,0.922,fr,fr2de,3,fr,7,5040
2,0.9295,fr,fr2de,4,de,1,5040
2,0.9343,fr,fr2de,4,de,2,5040
2,0.9286,fr,fr2de,4,de,3,5040
2,0.94,fr,fr2de,4,de,4,5040
2,0.9351,fr,fr2de,4,de,5,5040
2,0.9294,fr,fr2de,4,de,6,5040
2,0.925,fr,fr2de,4,fr,1,5040
2,0.9272,fr,fr2de,4,fr,2,5040
2,0.9254,fr,fr2de,4,fr,4,5040
2,0.9282,fr,fr2de,4,fr,5,5040
2,0.9249,fr,fr2de,4,fr,6,5040
2,0.9415,fr,fr2de,4,fr,7,5040
2,0.9276,fr,fr2de,5,de,1,5040
2,0.9392,fr,fr2de,5,de,2,5040
2,0.9224,fr,fr2de,5,de,3,5040
2,0.9333,fr,fr2de,5,de,4,5040
2,0.9353,fr,fr2de,5,de,5,5040
2,0.9393,fr,fr2de,5,de,6,5040
2,0.9023,fr,fr2de,5,fr,1,5040
2,0.9187,fr,fr2de,5,fr,2,5040
2,0.9097,fr,fr2de,5,fr,4,5040
2,0.9246,fr,fr2de,5,fr,5,5040
2,0.9251,fr,fr2de,5,fr,6,5040
2,0.9224,fr,fr2de,5,fr,7,5040
3,0.9417,fr,fr2de,3,de,1,5040
3,0.9277,fr,fr2de,3,de,2,5040
3,0.9303,fr,fr2de,3,de,3,5040
3,0.9195,fr,fr2de,3,de,4,5040
3,0.9176,fr,fr2de,3,de,5,5040
3,0.9399,fr,fr2de,3,de,6,5040
3,0.8954,fr,fr2de,3,fr,1,5040
3,0.9313,fr,fr2de,3,fr,2,5040
3,0.9268,fr,fr2de,3,fr,4,5040
3,0.9122,fr,fr2de,3,fr,5,5040
3,0.9335,fr,fr2de,3,fr,6,5040
3,0.9335,fr,fr2de,3,fr,7,5040
3,0.9274,fr,fr2de,4,de,1,5040
3,0.9261,fr,fr2de,4,de,2,5040
3,0.9187,fr,fr2de,4,de,3,5040
3,0.8941,fr,fr2de,4,de,4,5040
3,0.9058,fr,fr2de,4,de,5,5040
3,0.9354,fr,fr2de,4,de,6,5040
3,0.9011,fr,fr2de,4,fr,1,5040
3,0.9287,fr,fr2de,4,fr,2,5040
3,0.9294,fr,fr2de,4,fr,4,5040
3,0.9189,fr,fr2de,4,fr,5,5040
3,0.9358,fr,fr2de,4,fr,6,5040
3,0.9389,fr,fr2de,4,fr,7,5040
3,0.9208,fr,fr2de,5,de,1,5040
3,0.9268,fr,fr2de,5,de,2,5040
3,0.908,fr,fr2de,5,de,3,5040
3,0.9051,fr,fr2de,5,de,4,5040
3,0.911,fr,fr2de,5,de,5,5040
3,0.9376,fr,fr2de,5,de,6,5040
3,0.8925,fr,fr2de,5,fr,1,5040
3,0.9096,fr,fr2de,5,fr,2,5040
3,0.9042,fr,fr2de,5,fr,4,5040
3,0.9011,fr,fr2de,5,fr,5,5040
3,0.9267,fr,fr2de,5,fr,6,5040
3,0.9251,fr,fr2de,5,fr,7,5040
4,0.9204,fr,fr2de,3,de,1,5040
4,0.8854,fr,fr2de,3,de,2,5040
4,0.8916,fr,fr2de,3,de,3,5040
4,0.9203,fr,fr2de,3,de,4,5040
4,0.897,fr,fr2de,3,de,5,5040
4,0.9096,fr,fr2de,3,de,6,5040
4,0.8762,fr,fr2de,3,fr,1,5040
4,0.8948,fr,fr2de,3,fr,2,5040
4,0.8905,fr,fr2de,3,fr,4,5040
4,0.887,fr,fr2de,3,fr,5,5040
4,0.9,fr,fr2de,3,fr,6,5040
4,0.8929,fr,fr2de,3,fr,7,5040
4,0.9053,fr,fr2de,4,de,1,5040
4,0.9048,fr,fr2de,4,de,2,5040
4,0.8847,fr,fr2de,4,de,3,5040
4,0.9113,fr,fr2de,4,de,4,5040
4,0.891,fr,fr2de,4,de,5,5040
4,0.9087,fr,fr2de,4,de,6,5040
4,0.8914,fr,fr2de,4,fr,1,5040
4,0.9267,fr,fr2de,4,fr,2,5040
4,0.9149,fr,fr2de,4,fr,4,5040
4,0.9103,fr,fr2de,4,fr,5,5040
4,0.9144,fr,fr2de,4,fr,6,5040
4,0.9207,fr,fr2de,4,fr,7,5040
4,0.9159,fr,fr2de,5,de,1,5040
4,0.8864,fr,fr2de,5,de,2,5040
4,0.876,fr,fr2de,5,de,3,5040
4,0.924,fr,fr2de,5,de,4,5040
4,0.9109,fr,fr2de,5,de,5,5040
4,0.9104,fr,fr2de,5,de,6,5040
4,0.8699,fr,fr2de,5,fr,1,5040
4,0.9005,fr,fr2de,5,fr,2,5040
4,0.8916,fr,fr2de,5,fr,4,5040
4,0.8902,fr,fr2de,5,fr,5,5040
4,0.8994,fr,fr2de,5,fr,6,5040
4,0.8984,fr,fr2de,5,fr,7,5040
5,0.908,fr,fr2de,3,de,1,5040
5,0.8863,fr,fr2de,3,de,2,5040
5,0.898,fr,fr2de,3,de,3,5040
5,0.8934,fr,fr2de,3,de,4,5040
5,0.8481,fr,fr2de,3,de,5,5040
5,0.9039,fr,fr2de,3,de,6,5040
5,0.8584,fr,fr2de,3,fr,1,5040
5,0.8875,fr,fr2de,3,fr,2,5040
5,0.8718,fr,fr2de,3,fr,4,5040
5,0.8558,fr,fr2de,3,fr,5,5040
5,0.8859,fr,fr2de,3,fr,6,5040
5,0.8766,fr,fr2de,3,fr,7,5040
5,0.9118,fr,fr2de,4,de,1,5040
5,0.8734,fr,fr2de,4,de,2,5040
5,0.8975,fr,fr2de,4,de,3,5040
5,0.9043,fr,fr2de,4,de,4,5040
5,0.8415,fr,fr2de,4,de,5,5040
5,0.8972,fr,fr2de,4,de,6,5040
5,0.864,fr,fr2de,4,fr,1,5040
5,0.9173,fr,fr2de,4,fr,2,5040
5,0.9149,fr,fr2de,4,fr,4,5040
5,0.8838,fr,fr2de,4,fr,5,5040
5,0.9098,fr,fr2de,4,fr,6,5040
5,0.9175,fr,fr2de,4,fr,7,5040
5,0.9029,fr,fr2de,5,de,1,5040
5,0.8606,fr,fr2de,5,de,2,5040
5,0.8832,fr,fr2de,5,de,3,5040
5,0.8928,fr,fr2de,5,de,4,5040
5,0.8566,fr,fr2de,5,de,5,5040
5,0.8829,fr,fr2de,5,de,6,5040
5,0.8271,fr,fr2de,5,fr,1,5040
5,0.8815,fr,fr2de,5,fr,2,5040
5,0.8856,fr,fr2de,5,fr,4,5040
5,0.8486,fr,fr2de,5,fr,5,5040
5,0.8851,fr,fr2de,5,fr,6,5040
5,0.8825,fr,fr2de,5,fr,7,5040
6,0.872,fr,fr2de,3,de,1,5040
6,0.8315,fr,fr2de,3,de,2,5040
6,0.8886,fr,fr2de,3,de,3,5040
6,0.8767,fr,fr2de,3,de,4,5040
6,0.8717,fr,fr2de,3,de,5,5040
6,0.8751,fr,fr2de,3,de,6,5040
6,0.7822,fr,fr2de,3,fr,1,5040
6,0.8157,fr,fr2de,3,fr,2,5040
6,0.7892,fr,fr2de,3,fr,4,5040
6,0.8247,fr,fr2de,3,fr,5,5040
6,0.8093,fr,fr2de,3,fr,6,5040
6,0.8302,fr,fr2de,3,fr,7,5040
6,0.892,fr,fr2de,4,de,1,5040
6,0.8097,fr,fr2de,4,de,2,5040
6,0.8754,fr,fr2de,4,de,3,5040
6,0.8735,fr,fr2de,4,de,4,5040
6,0.8636,fr,fr2de,4,de,5,5040
6,0.8635,fr,fr2de,4,de,6,5040
6,0.7963,fr,fr2de,4,fr,1,5040
6,0.8307,fr,fr2de,4,fr,2,5040
6,0.8143,fr,fr2de,4,fr,4,5040
6,0.8515,fr,fr2de,4,fr,5,5040
6,0.8438,fr,fr2de,4,fr,6,5040
6,0.8665,fr,fr2de,4,fr,7,5040
6,0.8527,fr,fr2de,5,de,1,5040
6,0.7757,fr,fr2de,5,de,2,5040
6,0.8641,fr,fr2de,5,de,3,5040
6,0.8693,fr,fr2de,5,de,4,5040
6,0.8486,fr,fr2de,5,de,5,5040
6,0.8357,fr,fr2de,5,de,6,5040
6,0.7711,fr,fr2de,5,fr,1,5040
6,0.7789,fr,fr2de,5,fr,2,5040
6,0.7918,fr,fr2de,5,fr,4,5040
6,0.8031,fr,fr2de,5,fr,5,5040
6,0.7932,fr,fr2de,5,fr,6,5040
6,0.8228,fr,fr2de,5,fr,7,5040
7,0.8747,fr,fr2de,3,de,1,5040
7,0.8326,fr,fr2de,3,de,2,5040
7,0.8781,fr,fr2de,3,de,3,5040
7,0.8698,fr,fr2de,3,de,4,5040
7,0.8741,fr,fr2de,3,de,5,5040
7,0.8884,fr,fr2de,3,de,6,5040
7,0.8147,fr,fr2de,3,fr,1,5040
7,0.8392,fr,fr2de,3,fr,2,5040
7,0.7848,fr,fr2de,3,fr,4,5040
7,0.8498,fr,fr2de,3,fr,5,5040
7,0.8269,fr,fr2de,3,fr,6,5040
7,0.8405,fr,fr2de,3,fr,7,5040
7,0.8639,fr,fr2de,4,de,1,5040
7,0.8482,fr,fr2de,4,de,2,5040
7,0.8625,fr,fr2de,4,de,3,5040
7,0.8423,fr,fr2de,4,de,4,5040
7,0.8589,fr,fr2de,4,de,5,5040
7,0.8607,fr,fr2de,4,de,6,5040
7,0.7779,fr,fr2de,4,fr,1,5040
7,0.8228,fr,fr2de,4,fr,2,5040
7,0.7807,fr,fr2de,4,fr,4,5040
7,0.8167,fr,fr2de,4,fr,5,5040
7,0.7796,fr,fr2de,4,fr,6,5040
7,0.8168,fr,fr2de,4,fr,7,5040
7,0.8291,fr,fr2de,5,de,1,5040
7,0.804,fr,fr2de,5,de,2,5040
7,0.8684,fr,fr2de,5,de,3,5040
7,0.8506,fr,fr2de,5,de,4,5040
7,0.8525,fr,fr2de,5,de,5,5040
7,0.8308,fr,fr2de,5,de,6,5040
7,0.7654,fr,fr2de,5,fr,1,5040
7,0.8005,fr,fr2de,5,fr,2,5040
7,0.767,fr,fr2de,5,fr,4,5040
7,0.7852,fr,fr2de,5,fr,5,5040
7,0.7585,fr,fr2de,5,fr,6,5040
7,0.7818,fr,fr2de,5,fr,7,5040
8,0.857,fr,fr2de,3,de,1,5040
8,0.8724,fr,fr2de,3,de,2,5040
8,0.8767,fr,fr2de,3,de,3,5040
8,0.8706,fr,fr2de,3,de,4,5040
8,0.8666,fr,fr2de,3,de,5,5040
8,0.8709,fr,fr2de,3,de,6,5040
8,0.7837,fr,fr2de,3,fr,1,5040
8,0.8049,fr,fr2de,3,fr,2,5040
8,0.7648,fr,fr2de,3,fr,4,5040
8,0.7838,fr,fr2de,3,fr,5,5040
8,0.7911,fr,fr2de,3,fr,6,5040
8,0.8048,fr,fr2de,3,fr,7,5040
8,0.8513,fr,fr2de,4,de,1,5040
8,0.8501,fr,fr2de,4,de,2,5040
8,0.8573,fr,fr2de,4,de,3,5040
8,0.8415,fr,fr2de,4,de,4,5040
8,0.8555,fr,fr2de,4,de,5,5040
8,0.8464,fr,fr2de,4,de,6,5040
8,0.7563,fr,fr2de,4,fr,1,5040
8,0.7658,fr,fr2de,4,fr,2,5040
8,0.7281,fr,fr2de,4,fr,4,5040
8,0.7687,fr,fr2de,4,fr,5,5040
8,0.7575,fr,fr2de,4,fr,6,5040
8,0.7817,fr,fr2de,4,fr,7,5040
8,0.8511,fr,fr2de,5,de,1,5040
8,0.8357,fr,fr2de,5,de,2,5040
8,0.8657,fr,fr2de,5,de,3,5040
8,0.8636,fr,fr2de,5,de,4,5040
8,0.8571,fr,fr2de,5,de,5,5040
8,0.8564,fr,fr2de,5,de,6,5040
8,0.7749,fr,fr2de,5,fr,1,5040
8,0.7707,fr,fr2de,5,fr,2,5040
8,0.7681,fr,fr2de,5,fr,4,5040
8,0.7526,fr,fr2de,5,fr,5,5040
8,0.7708,fr,fr2de,5,fr,6,5040
8,0.7776,fr,fr2de,5,fr,7,5040
9,0.8862,fr,fr2de,3,de,1,5040
9,0.8836,fr,fr2de,3,de,2,5040
9,0.8832,fr,fr2de,3,de,3,5040
9,0.8889,fr,fr2de,3,de,4,5040
9,0.8886,fr,fr2de,3,de,5,5040
9,0.8875,fr,fr2de,3,de,6,5040
9,0.8051,fr,fr2de,3,fr,1,5040
9,0.7678,fr,fr2de,3,fr,2,5040
9,0.7644,fr,fr2de,3,fr,4,5040
9,0.8174,fr,fr2de,3,fr,5,5040
9,0.8026,fr,fr2de,3,fr,6,5040
9,0.808,fr,fr2de,3,fr,7,5040
9,0.8923,fr,fr2de,4,de,1,5040
9,0.8892,fr,fr2de,4,de,2,5040
9,0.8905,fr,fr2de,4,de,3,5040
9,0.8874,fr,fr2de,4,de,4,5040
9,0.8958,fr,fr2de,4,de,5,5040
9,0.8987,fr,fr2de,4,de,6,5040
9,0.8318,fr,fr2de,4,fr,1,5040
9,0.7598,fr,fr2de,4,fr,2,5040
9,0.7837,fr,fr2de,4,fr,4,5040
9,0.8269,fr,fr2de,4,fr,5,5040
9,0.8299,fr,fr2de,4,fr,6,5040
9,0.8208,fr,fr2de,4,fr,7,5040
9,0.8841,fr,fr2de,5,de,1,5040
9,0.8876,fr,fr2de,5,de,2,5040
9,0.8784,fr,fr2de,5,de,3,5040
9,0.8813,fr,fr2de,5,de,4,5040
9,0.8946,fr,fr2de,5,de,5,5040
9,0.8894,fr,fr2de,5,de,6,5040
9,0.8297,fr,fr2de,5,fr,1,5040
9,0.7599,fr,fr2de,5,fr,2,5040
9,0.7992,fr,fr2de,5,fr,4,5040
9,0.8133,fr,fr2de,5,fr,5,5040
9,0.8242,fr,fr2de,5,fr,6,5040
9,0.8257,fr,fr2de,5,fr,7,5040
10,0.8738,fr,fr2de,3,de,1,5040
10,0.8501,fr,fr2de,3,de,2,5040
10,0.8786,fr,fr2de,3,de,3,5040
10,0.8927,fr,fr2de,3,de,4,5040
10,0.8752,fr,fr2de,3,de,5,5040
10,0.8901,fr,fr2de,3,de,6,5040
10,0.802,fr,fr2de,3,fr,1,5040
10,0.6922,fr,fr2de,3,fr,2,5040
10,0.7312,fr,fr2de,3,fr,4,5040
10,0.8126,fr,fr2de,3,fr,5,5040
10,0.8456,fr,fr2de,3,fr,6,5040
10,0.7538,fr,fr2de,3,fr,7,5040
10,0.9082,fr,fr2de,4,de,1,5040
10,0.877,fr,fr2de,4,de,2,5040
10,0.8959,fr,fr2de,4,de,3,5040
10,0.8912,fr,fr2de,4,de,4,5040
10,0.9008,fr,fr2de,4,de,5,5040
10,0.889,fr,fr2de,4,de,6,5040
10,0.8255,fr,fr2de,4,fr,1,5040
10,0.7145,fr,fr2de,4,fr,2,5040
10,0.7611,fr,fr2de,4,fr,4,5040
10,0.8293,fr,fr2de,4,fr,5,5040
10,0.8604,fr,fr2de,4,fr,6,5040
10,0.7944,fr,fr2de,4,fr,7,5040
10,0.8882,fr,fr2de,5,de,1,5040
10,0.8732,fr,fr2de,5,de,2,5040
10,0.9057,fr,fr2de,5,de,3,5040
10,0.9118,fr,fr2de,5,de,4,5040
10,0.8952,fr,fr2de,5,de,5,5040
10,0.8806,fr,fr2de,5,de,6,5040
10,0.8149,fr,fr2de,5,fr,1,5040
10,0.7093,fr,fr2de,5,fr,2,5040
10,0.7561,fr,fr2de,5,fr,4,5040
10,0.8247,fr,fr2de,5,fr,5,5040
10,0.8538,fr,fr2de,5,fr,6,5040
10,0.7825,fr,fr2de,5,fr,7,5040
11,0.8609,fr,fr2de,3,de,1,5040
11,0.866,fr,fr2de,3,de,2,5040
11,0.887,fr,fr2de,3,de,3,5040
11,0.8809,fr,fr2de,3,de,4,5040
11,0.8858,fr,fr2de,3,de,5,5040
11,0.8955,fr,fr2de,3,de,6,5040
11,0.7515,fr,fr2de,3,fr,1,5040
11,0.72,fr,fr2de,3,fr,2,5040
11,0.6884,fr,fr2de,3,fr,4,5040
11,0.7143,fr,fr2de,3,fr,5,5040
11,0.7847,fr,fr2de,3,fr,6,5040
11,0.7091,fr,fr2de,3,fr,7,5040
11,0.8858,fr,fr2de,4,de,1,5040
11,0.9073,fr,fr2de,4,de,2,5040
11,0.9039,fr,fr2de,4,de,3,5040
11,0.8808,fr,fr2de,4,de,4,5040
11,0.9108,fr,fr2de,4,de,5,5040
11,0.9118,fr,fr2de,4,de,6,5040
11,0.7788,fr,fr2de,4,fr,1,5040
11,0.7538,fr,fr2de,4,fr,2,5040
11,0.7356,fr,fr2de,4,fr,4,5040
11,0.7511,fr,fr2de,4,fr,5,5040
11,0.807,fr,fr2de,4,fr,6,5040
11,0.7573,fr,fr2de,4,fr,7,5040
11,0.8623,fr,fr2de,5,de,1,5040
11,0.9061,fr,fr2de,5,de,2,5040
11,0.9045,fr,fr2de,5,de,3,5040
11,0.8761,fr,fr2de,5,de,4,5040
11,0.9078,fr,fr2de,5,de,5,5040
11,0.8827,fr,fr2de,5,de,6,5040
11,0.7598,fr,fr2de,5,fr,1,5040
11,0.7499,fr,fr2de,5,fr,2,5040
11,0.7187,fr,fr2de,5,fr,4,5040
11,0.7495,fr,fr2de,5,fr,5,5040
11,0.7916,fr,fr2de,5,fr,6,5040
11,0.7447,fr,fr2de,5,fr,7,5040
12,0.8743,fr,fr2de,3,de,1,5040
12,0.8296,fr,fr2de,3,de,2,5040
12,0.84,fr,fr2de,3,de,3,5040
12,0.8433,fr,fr2de,3,de,4,5040
12,0.8797,fr,fr2de,3,de,5,5040
12,0.8664,fr,fr2de,3,de,6,5040
12,0.5776,fr,fr2de,3,fr,1,5040
12,0.5548,fr,fr2de,3,fr,2,5040
12,0.479,fr,fr2de,3,fr,4,5040
12,0.4921,fr,fr2de,3,fr,5,5040
12,0.5088,fr,fr2de,3,fr,6,5040
12,0.449,fr,fr2de,3,fr,7,5040
12,0.8745,fr,fr2de,4,de,1,5040
12,0.8386,fr,fr2de,4,de,2,5040
12,0.8377,fr,fr2de,4,de,3,5040
12,0.838,fr,fr2de,4,de,4,5040
12,0.883,fr,fr2de,4,de,5,5040
12,0.8679,fr,fr2de,4,de,6,5040
12,0.6151,fr,fr2de,4,fr,1,5040
12,0.6038,fr,fr2de,4,fr,2,5040
12,0.5229,fr,fr2de,4,fr,4,5040
12,0.538,fr,fr2de,4,fr,5,5040
12,0.5521,fr,fr2de,4,fr,6,5040
12,0.4991,fr,fr2de,4,fr,7,5040
12,0.8969,fr,fr2de,5,de,1,5040
12,0.8757,fr,fr2de,5,de,2,5040
12,0.8862,fr,fr2de,5,de,3,5040
12,0.8697,fr,fr2de,5,de,4,5040
12,0.9026,fr,fr2de,5,de,5,5040
12,0.9038,fr,fr2de,5,de,6,5040
12,0.6538,fr,fr2de,5,fr,1,5040
12,0.6407,fr,fr2de,5,fr,2,5040
12,0.5517,fr,fr2de,5,fr,4,5040
12,0.5648,fr,fr2de,5,fr,5,5040
12,0.5795,fr,fr2de,5,fr,6,5040
12,0.5266,fr,fr2de,5,fr,7,5040
0,0.9915,fr,fr2de,1,de,1,6720
0,0.9695,fr,fr2de,1,de,2,6720
0,0.9857,fr,fr2de,1,de,3,6720
0,0.9895,fr,fr2de,1,de,4,6720
0,0.9919,fr,fr2de,1,de,5,6720
0,0.9937,fr,fr2de,1,de,6,6720
0,0.9853,fr,fr2de,1,fr,1,6720
0,0.9775,fr,fr2de,1,fr,2,6720
0,0.981,fr,fr2de,1,fr,4,6720
0,0.9782,fr,fr2de,1,fr,5,6720
0,0.9935,fr,fr2de,1,fr,6,6720
0,0.977,fr,fr2de,1,fr,7,6720
0,0.9911,fr,fr2de,2,de,1,6720
0,0.9816,fr,fr2de,2,de,2,6720
0,0.9855,fr,fr2de,2,de,3,6720
0,0.9899,fr,fr2de,2,de,4,6720
0,0.9898,fr,fr2de,2,de,5,6720
0,0.9901,fr,fr2de,2,de,6,6720
0,0.9908,fr,fr2de,2,fr,1,6720
0,0.9856,fr,fr2de,2,fr,2,6720
0,0.9875,fr,fr2de,2,fr,4,6720
0,0.989,fr,fr2de,2,fr,5,6720
0,0.9865,fr,fr2de,2,fr,6,6720
0,0.9905,fr,fr2de,2,fr,7,6720
0,0.9903,fr,fr2de,3,de,1,6720
0,0.9827,fr,fr2de,3,de,2,6720
0,0.9871,fr,fr2de,3,de,3,6720
0,0.9858,fr,fr2de,3,de,4,6720
0,0.986,fr,fr2de,3,de,5,6720
0,0.985,fr,fr2de,3,de,6,6720
0,0.9869,fr,fr2de,3,fr,1,6720
0,0.9843,fr,fr2de,3,fr,2,6720
0,0.9811,fr,fr2de,3,fr,4,6720
0,0.9871,fr,fr2de,3,fr,5,6720
0,0.9812,fr,fr2de,3,fr,6,6720
0,0.9865,fr,fr2de,3,fr,7,6720
1,0.9674,fr,fr2de,1,de,1,6720
1,0.9594,fr,fr2de,1,de,2,6720
1,0.9683,fr,fr2de,1,de,3,6720
1,0.9591,fr,fr2de,1,de,4,6720
1,0.9602,fr,fr2de,1,de,5,6720
1,0.9635,fr,fr2de,1,de,6,6720
1,0.9406,fr,fr2de,1,fr,1,6720
1,0.957,fr,fr2de,1,fr,2,6720
1,0.9529,fr,fr2de,1,fr,4,6720
1,0.9296,fr,fr2de,1,fr,5,6720
1,0.9611,fr,fr2de,1,fr,6,6720
1,0.9509,fr,fr2de,1,fr,7,6720
1,0.9601,fr,fr2de,2,de,1,6720
1,0.9432,fr,fr2de,2,de,2,6720
1,0.9611,fr,fr2de,2,de,3,6720
1,0.9583,fr,fr2de,2,de,4,6720
1,0.9497,fr,fr2de,2,de,5,6720
1,0.9615,fr,fr2de,2,de,6,6720
1,0.9215,fr,fr2de,2,fr,1,6720
1,0.9396,fr,fr2de,2,fr,2,6720
1,0.9286,fr,fr2de,2,fr,4,6720
1,0.9142,fr,fr2de,2,fr,5,6720
1,0.9449,fr,fr2de,2,fr,6,6720
1,0.9412,fr,fr2de,2,fr,7,6720
1,0.9603,fr,fr2de,3,de,1,6720
1,0.9628,fr,fr2de,3,de,2,6720
1,0.9603,fr,fr2de,3,de,3,6720
1,0.955,fr,fr2de,3,de,4,6720
1,0.9554,fr,fr2de,3,de,5,6720
1,0.9537,fr,fr2de,3,de,6,6720
1,0.9402,fr,fr2de,3,fr,1,6720
1,0.9544,fr,fr2de,3,fr,2,6720
1,0.9485,fr,fr2de,3,fr,4,6720
1,0.9379,fr,fr2de,3,fr,5,6720
1,0.9427,fr,fr2de,3,fr,6,6720
1,0.9575,fr,fr2de,3,fr,7,6720
2,0.9213,fr,fr2de,1,de,1,6720
2,0.9337,fr,fr2de,1,de,2,6720
2,0.9343,fr,fr2de,1,de,3,6720
2,0.947,fr,fr2de,1,de,4,6720
2,0.9395,fr,fr2de,1,de,5,6720
2,0.9456,fr,fr2de,1,de,6,6720
2,0.9041,fr,fr2de,1,fr,1,6720
2,0.9124,fr,fr2de,1,fr,2,6720
2,0.9185,fr,fr2de,1,fr,4,6720
2,0.9121,fr,fr2de,1,fr,5,6720
2,0.9308,fr,fr2de,1,fr,6,6720
2,0.9262,fr,fr2de,1,fr,7,6720
2,0.9209,fr,fr2de,2,de,1,6720
2,0.914,fr,fr2de,2,de,2,6720
2,0.9242,fr,fr2de,2,de,3,6720
2,0.931,fr,fr2de,2,de,4,6720
2,0.9198,fr,fr2de,2,de,5,6720
2,0.9367,fr,fr2de,2,de,6,6720
2,0.8961,fr,fr2de,2,fr,1,6720
2,0.903,fr,fr2de,2,fr,2,6720
2,0.9059,fr,fr2de,2,fr,4,6720
2,0.9046,fr,fr2de,2,fr,5,6720
2,0.9209,fr,fr2de,2,fr,6,6720
2,0.9143,fr,fr2de,2,fr,7,6720
2,0.9353,fr,fr2de,3,de,1,6720
2,0.9377,fr,fr2de,3,de,2,6720
2,0.9091,fr,fr2de,3,de,3,6720
2,0.9209,fr,fr2de,3,de,4,6720
2,0.9291,fr,fr2de,3,de,5,6720
2,0.935,fr,fr2de,3,de,6,6720
2,0.901,fr,fr2de,3,fr,1,6720
2,0.9219,fr,fr2de,3,fr,2,6720
2,0.9206,fr,fr2de,3,fr,4,6720
2,0.9198,fr,fr2de,3,fr,5,6720
2,0.921,fr,fr2de,3,fr,6,6720
2,0.9286,fr,fr2de,3,fr,7,6720
3,0.9359,fr,fr2de,1,de,1,6720
3,0.9343,fr,fr2de,1,de,2,6720
3,0.9162,fr,fr2de,1,de,3,6720
3,0.9219,fr,fr2de,1,de,4,6720
3,0.9243,fr,fr2de,1,de,5,6720
3,0.9407,fr,fr2de,1,de,6,6720
3,0.9048,fr,fr2de,1,fr,1,6720
3,0.9254,fr,fr2de,1,fr,2,6720
3,0.9251,fr,fr2de,1,fr,4,6720
3,0.9083,fr,fr2de,1,fr,5,6720
3,0.9295,fr,fr2de,1,fr,6,6720
3,0.9286,fr,fr2de,1,fr,7,6720
3,0.9334,fr,fr2de,2,de,1,6720
3,0.923,fr,fr2de,2,de,2,6720
3,0.9296,fr,fr2de,2,de,3,6720
3,0.9019,fr,fr2de,2,de,4,6720
3,0.9022,fr,fr2de,2,de,5,6720
3,0.9427,fr,fr2de,2,de,6,6720
3,0.8934,fr,fr2de,2,fr,1,6720
3,0.9345,fr,fr2de,2,fr,2,6720
3,0.927,fr,fr2de,2,fr,4,6720
3,0.9123,fr,fr2de,2,fr,5,6720
3,0.9312,fr,fr2de,2,fr,6,6720
3,0.934,fr,fr2de,2,fr,7,6720
3,0.9385,fr,fr2de,3,de,1,6720
3,0.9376,fr,fr2de,3,de,2,6720
3,0.9265,fr,fr2de,3,de,3,6720
3,0.9082,fr,fr2de,3,de,4,6720
3,0.9196,fr,fr2de,3,de,5,6720
3,0.9454,fr,fr2de,3,de,6,6720
3,0.9085,fr,fr2de,3,fr,1,6720
3,0.9297,fr,fr2de,3,fr,2,6720
3,0.9317,fr,fr2de,3,fr,4,6720
3,0.9231,fr,fr2de,3,fr,5,6720
3,0.9372,fr,fr2de,3,fr,6,6720
3,0.9413,fr,fr2de,3,fr,7,6720
4,0.9117,fr,fr2de,1,de,1,6720
4,0.8991,fr,fr2de,1,de,2,6720
4,0.8915,fr,fr2de,1,de,3,6720
4,0.9217,fr,fr2de,1,de,4,6720
4,0.9027,fr,fr2de,1,de,5,6720
4,0.911,fr,fr2de,1,de,6,6720
4,0.8908,fr,fr2de,1,fr,1,6720
4,0.9101,fr,fr2de,1,fr,2,6720
4,0.9027,fr,fr2de,1,fr,4,6720
4,0.8971,fr,fr2de,1,fr,5,6720
4,0.919,fr,fr2de,1,fr,6,6720
4,0.9005,fr,fr2de,1,fr,7,6720
4,0.9131,fr,fr2de,2,de,1,6720
4,0.9013,fr,fr2de,2,de,2,6720
4,0.8887,fr,fr2de,2,de,3,6720
4,0.9142,fr,fr2de,2,de,4,6720
4,0.8859,fr,fr2de,2,de,5,6720
4,0.9118,fr,fr2de,2,de,6,6720
4,0.8904,fr,fr2de,2,fr,1,6720
4,0.9265,fr,fr2de,2,fr,2,6720
4,0.9043,fr,fr2de,2,fr,4,6720
4,0.9042,fr,fr2de,2,fr,5,6720
4,0.908,fr,fr2de,2,fr,6,6720
4,0.9121,fr,fr2de,2,fr,7,6720
4,0.9238,fr,fr2de,3,de,1,6720
4,0.9024,fr,fr2de,3,de,2,6720
4,0.8846,fr,fr2de,3,de,3,6720
4,0.9245,fr,fr2de,3,de,4,6720
4,0.9051,fr,fr2de,3,de,5,6720
4,0.926,fr,fr2de,3,de,6,6720
4,0.9013,fr,fr2de,3,fr,1,6720
4,0.9342,fr,fr2de,3,fr,2,6720
4,0.9193,fr,fr2de,3,fr,4,6720
4,0.9162,fr,fr2de,3,fr,5,6720
4,0.9198,fr,fr2de,3,fr,6,6720
4,0.9246,fr,fr2de,3,fr,7,6720
5,0.8906,fr,fr2de,1,de,1,6720
5,0.8589,fr,fr2de,1,de,2,6720
5,0.8799,fr,fr2de,1,de,3,6720
5,0.8789,fr,fr2de,1,de,4,6720
5,0.8207,fr,fr2de,1,de,5,6720
5,0.8723,fr,fr2de,1,de,6,6720
5,0.8672,fr,fr2de,1,fr,1,6720
5,0.8998,fr,fr2de,1,fr,2,6720
5,0.8917,fr,fr2de,1,fr,4,6720
5,0.8841,fr,fr2de,1,fr,5,6720
5,0.9136,fr,fr2de,1,fr,6,6720
5,0.8849,fr,fr2de,1,fr,7,6720
5,0.907,fr,fr2de,2,de,1,6720
5,0.8627,fr,fr2de,2,de,2,6720
5,0.895,fr,fr2de,2,de,3,6720
5,0.8892,fr,fr2de,2,de,4,6720
5,0.8419,fr,fr2de,2,de,5,6720
5,0.8951,fr,fr2de,2,de,6,6720
5,0.8566,fr,fr2de,2,fr,1,6720
5,0.9083,fr,fr2de,2,fr,2,6720
5,0.8985,fr,fr2de,2,fr,4,6720
5,0.8803,fr,fr2de,2,fr,5,6720
5,0.9077,fr,fr2de,2,fr,6,6720
5,0.9024,fr,fr2de,2,fr,7,6720
5,0.9115,fr,fr2de,3,de,1,6720
5,0.8745,fr,fr2de,3,de,2,6720
5,0.8981,fr,fr2de,3,de,3,6720
5,0.9031,fr,fr2de,3,de,4,6720
5,0.8606,fr,fr2de,3,de,5,6720
5,0.9025,fr,fr2de,3,de,6,6720
5,0.8527,fr,fr2de,3,fr,1,6720
5,0.9025,fr,fr2de,3,fr,2,6720
5,0.8985,fr,fr2de,3,fr,4,6720
5,0.872,fr,fr2de,3,fr,5,6720
5,0.8977,fr,fr2de,3,fr,6,6720
5,0.8916,fr,fr2de,3,fr,7,6720
6,0.9058,fr,fr2de,1,de,1,6720
6,0.77,fr,fr2de,1,de,2,6720
6,0.8635,fr,fr2de,1,de,3,6720
6,0.8691,fr,fr2de,1,de,4,6720
6,0.8326,fr,fr2de,1,de,5,6720
6,0.8611,fr,fr2de,1,de,6,6720
6,0.8219,fr,fr2de,1,fr,1,6720
6,0.8572,fr,fr2de,1,fr,2,6720
6,0.8215,fr,fr2de,1,fr,4,6720
6,0.8897,fr,fr2de,1,fr,5,6720
6,0.8765,fr,fr2de,1,fr,6,6720
6,0.8875,fr,fr2de,1,fr,7,6720
6,0.9014,fr,fr2de,2,de,1,6720
6,0.7789,fr,fr2de,2,de,2,6720
6,0.8822,fr,fr2de,2,de,3,6720
6,0.8821,fr,fr2de,2,de,4,6720
6,0.8606,fr,fr2de,2,de,5,6720
6,0.8667,fr,fr2de,2,de,6,6720
6,0.7768,fr,fr2de,2,fr,1,6720
6,0.8348,fr,fr2de,2,fr,2,6720
6,0.8223,fr,fr2de,2,fr,4,6720
6,0.8572,fr,fr2de,2,fr,5,6720
6,0.8435,fr,fr2de,2,fr,6,6720
6,0.8745,fr,fr2de,2,fr,7,6720
6,0.9195,fr,fr2de,3,de,1,6720
6,0.8,fr,fr2de,3,de,2,6720
6,0.8972,fr,fr2de,3,de,3,6720
6,0.8941,fr,fr2de,3,de,4,6720
6,0.879,fr,fr2de,3,de,5,6720
6,0.8881,fr,fr2de,3,de,6,6720
6,0.8111,fr,fr2de,3,fr,1,6720
6,0.8512,fr,fr2de,3,fr,2,6720
6,0.8305,fr,fr2de,3,fr,4,6720
6,0.8702,fr,fr2de,3,fr,5,6720
6,0.8485,fr,fr2de,3,fr,6,6720
6,0.8842,fr,fr2de,3,fr,7,6720
7,0.8201,fr,fr2de,1,de,1,6720
7,0.7931,fr,fr2de,1,de,2,6720
7,0.8422,fr,fr2de,1,de,3,6720
7,0.8206,fr,fr2de,1,de,4,6720
7,0.8272,fr,fr2de,1,de,5,6720
7,0.8272,fr,fr2de,1,de,6,6720
7,0.7828,fr,fr2de,1,fr,1,6720
7,0.814,fr,fr2de,1,fr,2,6720
7,0.7537,fr,fr2de,1,fr,4,6720
7,0.8,fr,fr2de,1,fr,5,6720
7,0.7787,fr,fr2de,1,fr,6,6720
7,0.783,fr,fr2de,1,fr,7,6720
7,0.8753,fr,fr2de,2,de,1,6720
7,0.799,fr,fr2de,2,de,2,6720
7,0.8754,fr,fr2de,2,de,3,6720
7,0.8612,fr,fr2de,2,de,4,6720
7,0.8508,fr,fr2de,2,de,5,6720
7,0.8412,fr,fr2de,2,de,6,6720
7,0.7914,fr,fr2de,2,fr,1,6720
7,0.8293,fr,fr2de,2,fr,2,6720
7,0.8029,fr,fr2de,2,fr,4,6720
7,0.8355,fr,fr2de,2,fr,5,6720
7,0.7985,fr,fr2de,2,fr,6,6720
7,0.8466,fr,fr2de,2,fr,7,6720
7,0.8846,fr,fr2de,3,de,1,6720
7,0.8455,fr,fr2de,3,de,2,6720
7,0.8921,fr,fr2de,3,de,3,6720
7,0.8574,fr,fr2de,3,de,4,6720
7,0.8825,fr,fr2de,3,de,5,6720
7,0.8837,fr,fr2de,3,de,6,6720
7,0.7971,fr,fr2de,3,fr,1,6720
7,0.8478,fr,fr2de,3,fr,2,6720
7,0.7836,fr,fr2de,3,fr,4,6720
7,0.8383,fr,fr2de,3,fr,5,6720
7,0.8002,fr,fr2de,3,fr,6,6720
7,0.8385,fr,fr2de,3,fr,7,6720
8,0.8165,fr,fr2de,1,de,1,6720
8,0.8247,fr,fr2de,1,de,2,6720
8,0.8232,fr,fr2de,1,de,3,6720
8,0.8199,fr,fr2de,1,de,4,6720
8,0.8276,fr,fr2de,1,de,5,6720
8,0.8124,fr,fr2de,1,de,6,6720
8,0.7512,fr,fr2de,1,fr,1,6720
8,0.7277,fr,fr2de,1,fr,2,6720
8,0.7096,fr,fr2de,1,fr,4,6720
8,0.7464,fr,fr2de,1,fr,5,6720
8,0.7456,fr,fr2de,1,fr,6,6720
8,0.7509,fr,fr2de,1,fr,7,6720
8,0.8844,fr,fr2de,2,de,1,6720
8,0.8705,fr,fr2de,2,de,2,6720
8,0.8911,fr,fr2de,2,de,3,6720
8,0.8611,fr,fr2de,2,de,4,6720
8,0.8705,fr,fr2de,2,de,5,6720
8,0.886,fr,fr2de,2,de,6,6720
8,0.7983,fr,fr2de,2,fr,1,6720
8,0.7941,fr,fr2de,2,fr,2,6720
8,0.7482,fr,fr2de,2,fr,4,6720
8,0.799,fr,fr2de,2,fr,5,6720
8,0.7885,fr,fr2de,2,fr,6,6720
8,0.8246,fr,fr2de,2,fr,7,6720
8,0.8627,fr,fr2de,3,de,1,6720
8,0.8855,fr,fr2de,3,de,2,6720
8,0.8864,fr,fr2de,3,de,3,6720
8,0.8737,fr,fr2de,3,de,4,6720
8,0.8826,fr,fr2de,3,de,5,6720
8,0.8677,fr,fr2de,3,de,6,6720
8,0.7948,fr,fr2de,3,fr,1,6720
8,0.8062,fr,fr2de,3,fr,2,6720
8,0.7604,fr,fr2de,3,fr,4,6720
8,0.7918,fr,fr2de,3,fr,5,6720
8,0.7893,fr,fr2de,3,fr,6,6720
8,0.8087,fr,fr2de,3,fr,7,6720
9,0.838,fr,fr2de,1,de,1,6720
9,0.8401,fr,fr2de,1,de,2,6720
9,0.8749,fr,fr2de,1,de,3,6720
9,0.8363,fr,fr2de,1,de,4,6720
9,0.8566,fr,fr2de,1,de,5,6720
9,0.8476,fr,fr2de,1,de,6,6720
9,0.7878,fr,fr2de,1,fr,1,6720
9,0.6894,fr,fr2de,1,fr,2,6720
9,0.7223,fr,fr2de,1,fr,4,6720
9,0.7923,fr,fr2de,1,fr,5,6720
9,0.8013,fr,fr2de,1,fr,6,6720
9,0.7664,fr,fr2de,1,fr,7,6720
9,0.8826,fr,fr2de,2,de,1,6720
9,0.8802,fr,fr2de,2,de,2,6720
9,0.899,fr,fr2de,2,de,3,6720
9,0.8716,fr,fr2de,2,de,4,6720
9,0.8852,fr,fr2de,2,de,5,6720
9,0.8854,fr,fr2de,2,de,6,6720
9,0.8224,fr,fr2de,2,fr,1,6720
9,0.7434,fr,fr2de,2,fr,2,6720
9,0.7635,fr,fr2de,2,fr,4,6720
9,0.8235,fr,fr2de,2,fr,5,6720
9,0.8253,fr,fr2de,2,fr,6,6720
9,0.8086,fr,fr2de,2,fr,7,6720
9,0.9042,fr,fr2de,3,de,1,6720
9,0.906,fr,fr2de,3,de,2,6720
9,0.8971,fr,fr2de,3,de,3,6720
9,0.9011,fr,fr2de,3,de,4,6720
9,0.907,fr,fr2de,3,de,5,6720
9,0.899,fr,fr2de,3,de,6,6720
9,0.838,fr,fr2de,3,fr,1,6720
9,0.7951,fr,fr2de,3,fr,2,6720
9,0.8105,fr,fr2de,3,fr,4,6720
9,0.8307,fr,fr2de,3,fr,5,6720
9,0.8333,fr,fr2de,3,fr,6,6720
9,0.842,fr,fr2de,3,fr,7,6720
10,0.8315,fr,fr2de,1,de,1,6720
10,0.7958,fr,fr2de,1,de,2,6720
10,0.8963,fr,fr2de,1,de,3,6720
10,0.8705,fr,fr2de,1,de,4,6720
10,0.8457,fr,fr2de,1,de,5,6720
10,0.8311,fr,fr2de,1,de,6,6720
10,0.7395,fr,fr2de,1,fr,1,6720
10,0.6262,fr,fr2de,1,fr,2,6720
10,0.6589,fr,fr2de,1,fr,4,6720
10,0.7627,fr,fr2de,1,fr,5,6720
10,0.8219,fr,fr2de,1,fr,6,6720
10,0.6974,fr,fr2de,1,fr,7,6720
10,0.8552,fr,fr2de,2,de,1,6720
10,0.8231,fr,fr2de,2,de,2,6720
10,0.9005,fr,fr2de,2,de,3,6720
10,0.867,fr,fr2de,2,de,4,6720
10,0.8545,fr,fr2de,2,de,5,6720
10,0.8429,fr,fr2de,2,de,6,6720
10,0.7763,fr,fr2de,2,fr,1,6720
10,0.6561,fr,fr2de,2,fr,2,6720
10,0.7038,fr,fr2de,2,fr,4,6720
10,0.7917,fr,fr2de,2,fr,5,6720
10,0.8421,fr,fr2de,2,fr,6,6720
10,0.7455,fr,fr2de,2,fr,7,6720
10,0.9181,fr,fr2de,3,de,1,6720
10,0.8976,fr,fr2de,3,de,2,6720
10,0.8909,fr,fr2de,3,de,3,6720
10,0.9098,fr,fr2de,3,de,4,6720
10,0.9127,fr,fr2de,3,de,5,6720
10,0.8906,fr,fr2de,3,de,6,6720
10,0.8436,fr,fr2de,3,fr,1,6720
10,0.7578,fr,fr2de,3,fr,2,6720
10,0.7965,fr,fr2de,3,fr,4,6720
10,0.8492,fr,fr2de,3,fr,5,6720
10,0.8649,fr,fr2de,3,fr,6,6720
10,0.8215,fr,fr2de,3,fr,7,6720
11,0.8691,fr,fr2de,1,de,1,6720
11,0.8993,fr,fr2de,1,de,2,6720
11,0.904,fr,fr2de,1,de,3,6720
11,0.8867,fr,fr2de,1,de,4,6720
11,0.9027,fr,fr2de,1,de,5,6720
11,0.896,fr,fr2de,1,de,6,6720
11,0.7771,fr,fr2de,1,fr,1,6720
11,0.7562,fr,fr2de,1,fr,2,6720
11,0.7276,fr,fr2de,1,fr,4,6720
11,0.7556,fr,fr2de,1,fr,5,6720
11,0.8122,fr,fr2de,1,fr,6,6720
11,0.7543,fr,fr2de,1,fr,7,6720
11,0.8399,fr,fr2de,2,de,1,6720
11,0.873,fr,fr2de,2,de,2,6720
11,0.891,fr,fr2de,2,de,3,6720
11,0.8677,fr,fr2de,2,de,4,6720
11,0.8745,fr,fr2de,2,de,5,6720
11,0.877,fr,fr2de,2,de,6,6720
11,0.7541,fr,fr2de,2,fr,1,6720
11,0.7302,fr,fr2de,2,fr,2,6720
11,0.6994,fr,fr2de,2,fr,4,6720
11,0.724,fr,fr2de,2,fr,5,6720
11,0.794,fr,fr2de,2,fr,6,6720
11,0.7321,fr,fr2de,2,fr,7,6720
11,0.8864,fr,fr2de,3,de,1,6720
11,0.9071,fr,fr2de,3,de,2,6720
11,0.9017,fr,fr2de,3,de,3,6720
11,0.8877,fr,fr2de,3,de,4,6720
11,0.9075,fr,fr2de,3,de,5,6720
11,0.8837,fr,fr2de,3,de,6,6720
11,0.7758,fr,fr2de,3,fr,1,6720
11,0.7425,fr,fr2de,3,fr,2,6720
11,0.7277,fr,fr2de,3,fr,4,6720
11,0.7549,fr,fr2de,3,fr,5,6720
11,0.7986,fr,fr2de,3,fr,6,6720
11,0.7526,fr,fr2de,3,fr,7,6720
12,0.8825,fr,fr2de,1,de,1,6720
12,0.8621,fr,fr2de,1,de,2,6720
12,0.8617,fr,fr2de,1,de,3,6720
12,0.8737,fr,fr2de,1,de,4,6720
12,0.8959,fr,fr2de,1,de,5,6720
12,0.8848,fr,fr2de,1,de,6,6720
12,0.6387,fr,fr2de,1,fr,1,6720
12,0.6228,fr,fr2de,1,fr,2,6720
12,0.5433,fr,fr2de,1,fr,4,6720
12,0.5538,fr,fr2de,1,fr,5,6720
12,0.5787,fr,fr2de,1,fr,6,6720
12,0.5222,fr,fr2de,1,fr,7,6720
12,0.8106,fr,fr2de,2,de,1,6720
12,0.7582,fr,fr2de,2,de,2,6720
12,0.7521,fr,fr2de,2,de,3,6720
12,0.7504,fr,fr2de,2,de,4,6720
12,0.8133,fr,fr2de,2,de,5,6720
12,0.791,fr,fr2de,2,de,6,6720
12,0.4968,fr,fr2de,2,fr,1,6720
12,0.4663,fr,fr2de,2,fr,2,6720
12,0.4036,fr,fr2de,2,fr,4,6720
12,0.4215,fr,fr2de,2,fr,5,6720
12,0.428,fr,fr2de,2,fr,6,6720
12,0.3718,fr,fr2de,2,fr,7,6720
12,0.8906,fr,fr2de,3,de,1,6720
12,0.8488,fr,fr2de,3,de,2,6720
12,0.8714,fr,fr2de,3,de,3,6720
12,0.8841,fr,fr2de,3,de,4,6720
12,0.8986,fr,fr2de,3,de,5,6720
12,0.8904,fr,fr2de,3,de,6,6720
12,0.6269,fr,fr2de,3,fr,1,6720
12,0.615,fr,fr2de,3,fr,2,6720
12,0.5303,fr,fr2de,3,fr,4,6720
12,0.5479,fr,fr2de,3,fr,5,6720
12,0.5632,fr,fr2de,3,fr,6,6720
12,0.5141,fr,fr2de,3,fr,7,6720
0,0.9924,fr,fr2de,1,de,1,8400
0,0.9826,fr,fr2de,1,de,2,8400
0,0.9858,fr,fr2de,1,de,3,8400
0,0.9877,fr,fr2de,1,de,4,8400
0,0.9904,fr,fr2de,1,de,5,8400
0,0.9881,fr,fr2de,1,de,6,8400
0,0.9902,fr,fr2de,1,fr,1,8400
0,0.9858,fr,fr2de,1,fr,2,8400
0,0.9852,fr,fr2de,1,fr,4,8400
0,0.9878,fr,fr2de,1,fr,5,8400
0,0.9858,fr,fr2de,1,fr,6,8400
0,0.9884,fr,fr2de,1,fr,7,8400
0,0.9856,fr,fr2de,2,de,1,8400
0,0.9593,fr,fr2de,2,de,2,8400
0,0.9822,fr,fr2de,2,de,3,8400
0,0.9852,fr,fr2de,2,de,4,8400
0,0.9878,fr,fr2de,2,de,5,8400
0,0.9887,fr,fr2de,2,de,6,8400
0,0.9763,fr,fr2de,2,fr,1,8400
0,0.9682,fr,fr2de,2,fr,2,8400
0,0.9781,fr,fr2de,2,fr,4,8400
0,0.9721,fr,fr2de,2,fr,5,8400
0,0.9829,fr,fr2de,2,fr,6,8400
0,0.9721,fr,fr2de,2,fr,7,8400
0,0.9844,fr,fr2de,3,de,1,8400
0,0.9843,fr,fr2de,3,de,2,8400
0,0.985,fr,fr2de,3,de,3,8400
0,0.9881,fr,fr2de,3,de,4,8400
0,0.9814,fr,fr2de,3,de,5,8400
0,0.9842,fr,fr2de,3,de,6,8400
0,0.9874,fr,fr2de,3,fr,1,8400
0,0.9817,fr,fr2de,3,fr,2,8400
0,0.976,fr,fr2de,3,fr,4,8400
0,0.9818,fr,fr2de,3,fr,5,8400
0,0.9828,fr,fr2de,3,fr,6,8400
0,0.9804,fr,fr2de,3,fr,7,8400
0,0.9919,fr,fr2de,6,de,1,8400
0,0.9745,fr,fr2de,6,de,2,8400
0,0.9865,fr,fr2de,6,de,3,8400
0,0.9872,fr,fr2de,6,de,4,8400
0,0.991,fr,fr2de,6,de,5,8400
0,0.9908,fr,fr2de,6,de,6,8400
0,0.9834,fr,fr2de,6,fr,1,8400
0,0.9754,fr,fr2de,6,fr,2,8400
0,0.9753,fr,fr2de,6,fr,4,8400
0,0.9784,fr,fr2de,6,fr,5,8400
0,0.9898,fr,fr2de,6,fr,6,8400
0,0.9771,fr,fr2de,6,fr,7,8400
0,0.9896,fr,fr2de,7,de,1,8400
0,0.9798,fr,fr2de,7,de,2,8400
0,0.9913,fr,fr2de,7,de,3,8400
0,0.9901,fr,fr2de,7,de,4,8400
0,0.9865,fr,fr2de,7,de,5,8400
0,0.986,fr,fr2de,7,de,6,8400
0,0.9871,fr,fr2de,7,fr,1,8400
0,0.9808,fr,fr2de,7,fr,2,8400
0,0.983,fr,fr2de,7,fr,4,8400
0,0.9847,fr,fr2de,7,fr,5,8400
0,0.9814,fr,fr2de,7,fr,6,8400
0,0.9857,fr,fr2de,7,fr,7,8400
1,0.9679,fr,fr2de,1,de,1,8400
1,0.9548,fr,fr2de,1,de,2,8400
1,0.9652,fr,fr2de,1,de,3,8400
1,0.9593,fr,fr2de,1,de,4,8400
1,0.9643,fr,fr2de,1,de,5,8400
1,0.9636,fr,fr2de,1,de,6,8400
1,0.9312,fr,fr2de,1,fr,1,8400
1,0.9522,fr,fr2de,1,fr,2,8400
1,0.9435,fr,fr2de,1,fr,4,8400
1,0.9322,fr,fr2de,1,fr,5,8400
1,0.957,fr,fr2de,1,fr,6,8400
1,0.9432,fr,fr2de,1,fr,7,8400
1,0.966,fr,fr2de,2,de,1,8400
1,0.9553,fr,fr2de,2,de,2,8400
1,0.961,fr,fr2de,2,de,3,8400
1,0.956,fr,fr2de,2,de,4,8400
1,0.9457,fr,fr2de,2,de,5,8400
1,0.959,fr,fr2de,2,de,6,8400
1,0.9462,fr,fr2de,2,fr,1,8400
1,0.9576,fr,fr2de,2,fr,2,8400
1,0.9524,fr,fr2de,2,fr,4,8400
1,0.9281,fr,fr2de,2,fr,5,8400
1,0.9566,fr,fr2de,2,fr,6,8400
1,0.9557,fr,fr2de,2,fr,7,8400
1,0.9632,fr,fr2de,3,de,1,8400
1,0.9535,fr,fr2de,3,de,2,8400
1,0.9639,fr,fr2de,3,de,3,8400
1,0.9606,fr,fr2de,3,de,4,8400
1,0.9598,fr,fr2de,3,de,5,8400
1,0.9667,fr,fr2de,3,de,6,8400
1,0.9407,fr,fr2de,3,fr,1,8400
1,0.9515,fr,fr2de,3,fr,2,8400
1,0.9548,fr,fr2de,3,fr,4,8400
1,0.9413,fr,fr2de,3,fr,5,8400
1,0.9579,fr,fr2de,3,fr,6,8400
1,0.95,fr,fr2de,3,fr,7,8400
1,0.9598,fr,fr2de,6,de,1,8400
1,0.9428,fr,fr2de,6,de,2,8400
1,0.9576,fr,fr2de,6,de,3,8400
1,0.9534,fr,fr2de,6,de,4,8400
1,0.955,fr,fr2de,6,de,5,8400
1,0.9674,fr,fr2de,6,de,6,8400
1,0.9307,fr,fr2de,6,fr,1,8400
1,0.9371,fr,fr2de,6,fr,2,8400
1,0.9409,fr,fr2de,6,fr,4,8400
1,0.9346,fr,fr2de,6,fr,5,8400
1,0.957,fr,fr2de,6,fr,6,8400
1,0.9312,fr,fr2de,6,fr,7,8400
1,0.9636,fr,fr2de,7,de,1,8400
1,0.9617,fr,fr2de,7,de,2,8400
1,0.9667,fr,fr2de,7,de,3,8400
1,0.961,fr,fr2de,7,de,4,8400
1,0.9532,fr,fr2de,7,de,5,8400
1,0.9587,fr,fr2de,7,de,6,8400
1,0.9488,fr,fr2de,7,fr,1,8400
1,0.959,fr,fr2de,7,fr,2,8400
1,0.9568,fr,fr2de,7,fr,4,8400
1,0.9307,fr,fr2de,7,fr,5,8400
1,0.9548,fr,fr2de,7,fr,6,8400
1,0.9588,fr,fr2de,7,fr,7,8400
2,0.9338,fr,fr2de,1,de,1,8400
2,0.929,fr,fr2de,1,de,2,8400
2,0.9191,fr,fr2de,1,de,3,8400
2,0.9347,fr,fr2de,1,de,4,8400
2,0.9267,fr,fr2de,1,de,5,8400
2,0.9371,fr,fr2de,1,de,6,8400
2,0.9008,fr,fr2de,1,fr,1,8400
2,0.916,fr,fr2de,1,fr,2,8400
2,0.9217,fr,fr2de,1,fr,4,8400
2,0.9247,fr,fr2de,1,fr,5,8400
2,0.927,fr,fr2de,1,fr,6,8400
2,0.9296,fr,fr2de,1,fr,7,8400
2,0.9157,fr,fr2de,2,de,1,8400
2,0.9059,fr,fr2de,2,de,2,8400
2,0.9185,fr,fr2de,2,de,3,8400
2,0.9102,fr,fr2de,2,de,4,8400
2,0.916,fr,fr2de,2,de,5,8400
2,0.9144,fr,fr2de,2,de,6,8400
2,0.8982,fr,fr2de,2,fr,1,8400
2,0.8948,fr,fr2de,2,fr,2,8400
2,0.9023,fr,fr2de,2,fr,4,8400
2,0.8802,fr,fr2de,2,fr,5,8400
2,0.9078,fr,fr2de,2,fr,6,8400
2,0.9081,fr,fr2de,2,fr,7,8400
2,0.9253,fr,fr2de,3,de,1,8400
2,0.924,fr,fr2de,3,de,2,8400
2,0.9362,fr,fr2de,3,de,3,8400
2,0.9433,fr,fr2de,3,de,4,8400
2,0.9404,fr,fr2de,3,de,5,8400
2,0.9405,fr,fr2de,3,de,6,8400
2,0.9208,fr,fr2de,3,fr,1,8400
2,0.9129,fr,fr2de,3,fr,2,8400
2,0.927,fr,fr2de,3,fr,4,8400
2,0.9184,fr,fr2de,3,fr,5,8400
2,0.927,fr,fr2de,3,fr,6,8400
2,0.9315,fr,fr2de,3,fr,7,8400
2,0.9282,fr,fr2de,6,de,1,8400
2,0.928,fr,fr2de,6,de,2,8400
2,0.9394,fr,fr2de,6,de,3,8400
2,0.9412,fr,fr2de,6,de,4,8400
2,0.9375,fr,fr2de,6,de,5,8400
2,0.9419,fr,fr2de,6,de,6,8400
2,0.9134,fr,fr2de,6,fr,1,8400
2,0.9115,fr,fr2de,6,fr,2,8400
2,0.9196,fr,fr2de,6,fr,4,8400
2,0.9228,fr,fr2de,6,fr,5,8400
2,0.9278,fr,fr2de,6,fr,6,8400
2,0.9224,fr,fr2de,6,fr,7,8400
2,0.9244,fr,fr2de,7,de,1,8400
2,0.931,fr,fr2de,7,de,2,8400
2,0.9358,fr,fr2de,7,de,3,8400
2,0.9422,fr,fr2de,7,de,4,8400
2,0.9401,fr,fr2de,7,de,5,8400
2,0.938,fr,fr2de,7,de,6,8400
2,0.9317,fr,fr2de,7,fr,1,8400
2,0.9149,fr,fr2de,7,fr,2,8400
2,0.93,fr,fr2de,7,fr,4,8400
2,0.9229,fr,fr2de,7,fr,5,8400
2,0.9239,fr,fr2de,7,fr,6,8400
2,0.9389,fr,fr2de,7,fr,7,8400
3,0.9393,fr,fr2de,1,de,1,8400
3,0.9317,fr,fr2de,1,de,2,8400
3,0.9308,fr,fr2de,1,de,3,8400
3,0.9113,fr,fr2de,1,de,4,8400
3,0.9116,fr,fr2de,1,de,5,8400
3,0.9404,fr,fr2de,1,de,6,8400
3,0.9075,fr,fr2de,1,fr,1,8400
3,0.9365,fr,fr2de,1,fr,2,8400
3,0.9367,fr,fr2de,1,fr,4,8400
3,0.9138,fr,fr2de,1,fr,5,8400
3,0.9351,fr,fr2de,1,fr,6,8400
3,0.9368,fr,fr2de,1,fr,7,8400
3,0.9234,fr,fr2de,2,de,1,8400
3,0.9147,fr,fr2de,2,de,2,8400
3,0.9085,fr,fr2de,2,de,3,8400
3,0.9247,fr,fr2de,2,de,4,8400
3,0.9229,fr,fr2de,2,de,5,8400
3,0.9235,fr,fr2de,2,de,6,8400
3,0.8897,fr,fr2de,2,fr,1,8400
3,0.9073,fr,fr2de,2,fr,2,8400
3,0.9172,fr,fr2de,2,fr,4,8400
3,0.8851,fr,fr2de,2,fr,5,8400
3,0.9072,fr,fr2de,2,fr,6,8400
3,0.8979,fr,fr2de,2,fr,7,8400
3,0.9273,fr,fr2de,3,de,1,8400
3,0.9237,fr,fr2de,3,de,2,8400
3,0.9226,fr,fr2de,3,de,3,8400
3,0.9376,fr,fr2de,3,de,4,8400
3,0.9282,fr,fr2de,3,de,5,8400
3,0.9311,fr,fr2de,3,de,6,8400
3,0.9091,fr,fr2de,3,fr,1,8400
3,0.9072,fr,fr2de,3,fr,2,8400
3,0.9198,fr,fr2de,3,fr,4,8400
3,0.903,fr,fr2de,3,fr,5,8400
3,0.9097,fr,fr2de,3,fr,6,8400
3,0.9151,fr,fr2de,3,fr,7,8400
3,0.9346,fr,fr2de,6,de,1,8400
3,0.9301,fr,fr2de,6,de,2,8400
3,0.9158,fr,fr2de,6,de,3,8400
3,0.9287,fr,fr2de,6,de,4,8400
3,0.9269,fr,fr2de,6,de,5,8400
3,0.9369,fr,fr2de,6,de,6,8400
3,0.9127,fr,fr2de,6,fr,1,8400
3,0.9173,fr,fr2de,6,fr,2,8400
3,0.9266,fr,fr2de,6,fr,4,8400
3,0.9154,fr,fr2de,6,fr,5,8400
3,0.9293,fr,fr2de,6,fr,6,8400
3,0.9234,fr,fr2de,6,fr,7,8400
3,0.937,fr,fr2de,7,de,1,8400
3,0.9314,fr,fr2de,7,de,2,8400
3,0.9369,fr,fr2de,7,de,3,8400
3,0.9194,fr,fr2de,7,de,4,8400
3,0.9226,fr,fr2de,7,de,5,8400
3,0.9415,fr,fr2de,7,de,6,8400
3,0.9146,fr,fr2de,7,fr,1,8400
3,0.9274,fr,fr2de,7,fr,2,8400
3,0.932,fr,fr2de,7,fr,4,8400
3,0.9121,fr,fr2de,7,fr,5,8400
3,0.933,fr,fr2de,7,fr,6,8400
3,0.9372,fr,fr2de,7,fr,7,8400
4,0.9109,fr,fr2de,1,de,1,8400
4,0.9103,fr,fr2de,1,de,2,8400
4,0.8865,fr,fr2de,1,de,3,8400
4,0.9241,fr,fr2de,1,de,4,8400
4,0.899,fr,fr2de,1,de,5,8400
4,0.9171,fr,fr2de,1,de,6,8400
4,0.8988,fr,fr2de,1,fr,1,8400
4,0.9284,fr,fr2de,1,fr,2,8400
4,0.9146,fr,fr2de,1,fr,4,8400
4,0.9152,fr,fr2de,1,fr,5,8400
4,0.9092,fr,fr2de,1,fr,6,8400
4,0.9156,fr,fr2de,1,fr,7,8400
4,0.8931,fr,fr2de,2,de,1,8400
4,0.897,fr,fr2de,2,de,2,8400
4,0.8919,fr,fr2de,2,de,3,8400
4,0.9163,fr,fr2de,2,de,4,8400
4,0.8925,fr,fr2de,2,de,5,8400
4,0.8948,fr,fr2de,2,de,6,8400
4,0.8903,fr,fr2de,2,fr,1,8400
4,0.8949,fr,fr2de,2,fr,2,8400
4,0.9053,fr,fr2de,2,fr,4,8400
4,0.8838,fr,fr2de,2,fr,5,8400
4,0.8996,fr,fr2de,2,fr,6,8400
4,0.891,fr,fr2de,2,fr,7,8400
4,0.8809,fr,fr2de,3,de,1,8400
4,0.8965,fr,fr2de,3,de,2,8400
4,0.8956,fr,fr2de,3,de,3,8400
4,0.9263,fr,fr2de,3,de,4,8400
4,0.9086,fr,fr2de,3,de,5,8400
4,0.9052,fr,fr2de,3,de,6,8400
4,0.8876,fr,fr2de,3,fr,1,8400
4,0.8952,fr,fr2de,3,fr,2,8400
4,0.8909,fr,fr2de,3,fr,4,8400
4,0.8902,fr,fr2de,3,fr,5,8400
4,0.8926,fr,fr2de,3,fr,6,8400
4,0.8842,fr,fr2de,3,fr,7,8400
4,0.9051,fr,fr2de,6,de,1,8400
4,0.8874,fr,fr2de,6,de,2,8400
4,0.8839,fr,fr2de,6,de,3,8400
4,0.9141,fr,fr2de,6,de,4,8400
4,0.9057,fr,fr2de,6,de,5,8400
4,0.8916,fr,fr2de,6,de,6,8400
4,0.8785,fr,fr2de,6,fr,1,8400
4,0.8829,fr,fr2de,6,fr,2,8400
4,0.8963,fr,fr2de,6,fr,4,8400
4,0.891,fr,fr2de,6,fr,5,8400
4,0.9078,fr,fr2de,6,fr,6,8400
4,0.8857,fr,fr2de,6,fr,7,8400
4,0.9026,fr,fr2de,7,de,1,8400
4,0.8968,fr,fr2de,7,de,2,8400
4,0.8899,fr,fr2de,7,de,3,8400
4,0.918,fr,fr2de,7,de,4,8400
4,0.8933,fr,fr2de,7,de,5,8400
4,0.9113,fr,fr2de,7,de,6,8400
4,0.9032,fr,fr2de,7,fr,1,8400
4,0.9204,fr,fr2de,7,fr,2,8400
4,0.9104,fr,fr2de,7,fr,4,8400
4,0.9113,fr,fr2de,7,fr,5,8400
4,0.9214,fr,fr2de,7,fr,6,8400
4,0.9165,fr,fr2de,7,fr,7,8400
5,0.9133,fr,fr2de,1,de,1,8400
5,0.8762,fr,fr2de,1,de,2,8400
5,0.8914,fr,fr2de,1,de,3,8400
5,0.899,fr,fr2de,1,de,4,8400
5,0.8387,fr,fr2de,1,de,5,8400
5,0.8988,fr,fr2de,1,de,6,8400
5,0.8625,fr,fr2de,1,fr,1,8400
5,0.9209,fr,fr2de,1,fr,2,8400
5,0.9165,fr,fr2de,1,fr,4,8400
5,0.8744,fr,fr2de,1,fr,5,8400
5,0.9129,fr,fr2de,1,fr,6,8400
5,0.9181,fr,fr2de,1,fr,7,8400
5,0.8932,fr,fr2de,2,de,1,8400
5,0.8744,fr,fr2de,2,de,2,8400
5,0.9,fr,fr2de,2,de,3,8400
5,0.8979,fr,fr2de,2,de,4,8400
5,0.8408,fr,fr2de,2,de,5,8400
5,0.8857,fr,fr2de,2,de,6,8400
5,0.8772,fr,fr2de,2,fr,1,8400
5,0.8985,fr,fr2de,2,fr,2,8400
5,0.8893,fr,fr2de,2,fr,4,8400
5,0.8636,fr,fr2de,2,fr,5,8400
5,0.8945,fr,fr2de,2,fr,6,8400
5,0.8877,fr,fr2de,2,fr,7,8400
5,0.8877,fr,fr2de,3,de,1,8400
5,0.8814,fr,fr2de,3,de,2,8400
5,0.9028,fr,fr2de,3,de,3,8400
5,0.9104,fr,fr2de,3,de,4,8400
5,0.8525,fr,fr2de,3,de,5,8400
5,0.8867,fr,fr2de,3,de,6,8400
5,0.8666,fr,fr2de,3,fr,1,8400
5,0.8848,fr,fr2de,3,fr,2,8400
5,0.8922,fr,fr2de,3,fr,4,8400
5,0.8723,fr,fr2de,3,fr,5,8400
5,0.8832,fr,fr2de,3,fr,6,8400
5,0.8754,fr,fr2de,3,fr,7,8400
5,0.9095,fr,fr2de,6,de,1,8400
5,0.8689,fr,fr2de,6,de,2,8400
5,0.8957,fr,fr2de,6,de,3,8400
5,0.8997,fr,fr2de,6,de,4,8400
5,0.8386,fr,fr2de,6,de,5,8400
5,0.8855,fr,fr2de,6,de,6,8400
5,0.8825,fr,fr2de,6,fr,1,8400
5,0.9119,fr,fr2de,6,fr,2,8400
5,0.9024,fr,fr2de,6,fr,4,8400
5,0.8986,fr,fr2de,6,fr,5,8400
5,0.9192,fr,fr2de,6,fr,6,8400
5,0.9074,fr,fr2de,6,fr,7,8400
5,0.9001,fr,fr2de,7,de,1,8400
5,0.8759,fr,fr2de,7,de,2,8400
5,0.9024,fr,fr2de,7,de,3,8400
5,0.9001,fr,fr2de,7,de,4,8400
5,0.8486,fr,fr2de,7,de,5,8400
5,0.8985,fr,fr2de,7,de,6,8400
5,0.8764,fr,fr2de,7,fr,1,8400
5,0.9164,fr,fr2de,7,fr,2,8400
5,0.9081,fr,fr2de,7,fr,4,8400
5,0.8803,fr,fr2de,7,fr,5,8400
5,0.91,fr,fr2de,7,fr,6,8400
5,0.9066,fr,fr2de,7,fr,7,8400
6,0.8219,fr,fr2de,1,de,1,8400
6,0.8305,fr,fr2de,1,de,2,8400
6,0.848,fr,fr2de,1,de,3,8400
6,0.8358,fr,fr2de,1,de,4,8400
6,0.8679,fr,fr2de,1,de,5,8400
6,0.8255,fr,fr2de,1,de,6,8400
6,0.7272,fr,fr2de,1,fr,1,8400
6,0.782,fr,fr2de,1,fr,2,8400
6,0.759,fr,fr2de,1,fr,4,8400
6,0.7761,fr,fr2de,1,fr,5,8400
6,0.7529,fr,fr2de,1,fr,6,8400
6,0.7889,fr,fr2de,1,fr,7,8400
6,0.8784,fr,fr2de,2,de,1,8400
6,0.8234,fr,fr2de,2,de,2,8400
6,0.8963,fr,fr2de,2,de,3,8400
6,0.8902,fr,fr2de,2,de,4,8400
6,0.8807,fr,fr2de,2,de,5,8400
6,0.8761,fr,fr2de,2,de,6,8400
6,0.7877,fr,fr2de,2,fr,1,8400
6,0.8247,fr,fr2de,2,fr,2,8400
6,0.8053,fr,fr2de,2,fr,4,8400
6,0.8212,fr,fr2de,2,fr,5,8400
6,0.8001,fr,fr2de,2,fr,6,8400
6,0.8232,fr,fr2de,2,fr,7,8400
6,0.902,fr,fr2de,3,de,1,8400
6,0.8174,fr,fr2de,3,de,2,8400
6,0.8808,fr,fr2de,3,de,3,8400
6,0.8744,fr,fr2de,3,de,4,8400
6,0.8576,fr,fr2de,3,de,5,8400
6,0.8742,fr,fr2de,3,de,6,8400
6,0.8214,fr,fr2de,3,fr,1,8400
6,0.8382,fr,fr2de,3,fr,2,8400
6,0.8051,fr,fr2de,3,fr,4,8400
6,0.8662,fr,fr2de,3,fr,5,8400
6,0.835,fr,fr2de,3,fr,6,8400
6,0.8602,fr,fr2de,3,fr,7,8400
6,0.8921,fr,fr2de,6,de,1,8400
6,0.811,fr,fr2de,6,de,2,8400
6,0.8685,fr,fr2de,6,de,3,8400
6,0.8677,fr,fr2de,6,de,4,8400
6,0.853,fr,fr2de,6,de,5,8400
6,0.8553,fr,fr2de,6,de,6,8400
6,0.806,fr,fr2de,6,fr,1,8400
6,0.8362,fr,fr2de,6,fr,2,8400
6,0.8,fr,fr2de,6,fr,4,8400
6,0.8568,fr,fr2de,6,fr,5,8400
6,0.8448,fr,fr2de,6,fr,6,8400
6,0.8598,fr,fr2de,6,fr,7,8400
6,0.9,fr,fr2de,7,de,1,8400
6,0.8072,fr,fr2de,7,de,2,8400
6,0.8912,fr,fr2de,7,de,3,8400
6,0.8824,fr,fr2de,7,de,4,8400
6,0.8787,fr,fr2de,7,de,5,8400
6,0.8791,fr,fr2de,7,de,6,8400
6,0.7901,fr,fr2de,7,fr,1,8400
6,0.8414,fr,fr2de,7,fr,2,8400
6,0.8161,fr,fr2de,7,fr,4,8400
6,0.8499,fr,fr2de,7,fr,5,8400
6,0.8374,fr,fr2de,7,fr,6,8400
6,0.8672,fr,fr2de,7,fr,7,8400
7,0.8314,fr,fr2de,1,de,1,8400
7,0.8338,fr,fr2de,1,de,2,8400
7,0.8526,fr,fr2de,1,de,3,8400
7,0.8513,fr,fr2de,1,de,4,8400
7,0.8713,fr,fr2de,1,de,5,8400
7,0.838,fr,fr2de,1,de,6,8400
7,0.7677,fr,fr2de,1,fr,1,8400
7,0.8154,fr,fr2de,1,fr,2,8400
7,0.7861,fr,fr2de,1,fr,4,8400
7,0.7843,fr,fr2de,1,fr,5,8400
7,0.7498,fr,fr2de,1,fr,6,8400
7,0.7689,fr,fr2de,1,fr,7,8400
7,0.8556,fr,fr2de,2,de,1,8400
7,0.863,fr,fr2de,2,de,2,8400
7,0.8806,fr,fr2de,2,de,3,8400
7,0.8424,fr,fr2de,2,de,4,8400
7,0.8707,fr,fr2de,2,de,5,8400
7,0.8661,fr,fr2de,2,de,6,8400
7,0.7693,fr,fr2de,2,fr,1,8400
7,0.8019,fr,fr2de,2,fr,2,8400
7,0.7477,fr,fr2de,2,fr,4,8400
7,0.7937,fr,fr2de,2,fr,5,8400
7,0.7556,fr,fr2de,2,fr,6,8400
7,0.7898,fr,fr2de,2,fr,7,8400
7,0.8734,fr,fr2de,3,de,1,8400
7,0.8368,fr,fr2de,3,de,2,8400
7,0.8902,fr,fr2de,3,de,3,8400
7,0.8745,fr,fr2de,3,de,4,8400
7,0.8733,fr,fr2de,3,de,5,8400
7,0.86,fr,fr2de,3,de,6,8400
7,0.8113,fr,fr2de,3,fr,1,8400
7,0.829,fr,fr2de,3,fr,2,8400
7,0.7963,fr,fr2de,3,fr,4,8400
7,0.8312,fr,fr2de,3,fr,5,8400
7,0.7828,fr,fr2de,3,fr,6,8400
7,0.8204,fr,fr2de,3,fr,7,8400
7,0.8926,fr,fr2de,6,de,1,8400
7,0.8094,fr,fr2de,6,de,2,8400
7,0.8432,fr,fr2de,6,de,3,8400
7,0.8407,fr,fr2de,6,de,4,8400
7,0.8505,fr,fr2de,6,de,5,8400
7,0.8692,fr,fr2de,6,de,6,8400
7,0.8306,fr,fr2de,6,fr,1,8400
7,0.8373,fr,fr2de,6,fr,2,8400
7,0.7844,fr,fr2de,6,fr,4,8400
7,0.8659,fr,fr2de,6,fr,5,8400
7,0.85,fr,fr2de,6,fr,6,8400
7,0.861,fr,fr2de,6,fr,7,8400
7,0.8916,fr,fr2de,7,de,1,8400
7,0.8326,fr,fr2de,7,de,2,8400
7,0.8816,fr,fr2de,7,de,3,8400
7,0.8715,fr,fr2de,7,de,4,8400
7,0.8858,fr,fr2de,7,de,5,8400
7,0.8853,fr,fr2de,7,de,6,8400
7,0.8095,fr,fr2de,7,fr,1,8400
7,0.8343,fr,fr2de,7,fr,2,8400
7,0.8015,fr,fr2de,7,fr,4,8400
7,0.8476,fr,fr2de,7,fr,5,8400
7,0.8215,fr,fr2de,7,fr,6,8400
7,0.8588,fr,fr2de,7,fr,7,8400
8,0.8553,fr,fr2de,1,de,1,8400
8,0.8609,fr,fr2de,1,de,2,8400
8,0.8697,fr,fr2de,1,de,3,8400
8,0.8743,fr,fr2de,1,de,4,8400
8,0.8771,fr,fr2de,1,de,5,8400
8,0.8589,fr,fr2de,1,de,6,8400
8,0.8023,fr,fr2de,1,fr,1,8400
8,0.8165,fr,fr2de,1,fr,2,8400
8,0.8109,fr,fr2de,1,fr,4,8400
8,0.7748,fr,fr2de,1,fr,5,8400
8,0.7846,fr,fr2de,1,fr,6,8400
8,0.7976,fr,fr2de,1,fr,7,8400
8,0.8797,fr,fr2de,2,de,1,8400
8,0.8735,fr,fr2de,2,de,2,8400
8,0.9096,fr,fr2de,2,de,3,8400
8,0.8808,fr,fr2de,2,de,4,8400
8,0.8783,fr,fr2de,2,de,5,8400
8,0.8968,fr,fr2de,2,de,6,8400
8,0.8108,fr,fr2de,2,fr,1,8400
8,0.8062,fr,fr2de,2,fr,2,8400
8,0.7919,fr,fr2de,2,fr,4,8400
8,0.8058,fr,fr2de,2,fr,5,8400
8,0.799,fr,fr2de,2,fr,6,8400
8,0.8206,fr,fr2de,2,fr,7,8400
8,0.8503,fr,fr2de,3,de,1,8400
8,0.862,fr,fr2de,3,de,2,8400
8,0.8583,fr,fr2de,3,de,3,8400
8,0.8328,fr,fr2de,3,de,4,8400
8,0.8482,fr,fr2de,3,de,5,8400
8,0.8418,fr,fr2de,3,de,6,8400
8,0.7638,fr,fr2de,3,fr,1,8400
8,0.753,fr,fr2de,3,fr,2,8400
8,0.6953,fr,fr2de,3,fr,4,8400
8,0.7851,fr,fr2de,3,fr,5,8400
8,0.7499,fr,fr2de,3,fr,6,8400
8,0.7871,fr,fr2de,3,fr,7,8400
8,0.8517,fr,fr2de,6,de,1,8400
8,0.8603,fr,fr2de,6,de,2,8400
8,0.8486,fr,fr2de,6,de,3,8400
8,0.8401,fr,fr2de,6,de,4,8400
8,0.8609,fr,fr2de,6,de,5,8400
8,0.8471,fr,fr2de,6,de,6,8400
8,0.7863,fr,fr2de,6,fr,1,8400
8,0.7603,fr,fr2de,6,fr,2,8400
8,0.7363,fr,fr2de,6,fr,4,8400
8,0.7933,fr,fr2de,6,fr,5,8400
8,0.7826,fr,fr2de,6,fr,6,8400
8,0.7874,fr,fr2de,6,fr,7,8400
8,0.8838,fr,fr2de,7,de,1,8400
8,0.871,fr,fr2de,7,de,2,8400
8,0.8804,fr,fr2de,7,de,3,8400
8,0.869,fr,fr2de,7,de,4,8400
8,0.8828,fr,fr2de,7,de,5,8400
8,0.8765,fr,fr2de,7,de,6,8400
8,0.7844,fr,fr2de,7,fr,1,8400
8,0.7694,fr,fr2de,7,fr,2,8400
8,0.7462,fr,fr2de,7,fr,4,8400
8,0.791,fr,fr2de,7,fr,5,8400
8,0.7752,fr,fr2de,7,fr,6,8400
8,0.8027,fr,fr2de,7,fr,7,8400
9,0.8961,fr,fr2de,1,de,1,8400
9,0.8939,fr,fr2de,1,de,2,8400
9,0.87,fr,fr2de,1,de,3,8400
9,0.898,fr,fr2de,1,de,4,8400
9,0.9027,fr,fr2de,1,de,5,8400
9,0.8871,fr,fr2de,1,de,6,8400
9,0.8343,fr,fr2de,1,fr,1,8400
9,0.7811,fr,fr2de,1,fr,2,8400
9,0.8099,fr,fr2de,1,fr,4,8400
9,0.8317,fr,fr2de,1,fr,5,8400
9,0.8299,fr,fr2de,1,fr,6,8400
9,0.8288,fr,fr2de,1,fr,7,8400
9,0.887,fr,fr2de,2,de,1,8400
9,0.9032,fr,fr2de,2,de,2,8400
9,0.8928,fr,fr2de,2,de,3,8400
9,0.8876,fr,fr2de,2,de,4,8400
9,0.9104,fr,fr2de,2,de,5,8400
9,0.9004,fr,fr2de,2,de,6,8400
9,0.8378,fr,fr2de,2,fr,1,8400
9,0.7754,fr,fr2de,2,fr,2,8400
9,0.8056,fr,fr2de,2,fr,4,8400
9,0.8402,fr,fr2de,2,fr,5,8400
9,0.824,fr,fr2de,2,fr,6,8400
9,0.8357,fr,fr2de,2,fr,7,8400
9,0.824,fr,fr2de,3,de,1,8400
9,0.809,fr,fr2de,3,de,2,8400
9,0.8632,fr,fr2de,3,de,3,8400
9,0.8228,fr,fr2de,3,de,4,8400
9,0.8359,fr,fr2de,3,de,5,8400
9,0.8134,fr,fr2de,3,de,6,8400
9,0.7465,fr,fr2de,3,fr,1,8400
9,0.6551,fr,fr2de,3,fr,2,8400
9,0.6573,fr,fr2de,3,fr,4,8400
9,0.7596,fr,fr2de,3,fr,5,8400
9,0.7548,fr,fr2de,3,fr,6,8400
9,0.7175,fr,fr2de,3,fr,7,8400
9,0.8102,fr,fr2de,6,de,1,8400
9,0.8032,fr,fr2de,6,de,2,8400
9,0.8573,fr,fr2de,6,de,3,8400
9,0.8212,fr,fr2de,6,de,4,8400
9,0.8324,fr,fr2de,6,de,5,8400
9,0.8128,fr,fr2de,6,de,6,8400
9,0.7501,fr,fr2de,6,fr,1,8400
9,0.6608,fr,fr2de,6,fr,2,8400
9,0.6702,fr,fr2de,6,fr,4,8400
9,0.7685,fr,fr2de,6,fr,5,8400
9,0.7657,fr,fr2de,6,fr,6,8400
9,0.7206,fr,fr2de,6,fr,7,8400
9,0.8907,fr,fr2de,7,de,1,8400
9,0.8921,fr,fr2de,7,de,2,8400
9,0.8796,fr,fr2de,7,de,3,8400
9,0.895,fr,fr2de,7,de,4,8400
9,0.8994,fr,fr2de,7,de,5,8400
9,0.8943,fr,fr2de,7,de,6,8400
9,0.8245,fr,fr2de,7,fr,1,8400
9,0.779,fr,fr2de,7,fr,2,8400
9,0.793,fr,fr2de,7,fr,4,8400
9,0.8323,fr,fr2de,7,fr,5,8400
9,0.8193,fr,fr2de,7,fr,6,8400
9,0.8219,fr,fr2de,7,fr,7,8400
10,0.8784,fr,fr2de,1,de,1,8400
10,0.8596,fr,fr2de,1,de,2,8400
10,0.8887,fr,fr2de,1,de,3,8400
10,0.8985,fr,fr2de,1,de,4,8400
10,0.8869,fr,fr2de,1,de,5,8400
10,0.8764,fr,fr2de,1,de,6,8400
10,0.7967,fr,fr2de,1,fr,1,8400
10,0.7039,fr,fr2de,1,fr,2,8400
10,0.7333,fr,fr2de,1,fr,4,8400
10,0.8115,fr,fr2de,1,fr,5,8400
10,0.8473,fr,fr2de,1,fr,6,8400
10,0.7588,fr,fr2de,1,fr,7,8400
10,0.8582,fr,fr2de,2,de,1,8400
10,0.8434,fr,fr2de,2,de,2,8400
10,0.9002,fr,fr2de,2,de,3,8400
10,0.8978,fr,fr2de,2,de,4,8400
10,0.8784,fr,fr2de,2,de,5,8400
10,0.8611,fr,fr2de,2,de,6,8400
10,0.7796,fr,fr2de,2,fr,1,8400
10,0.6941,fr,fr2de,2,fr,2,8400
10,0.7104,fr,fr2de,2,fr,4,8400
10,0.814,fr,fr2de,2,fr,5,8400
10,0.8253,fr,fr2de,2,fr,6,8400
10,0.7543,fr,fr2de,2,fr,7,8400
10,0.854,fr,fr2de,3,de,1,8400
10,0.8207,fr,fr2de,3,de,2,8400
10,0.8987,fr,fr2de,3,de,3,8400
10,0.8832,fr,fr2de,3,de,4,8400
10,0.8583,fr,fr2de,3,de,5,8400
10,0.8571,fr,fr2de,3,de,6,8400
10,0.7527,fr,fr2de,3,fr,1,8400
10,0.6445,fr,fr2de,3,fr,2,8400
10,0.6729,fr,fr2de,3,fr,4,8400
10,0.7753,fr,fr2de,3,fr,5,8400
10,0.8208,fr,fr2de,3,fr,6,8400
10,0.7116,fr,fr2de,3,fr,7,8400
10,0.8137,fr,fr2de,6,de,1,8400
10,0.7738,fr,fr2de,6,de,2,8400
10,0.8827,fr,fr2de,6,de,3,8400
10,0.8626,fr,fr2de,6,de,4,8400
10,0.8273,fr,fr2de,6,de,5,8400
10,0.825,fr,fr2de,6,de,6,8400
10,0.7193,fr,fr2de,6,fr,1,8400
10,0.6122,fr,fr2de,6,fr,2,8400
10,0.631,fr,fr2de,6,fr,4,8400
10,0.7492,fr,fr2de,6,fr,5,8400
10,0.8149,fr,fr2de,6,fr,6,8400
10,0.6697,fr,fr2de,6,fr,7,8400
10,0.8657,fr,fr2de,7,de,1,8400
10,0.8447,fr,fr2de,7,de,2,8400
10,0.9017,fr,fr2de,7,de,3,8400
10,0.898,fr,fr2de,7,de,4,8400
10,0.8756,fr,fr2de,7,de,5,8400
10,0.8771,fr,fr2de,7,de,6,8400
10,0.7891,fr,fr2de,7,fr,1,8400
10,0.6971,fr,fr2de,7,fr,2,8400
10,0.7206,fr,fr2de,7,fr,4,8400
10,0.811,fr,fr2de,7,fr,5,8400
10,0.8402,fr,fr2de,7,fr,6,8400
10,0.7522,fr,fr2de,7,fr,7,8400
11,0.8638,fr,fr2de,1,de,1,8400
11,0.8797,fr,fr2de,1,de,2,8400
11,0.8843,fr,fr2de,1,de,3,8400
11,0.8806,fr,fr2de,1,de,4,8400
11,0.8887,fr,fr2de,1,de,5,8400
11,0.8876,fr,fr2de,1,de,6,8400
11,0.7421,fr,fr2de,1,fr,1,8400
11,0.7213,fr,fr2de,1,fr,2,8400
11,0.6729,fr,fr2de,1,fr,4,8400
11,0.7094,fr,fr2de,1,fr,5,8400
11,0.7668,fr,fr2de,1,fr,6,8400
11,0.705,fr,fr2de,1,fr,7,8400
11,0.8581,fr,fr2de,2,de,1,8400
11,0.8845,fr,fr2de,2,de,2,8400
11,0.8912,fr,fr2de,2,de,3,8400
11,0.8871,fr,fr2de,2,de,4,8400
11,0.8922,fr,fr2de,2,de,5,8400
11,0.8757,fr,fr2de,2,de,6,8400
11,0.7557,fr,fr2de,2,fr,1,8400
11,0.735,fr,fr2de,2,fr,2,8400
11,0.7095,fr,fr2de,2,fr,4,8400
11,0.7542,fr,fr2de,2,fr,5,8400
11,0.7789,fr,fr2de,2,fr,6,8400
11,0.7394,fr,fr2de,2,fr,7,8400
11,0.8793,fr,fr2de,3,de,1,8400
11,0.8913,fr,fr2de,3,de,2,8400
11,0.9058,fr,fr2de,3,de,3,8400
11,0.8972,fr,fr2de,3,de,4,8400
11,0.9038,fr,fr2de,3,de,5,8400
11,0.9035,fr,fr2de,3,de,6,8400
11,0.7646,fr,fr2de,3,fr,1,8400
11,0.7321,fr,fr2de,3,fr,2,8400
11,0.7093,fr,fr2de,3,fr,4,8400
11,0.7321,fr,fr2de,3,fr,5,8400
11,0.7914,fr,fr2de,3,fr,6,8400
11,0.7311,fr,fr2de,3,fr,7,8400
11,0.8556,fr,fr2de,6,de,1,8400
11,0.8888,fr,fr2de,6,de,2,8400
11,0.9027,fr,fr2de,6,de,3,8400
11,0.8849,fr,fr2de,6,de,4,8400
11,0.8958,fr,fr2de,6,de,5,8400
11,0.8928,fr,fr2de,6,de,6,8400
11,0.7641,fr,fr2de,6,fr,1,8400
11,0.748,fr,fr2de,6,fr,2,8400
11,0.7042,fr,fr2de,6,fr,4,8400
11,0.7357,fr,fr2de,6,fr,5,8400
11,0.799,fr,fr2de,6,fr,6,8400
11,0.7357,fr,fr2de,6,fr,7,8400
11,0.8698,fr,fr2de,7,de,1,8400
11,0.8963,fr,fr2de,7,de,2,8400
11,0.911,fr,fr2de,7,de,3,8400
11,0.8917,fr,fr2de,7,de,4,8400
11,0.9111,fr,fr2de,7,de,5,8400
11,0.8919,fr,fr2de,7,de,6,8400
11,0.7764,fr,fr2de,7,fr,1,8400
11,0.743,fr,fr2de,7,fr,2,8400
11,0.7115,fr,fr2de,7,fr,4,8400
11,0.754,fr,fr2de,7,fr,5,8400
11,0.7938,fr,fr2de,7,fr,6,8400
11,0.7391,fr,fr2de,7,fr,7,8400
12,0.8858,fr,fr2de,1,de,1,8400
12,0.8657,fr,fr2de,1,de,2,8400
12,0.9038,fr,fr2de,1,de,3,8400
12,0.8704,fr,fr2de,1,de,4,8400
12,0.8977,fr,fr2de,1,de,5,8400
12,0.9127,fr,fr2de,1,de,6,8400
12,0.6363,fr,fr2de,1,fr,1,8400
12,0.6202,fr,fr2de,1,fr,2,8400
12,0.5042,fr,fr2de,1,fr,4,8400
12,0.5283,fr,fr2de,1,fr,5,8400
12,0.5367,fr,fr2de,1,fr,6,8400
12,0.4904,fr,fr2de,1,fr,7,8400
12,0.7809,fr,fr2de,2,de,1,8400
12,0.792,fr,fr2de,2,de,2,8400
12,0.75,fr,fr2de,2,de,3,8400
12,0.7942,fr,fr2de,2,de,4,8400
12,0.7803,fr,fr2de,2,de,5,8400
12,0.7695,fr,fr2de,2,de,6,8400
12,0.6607,fr,fr2de,2,fr,1,8400
12,0.6478,fr,fr2de,2,fr,2,8400
12,0.5903,fr,fr2de,2,fr,4,8400
12,0.6087,fr,fr2de,2,fr,5,8400
12,0.6299,fr,fr2de,2,fr,6,8400
12,0.5841,fr,fr2de,2,fr,7,8400
12,0.8892,fr,fr2de,3,de,1,8400
12,0.8507,fr,fr2de,3,de,2,8400
12,0.8667,fr,fr2de,3,de,3,8400
12,0.861,fr,fr2de,3,de,4,8400
12,0.8944,fr,fr2de,3,de,5,8400
12,0.8834,fr,fr2de,3,de,6,8400
12,0.6268,fr,fr2de,3,fr,1,8400
12,0.5949,fr,fr2de,3,fr,2,8400
12,0.5185,fr,fr2de,3,fr,4,8400
12,0.5404,fr,fr2de,3,fr,5,8400
12,0.5539,fr,fr2de,3,fr,6,8400
12,0.4991,fr,fr2de,3,fr,7,8400
12,0.8776,fr,fr2de,6,de,1,8400
12,0.8311,fr,fr2de,6,de,2,8400
12,0.8395,fr,fr2de,6,de,3,8400
12,0.8291,fr,fr2de,6,de,4,8400
12,0.8825,fr,fr2de,6,de,5,8400
12,0.8718,fr,fr2de,6,de,6,8400
12,0.601,fr,fr2de,6,fr,1,8400
12,0.577,fr,fr2de,6,fr,2,8400
12,0.491,fr,fr2de,6,fr,4,8400
12,0.5212,fr,fr2de,6,fr,5,8400
12,0.5412,fr,fr2de,6,fr,6,8400
12,0.4774,fr,fr2de,6,fr,7,8400
12,0.8869,fr,fr2de,7,de,1,8400
12,0.857,fr,fr2de,7,de,2,8400
12,0.8717,fr,fr2de,7,de,3,8400
12,0.8791,fr,fr2de,7,de,4,8400
12,0.9008,fr,fr2de,7,de,5,8400
12,0.8926,fr,fr2de,7,de,6,8400
12,0.6308,fr,fr2de,7,fr,1,8400
12,0.6057,fr,fr2de,7,fr,2,8400
12,0.5218,fr,fr2de,7,fr,4,8400
12,0.5455,fr,fr2de,7,fr,5,8400
12,0.5627,fr,fr2de,7,fr,6,8400
12,0.5106,fr,fr2de,7,fr,7,8400
