epoch,layer,model_a,seed_a,model_b,seed_b,score
4,0,de,4,fr,4,0.9846
5,0,de,4,fr,4,0.986
6,0,de,4,fr,4,0.9856
7,0,de,4,fr,4,0.9822
8,0,de,4,fr,4,0.9833
9,0,de,4,fr,4,0.9852
10,0,de,4,fr,4,0.9814
11,0,de,4,fr,4,0.9809
12,0,de,4,fr,4,0.9848
13,0,de,4,fr,4,0.9809
14,0,de,4,fr,4,0.982
15,0,de,4,fr,4,0.9825
16,0,de,4,fr,4,0.9848
17,0,de,4,fr,4,0.9796
18,0,de,4,fr,4,0.9821
19,0,de,4,fr,4,0.9731
20,0,de,4,fr,4,0.9822
21,0,de,4,fr,4,0.9794
22,0,de,4,fr,4,0.9841
23,0,de,4,fr,4,0.9737
24,0,de,4,fr,4,0.9835
4,1,de,4,fr,4,0.7989
5,1,de,4,fr,4,0.8129
6,1,de,4,fr,4,0.8302
7,1,de,4,fr,4,0.8121
8,1,de,4,fr,4,0.7918
9,1,de,4,fr,4,0.7848
10,1,de,4,fr,4,0.8194
11,1,de,4,fr,4,0.7966
12,1,de,4,fr,4,0.8278
13,1,de,4,fr,4,0.8232
14,1,de,4,fr,4,0.8029
15,1,de,4,fr,4,0.8005
16,1,de,4,fr,4,0.8304
17,1,de,4,fr,4,0.817
18,1,de,4,fr,4,0.8327
19,1,de,4,fr,4,0.8071
20,1,de,4,fr,4,0.8337
21,1,de,4,fr,4,0.8249
22,1,de,4,fr,4,0.8553
23,1,de,4,fr,4,0.8554
24,1,de,4,fr,4,0.821
4,2,de,4,fr,4,0.5959
5,2,de,4,fr,4,0.668
6,2,de,4,fr,4,0.6353
7,2,de,4,fr,4,0.6709
8,2,de,4,fr,4,0.6554
9,2,de,4,fr,4,0.6465
10,2,de,4,fr,4,0.6903
11,2,de,4,fr,4,0.6195
12,2,de,4,fr,4,0.71
13,2,de,4,fr,4,0.673
14,2,de,4,fr,4,0.6855
15,2,de,4,fr,4,0.6621
16,2,de,4,fr,4,0.6972
17,2,de,4,fr,4,0.6979
18,2,de,4,fr,4,0.716
19,2,de,4,fr,4,0.6889
20,2,de,4,fr,4,0.6963
21,2,de,4,fr,4,0.7179
22,2,de,4,fr,4,0.7072
23,2,de,4,fr,4,0.7241
24,2,de,4,fr,4,0.7444
4,3,de,4,fr,4,0.5275
5,3,de,4,fr,4,0.6252
6,3,de,4,fr,4,0.5549
7,3,de,4,fr,4,0.558
8,3,de,4,fr,4,0.5977
9,3,de,4,fr,4,0.5873
10,3,de,4,fr,4,0.6268
11,3,de,4,fr,4,0.576
12,3,de,4,fr,4,0.6369
13,3,de,4,fr,4,0.5962
14,3,de,4,fr,4,0.5986
15,3,de,4,fr,4,0.6109
16,3,de,4,fr,4,0.6216
17,3,de,4,fr,4,0.5955
18,3,de,4,fr,4,0.6191
19,3,de,4,fr,4,0.6313
20,3,de,4,fr,4,0.5874
21,3,de,4,fr,4,0.6326
22,3,de,4,fr,4,0.5751
23,3,de,4,fr,4,0.594
24,3,de,4,fr,4,0.6448
4,4,de,4,fr,4,0.4418
5,4,de,4,fr,4,0.623
6,4,de,4,fr,4,0.4995
7,4,de,4,fr,4,0.5633
8,4,de,4,fr,4,0.615
9,4,de,4,fr,4,0.6122
10,4,de,4,fr,4,0.6525
11,4,de,4,fr,4,0.6017
12,4,de,4,fr,4,0.6319
13,4,de,4,fr,4,0.582
14,4,de,4,fr,4,0.6179
15,4,de,4,fr,4,0.6239
16,4,de,4,fr,4,0.6329
17,4,de,4,fr,4,0.6176
18,4,de,4,fr,4,0.6375
19,4,de,4,fr,4,0.6068
20,4,de,4,fr,4,0.6108
21,4,de,4,fr,4,0.6237
22,4,de,4,fr,4,0.5827
23,4,de,4,fr,4,0.5601
24,4,de,4,fr,4,0.6256
4,5,de,4,fr,4,0.5101
5,5,de,4,fr,4,0.6435
6,5,de,4,fr,4,0.5439
7,5,de,4,fr,4,0.5798
8,5,de,4,fr,4,0.6184
9,5,de,4,fr,4,0.608
10,5,de,4,fr,4,0.6499
11,5,de,4,fr,4,0.6369
12,5,de,4,fr,4,0.6587
13,5,de,4,fr,4,0.582
14,5,de,4,fr,4,0.6371
15,5,de,4,fr,4,0.641
16,5,de,4,fr,4,0.6221
17,5,de,4,fr,4,0.6256
18,5,de,4,fr,4,0.6701
19,5,de,4,fr,4,0.6074
20,5,de,4,fr,4,0.6341
21,5,de,4,fr,4,0.6221
22,5,de,4,fr,4,0.6228
23,5,de,4,fr,4,0.6016
24,5,de,4,fr,4,0.6497
4,6,de,4,fr,4,0.5918
5,6,de,4,fr,4,0.5925
6,6,de,4,fr,4,0.5891
7,6,de,4,fr,4,0.5791
8,6,de,4,fr,4,0.6159
9,6,de,4,fr,4,0.5954
10,6,de,4,fr,4,0.5837
11,6,de,4,fr,4,0.5302
12,6,de,4,fr,4,0.6297
13,6,de,4,fr,4,0.4819
14,6,de,4,fr,4,0.6019
15,6,de,4,fr,4,0.5556
16,6,de,4,fr,4,0.5015
17,6,de,4,fr,4,0.598
18,6,de,4,fr,4,0.5533
19,6,de,4,fr,4,0.5038
20,6,de,4,fr,4,0.567
21,6,de,4,fr,4,0.5451
22,6,de,4,fr,4,0.5558
23,6,de,4,fr,4,0.537
24,6,de,4,fr,4,0.5437
4,7,de,4,fr,4,0.6511
5,7,de,4,fr,4,0.6394
6,7,de,4,fr,4,0.6426
7,7,de,4,fr,4,0.6455
8,7,de,4,fr,4,0.6514
9,7,de,4,fr,4,0.6463
10,7,de,4,fr,4,0.6248
11,7,de,4,fr,4,0.5925
12,7,de,4,fr,4,0.6413
13,7,de,4,fr,4,0.5888
14,7,de,4,fr,4,0.6164
15,7,de,4,fr,4,0.5846
16,7,de,4,fr,4,0.5638
17,7,de,4,fr,4,0.6216
18,7,de,4,fr,4,0.6155
19,7,de,4,fr,4,0.5553
20,7,de,4,fr,4,0.6061
21,7,de,4,fr,4,0.5854
22,7,de,4,fr,4,0.6014
23,7,de,4,fr,4,0.5477
24,7,de,4,fr,4,0.6146
4,8,de,4,fr,4,0.6164
5,8,de,4,fr,4,0.6302
6,8,de,4,fr,4,0.6157
7,8,de,4,fr,4,0.6068
8,8,de,4,fr,4,0.6044
9,8,de,4,fr,4,0.6197
10,8,de,4,fr,4,0.601
11,8,de,4,fr,4,0.5991
12,8,de,4,fr,4,0.6154
13,8,de,4,fr,4,0.5961
14,8,de,4,fr,4,0.6206
15,8,de,4,fr,4,0.5736
16,8,de,4,fr,4,0.5925
17,8,de,4,fr,4,0.6078
18,8,de,4,fr,4,0.6108
19,8,de,4,fr,4,0.5768
20,8,de,4,fr,4,0.6007
21,8,de,4,fr,4,0.5787
22,8,de,4,fr,4,0.5841
23,8,de,4,fr,4,0.5694
24,8,de,4,fr,4,0.615
4,9,de,4,fr,4,0.5789
5,9,de,4,fr,4,0.612
6,9,de,4,fr,4,0.6206
7,9,de,4,fr,4,0.6189
8,9,de,4,fr,4,0.5854
9,9,de,4,fr,4,0.6246
10,9,de,4,fr,4,0.6031
11,9,de,4,fr,4,0.6138
12,9,de,4,fr,4,0.608
13,9,de,4,fr,4,0.6119
14,9,de,4,fr,4,0.5962
15,9,de,4,fr,4,0.6052
16,9,de,4,fr,4,0.6204
17,9,de,4,fr,4,0.5995
18,9,de,4,fr,4,0.64
19,9,de,4,fr,4,0.605
20,9,de,4,fr,4,0.638
21,9,de,4,fr,4,0.5943
22,9,de,4,fr,4,0.5873
23,9,de,4,fr,4,0.6021
24,9,de,4,fr,4,0.6077
4,10,de,4,fr,4,0.5425
5,10,de,4,fr,4,0.5706
6,10,de,4,fr,4,0.5662
7,10,de,4,fr,4,0.5759
8,10,de,4,fr,4,0.5597
9,10,de,4,fr,4,0.579
10,10,de,4,fr,4,0.589
11,10,de,4,fr,4,0.5931
12,10,de,4,fr,4,0.5866
13,10,de,4,fr,4,0.572
14,10,de,4,fr,4,0.5896
15,10,de,4,fr,4,0.589
16,10,de,4,fr,4,0.6064
17,10,de,4,fr,4,0.5902
18,10,de,4,fr,4,0.6036
19,10,de,4,fr,4,0.5878
20,10,de,4,fr,4,0.6128
21,10,de,4,fr,4,0.5781
22,10,de,4,fr,4,0.5784
23,10,de,4,fr,4,0.5858
24,10,de,4,fr,4,0.5871
4,11,de,4,fr,4,0.5305
5,11,de,4,fr,4,0.5416
6,11,de,4,fr,4,0.5226
7,11,de,4,fr,4,0.5229
8,11,de,4,fr,4,0.5186
9,11,de,4,fr,4,0.5362
10,11,de,4,fr,4,0.5467
11,11,de,4,fr,4,0.5593
12,11,de,4,fr,4,0.5414
13,11,de,4,fr,4,0.53
14,11,de,4,fr,4,0.5473
15,11,de,4,fr,4,0.5221
16,11,de,4,fr,4,0.5631
17,11,de,4,fr,4,0.5477
18,11,de,4,fr,4,0.5474
19,11,de,4,fr,4,0.5458
20,11,de,4,fr,4,0.5536
21,11,de,4,fr,4,0.5254
22,11,de,4,fr,4,0.5279
23,11,de,4,fr,4,0.5207
24,11,de,4,fr,4,0.5305
4,12,de,4,fr,4,0.3993
5,12,de,4,fr,4,0.4257
6,12,de,4,fr,4,0.4349
7,12,de,4,fr,4,0.4977
8,12,de,4,fr,4,0.4759
9,12,de,4,fr,4,0.5148
10,12,de,4,fr,4,0.5044
11,12,de,4,fr,4,0.4902
12,12,de,4,fr,4,0.5143
13,12,de,4,fr,4,0.4923
14,12,de,4,fr,4,0.5093
15,12,de,4,fr,4,0.5278
16,12,de,4,fr,4,0.5188
17,12,de,4,fr,4,0.476
18,12,de,4,fr,4,0.4986
19,12,de,4,fr,4,0.545
20,12,de,4,fr,4,0.5166
21,12,de,4,fr,4,0.5246
22,12,de,4,fr,4,0.5024
23,12,de,4,fr,4,0.5325
24,12,de,4,fr,4,0.5298
4,0,de,4,fr,6,0.9786
5,0,de,4,fr,6,0.9817
6,0,de,4,fr,6,0.9823
7,0,de,4,fr,6,0.9747
8,0,de,4,fr,6,0.9612
9,0,de,4,fr,6,0.9709
10,0,de,4,fr,6,0.9843
11,0,de,4,fr,6,0.9797
12,0,de,4,fr,6,0.9736
13,0,de,4,fr,6,0.9752
14,0,de,4,fr,6,0.9747
15,0,de,4,fr,6,0.972
16,0,de,4,fr,6,0.9726
17,0,de,4,fr,6,0.9564
18,0,de,4,fr,6,0.9582
19,0,de,4,fr,6,0.9772
20,0,de,4,fr,6,0.9826
21,0,de,4,fr,6,0.9682
22,0,de,4,fr,6,0.9553
23,0,de,4,fr,6,0.9742
24,0,de,4,fr,6,0.9793
4,1,de,4,fr,6,0.799
5,1,de,4,fr,6,0.8222
6,1,de,4,fr,6,0.8285
7,1,de,4,fr,6,0.8042
8,1,de,4,fr,6,0.7767
9,1,de,4,fr,6,0.7845
10,1,de,4,fr,6,0.807
11,1,de,4,fr,6,0.8281
12,1,de,4,fr,6,0.8017
13,1,de,4,fr,6,0.8071
14,1,de,4,fr,6,0.787
15,1,de,4,fr,6,0.8004
16,1,de,4,fr,6,0.7957
17,1,de,4,fr,6,0.8138
18,1,de,4,fr,6,0.8297
19,1,de,4,fr,6,0.8021
20,1,de,4,fr,6,0.8322
21,1,de,4,fr,6,0.8185
22,1,de,4,fr,6,0.8419
23,1,de,4,fr,6,0.8496
24,1,de,4,fr,6,0.8111
4,2,de,4,fr,6,0.5939
5,2,de,4,fr,6,0.6793
6,2,de,4,fr,6,0.6294
7,2,de,4,fr,6,0.6737
8,2,de,4,fr,6,0.658
9,2,de,4,fr,6,0.63
10,2,de,4,fr,6,0.679
11,2,de,4,fr,6,0.6561
12,2,de,4,fr,6,0.7037
13,2,de,4,fr,6,0.6609
14,2,de,4,fr,6,0.6624
15,2,de,4,fr,6,0.647
16,2,de,4,fr,6,0.6521
17,2,de,4,fr,6,0.671
18,2,de,4,fr,6,0.6942
19,2,de,4,fr,6,0.6735
20,2,de,4,fr,6,0.7182
21,2,de,4,fr,6,0.6692
22,2,de,4,fr,6,0.6925
23,2,de,4,fr,6,0.7201
24,2,de,4,fr,6,0.7312
4,3,de,4,fr,6,0.5564
5,3,de,4,fr,6,0.6305
6,3,de,4,fr,6,0.5674
7,3,de,4,fr,6,0.5922
8,3,de,4,fr,6,0.6367
9,3,de,4,fr,6,0.6087
10,3,de,4,fr,6,0.6419
11,3,de,4,fr,6,0.6164
12,3,de,4,fr,6,0.6532
13,3,de,4,fr,6,0.5867
14,3,de,4,fr,6,0.6254
15,3,de,4,fr,6,0.6099
16,3,de,4,fr,6,0.6144
17,3,de,4,fr,6,0.6061
18,3,de,4,fr,6,0.63
19,3,de,4,fr,6,0.6194
20,3,de,4,fr,6,0.6069
21,3,de,4,fr,6,0.6104
22,3,de,4,fr,6,0.6133
23,3,de,4,fr,6,0.5878
24,3,de,4,fr,6,0.6524
4,4,de,4,fr,6,0.5055
5,4,de,4,fr,6,0.6097
6,4,de,4,fr,6,0.5209
7,4,de,4,fr,6,0.5893
8,4,de,4,fr,6,0.6422
9,4,de,4,fr,6,0.5793
10,4,de,4,fr,6,0.6256
11,4,de,4,fr,6,0.6203
12,4,de,4,fr,6,0.6285
13,4,de,4,fr,6,0.5431
14,4,de,4,fr,6,0.6088
15,4,de,4,fr,6,0.6015
16,4,de,4,fr,6,0.5975
17,4,de,4,fr,6,0.5842
18,4,de,4,fr,6,0.6181
19,4,de,4,fr,6,0.5888
20,4,de,4,fr,6,0.5983
21,4,de,4,fr,6,0.5815
22,4,de,4,fr,6,0.6015
23,4,de,4,fr,6,0.5399
24,4,de,4,fr,6,0.6151
4,5,de,4,fr,6,0.5012
5,5,de,4,fr,6,0.606
6,5,de,4,fr,6,0.5337
7,5,de,4,fr,6,0.6036
8,5,de,4,fr,6,0.638
9,5,de,4,fr,6,0.5903
10,5,de,4,fr,6,0.6358
11,5,de,4,fr,6,0.6162
12,5,de,4,fr,6,0.6499
13,5,de,4,fr,6,0.5554
14,5,de,4,fr,6,0.619
15,5,de,4,fr,6,0.611
16,5,de,4,fr,6,0.5951
17,5,de,4,fr,6,0.5835
18,5,de,4,fr,6,0.6493
19,5,de,4,fr,6,0.5983
20,5,de,4,fr,6,0.6162
21,5,de,4,fr,6,0.5813
22,5,de,4,fr,6,0.5976
23,5,de,4,fr,6,0.5733
24,5,de,4,fr,6,0.6352
4,6,de,4,fr,6,0.5899
5,6,de,4,fr,6,0.6104
6,6,de,4,fr,6,0.5682
7,6,de,4,fr,6,0.609
8,6,de,4,fr,6,0.6689
9,6,de,4,fr,6,0.607
10,6,de,4,fr,6,0.6231
11,6,de,4,fr,6,0.6106
12,6,de,4,fr,6,0.6171
13,6,de,4,fr,6,0.5275
14,6,de,4,fr,6,0.5907
15,6,de,4,fr,6,0.5147
16,6,de,4,fr,6,0.5924
17,6,de,4,fr,6,0.5638
18,6,de,4,fr,6,0.5944
19,6,de,4,fr,6,0.5207
20,6,de,4,fr,6,0.5626
21,6,de,4,fr,6,0.5706
22,6,de,4,fr,6,0.5666
23,6,de,4,fr,6,0.5331
24,6,de,4,fr,6,0.5761
4,7,de,4,fr,6,0.6481
5,7,de,4,fr,6,0.6357
6,7,de,4,fr,6,0.619
7,7,de,4,fr,6,0.6073
8,7,de,4,fr,6,0.6434
9,7,de,4,fr,6,0.589
10,7,de,4,fr,6,0.6071
11,7,de,4,fr,6,0.5825
12,7,de,4,fr,6,0.6299
13,7,de,4,fr,6,0.5419
14,7,de,4,fr,6,0.6154
15,7,de,4,fr,6,0.583
16,7,de,4,fr,6,0.6019
17,7,de,4,fr,6,0.6004
18,7,de,4,fr,6,0.5768
19,7,de,4,fr,6,0.5353
20,7,de,4,fr,6,0.5858
21,7,de,4,fr,6,0.5863
22,7,de,4,fr,6,0.5716
23,7,de,4,fr,6,0.5783
24,7,de,4,fr,6,0.6277
4,8,de,4,fr,6,0.6364
5,8,de,4,fr,6,0.6206
6,8,de,4,fr,6,0.5964
7,8,de,4,fr,6,0.5868
8,8,de,4,fr,6,0.5735
9,8,de,4,fr,6,0.5742
10,8,de,4,fr,6,0.5838
11,8,de,4,fr,6,0.5561
12,8,de,4,fr,6,0.5686
13,8,de,4,fr,6,0.5387
14,8,de,4,fr,6,0.5931
15,8,de,4,fr,6,0.5454
16,8,de,4,fr,6,0.5634
17,8,de,4,fr,6,0.5643
18,8,de,4,fr,6,0.5328
19,8,de,4,fr,6,0.5096
20,8,de,4,fr,6,0.5326
21,8,de,4,fr,6,0.543
22,8,de,4,fr,6,0.5511
23,8,de,4,fr,6,0.5305
24,8,de,4,fr,6,0.5791
4,9,de,4,fr,6,0.636
5,9,de,4,fr,6,0.6224
6,9,de,4,fr,6,0.6225
7,9,de,4,fr,6,0.5942
8,9,de,4,fr,6,0.59
9,9,de,4,fr,6,0.5899
10,9,de,4,fr,6,0.6027
11,9,de,4,fr,6,0.5823
12,9,de,4,fr,6,0.5974
13,9,de,4,fr,6,0.5749
14,9,de,4,fr,6,0.5995
15,9,de,4,fr,6,0.5655
16,9,de,4,fr,6,0.6077
17,9,de,4,fr,6,0.5662
18,9,de,4,fr,6,0.5659
19,9,de,4,fr,6,0.5513
20,9,de,4,fr,6,0.569
21,9,de,4,fr,6,0.5756
22,9,de,4,fr,6,0.5802
23,9,de,4,fr,6,0.5861
24,9,de,4,fr,6,0.5977
4,10,de,4,fr,6,0.6101
5,10,de,4,fr,6,0.6057
6,10,de,4,fr,6,0.6107
7,10,de,4,fr,6,0.5905
8,10,de,4,fr,6,0.5907
9,10,de,4,fr,6,0.5947
10,10,de,4,fr,6,0.6047
11,10,de,4,fr,6,0.5948
12,10,de,4,fr,6,0.5914
13,10,de,4,fr,6,0.5822
14,10,de,4,fr,6,0.6101
15,10,de,4,fr,6,0.5694
16,10,de,4,fr,6,0.5952
17,10,de,4,fr,6,0.592
18,10,de,4,fr,6,0.5816
19,10,de,4,fr,6,0.5843
20,10,de,4,fr,6,0.5903
21,10,de,4,fr,6,0.5886
22,10,de,4,fr,6,0.608
23,10,de,4,fr,6,0.5994
24,10,de,4,fr,6,0.6128
4,11,de,4,fr,6,0.5438
5,11,de,4,fr,6,0.5204
6,11,de,4,fr,6,0.5259
7,11,de,4,fr,6,0.5445
8,11,de,4,fr,6,0.5238
9,11,de,4,fr,6,0.5549
10,11,de,4,fr,6,0.5709
11,11,de,4,fr,6,0.5765
12,11,de,4,fr,6,0.5374
13,11,de,4,fr,6,0.5262
14,11,de,4,fr,6,0.5927
15,11,de,4,fr,6,0.5034
16,11,de,4,fr,6,0.5621
17,11,de,4,fr,6,0.5585
18,11,de,4,fr,6,0.55
19,11,de,4,fr,6,0.54
20,11,de,4,fr,6,0.5491
21,11,de,4,fr,6,0.5424
22,11,de,4,fr,6,0.5459
23,11,de,4,fr,6,0.5464
24,11,de,4,fr,6,0.5383
4,12,de,4,fr,6,0.4018
5,12,de,4,fr,6,0.4284
6,12,de,4,fr,6,0.4347
7,12,de,4,fr,6,0.4841
8,12,de,4,fr,6,0.4595
9,12,de,4,fr,6,0.5094
10,12,de,4,fr,6,0.4991
11,12,de,4,fr,6,0.4675
12,12,de,4,fr,6,0.4778
13,12,de,4,fr,6,0.4751
14,12,de,4,fr,6,0.507
15,12,de,4,fr,6,0.4801
16,12,de,4,fr,6,0.506
17,12,de,4,fr,6,0.4947
18,12,de,4,fr,6,0.513
19,12,de,4,fr,6,0.5229
20,12,de,4,fr,6,0.5022
21,12,de,4,fr,6,0.5309
22,12,de,4,fr,6,0.511
23,12,de,4,fr,6,0.5468
24,12,de,4,fr,6,0.5269
4,0,de,6,fr,4,0.9709
5,0,de,6,fr,4,0.9693
6,0,de,6,fr,4,0.9781
7,0,de,6,fr,4,0.9727
8,0,de,6,fr,4,0.9711
9,0,de,6,fr,4,0.9708
10,0,de,6,fr,4,0.9715
11,0,de,6,fr,4,0.961
12,0,de,6,fr,4,0.9695
13,0,de,6,fr,4,0.958
14,0,de,6,fr,4,0.9709
15,0,de,6,fr,4,0.9609
16,0,de,6,fr,4,0.9606
17,0,de,6,fr,4,0.9721
18,0,de,6,fr,4,0.9614
19,0,de,6,fr,4,0.9658
20,0,de,6,fr,4,0.9787
21,0,de,6,fr,4,0.9624
22,0,de,6,fr,4,0.9578
23,0,de,6,fr,4,0.9663
24,0,de,6,fr,4,0.9785
4,1,de,6,fr,4,0.8005
5,1,de,6,fr,4,0.7762
6,1,de,6,fr,4,0.8224
7,1,de,6,fr,4,0.8127
8,1,de,6,fr,4,0.7953
9,1,de,6,fr,4,0.7577
10,1,de,6,fr,4,0.7893
11,1,de,6,fr,4,0.7535
12,1,de,6,fr,4,0.7619
13,1,de,6,fr,4,0.7602
14,1,de,6,fr,4,0.806
15,1,de,6,fr,4,0.7606
16,1,de,6,fr,4,0.7981
17,1,de,6,fr,4,0.8021
18,1,de,6,fr,4,0.8164
19,1,de,6,fr,4,0.8181
20,1,de,6,fr,4,0.7888
21,1,de,6,fr,4,0.8336
22,1,de,6,fr,4,0.8165
23,1,de,6,fr,4,0.7973
24,1,de,6,fr,4,0.8142
4,2,de,6,fr,4,0.6231
5,2,de,6,fr,4,0.6347
6,2,de,6,fr,4,0.6252
7,2,de,6,fr,4,0.6429
8,2,de,6,fr,4,0.6625
9,2,de,6,fr,4,0.6141
10,2,de,6,fr,4,0.6619
11,2,de,6,fr,4,0.5849
12,2,de,6,fr,4,0.6518
13,2,de,6,fr,4,0.6759
14,2,de,6,fr,4,0.6837
15,2,de,6,fr,4,0.6737
16,2,de,6,fr,4,0.6904
17,2,de,6,fr,4,0.6778
18,2,de,6,fr,4,0.7071
19,2,de,6,fr,4,0.7156
20,2,de,6,fr,4,0.6698
21,2,de,6,fr,4,0.7329
22,2,de,6,fr,4,0.742
23,2,de,6,fr,4,0.7009
24,2,de,6,fr,4,0.7072
4,3,de,6,fr,4,0.5655
5,3,de,6,fr,4,0.6148
6,3,de,6,fr,4,0.6118
7,3,de,6,fr,4,0.5977
8,3,de,6,fr,4,0.6198
9,3,de,6,fr,4,0.5566
10,3,de,6,fr,4,0.5985
11,3,de,6,fr,4,0.5767
12,3,de,6,fr,4,0.6175
13,3,de,6,fr,4,0.6346
14,3,de,6,fr,4,0.5894
15,3,de,6,fr,4,0.5913
16,3,de,6,fr,4,0.6397
17,3,de,6,fr,4,0.5811
18,3,de,6,fr,4,0.6194
19,3,de,6,fr,4,0.6714
20,3,de,6,fr,4,0.6231
21,3,de,6,fr,4,0.6519
22,3,de,6,fr,4,0.6136
23,3,de,6,fr,4,0.6292
24,3,de,6,fr,4,0.6666
4,4,de,6,fr,4,0.4988
5,4,de,6,fr,4,0.6085
6,4,de,6,fr,4,0.5701
7,4,de,6,fr,4,0.5883
8,4,de,6,fr,4,0.6266
9,4,de,6,fr,4,0.5941
10,4,de,6,fr,4,0.6257
11,4,de,6,fr,4,0.585
12,4,de,6,fr,4,0.6004
13,4,de,6,fr,4,0.5665
14,4,de,6,fr,4,0.578
15,4,de,6,fr,4,0.5528
16,4,de,6,fr,4,0.6156
17,4,de,6,fr,4,0.5769
18,4,de,6,fr,4,0.5977
19,4,de,6,fr,4,0.6055
20,4,de,6,fr,4,0.5907
21,4,de,6,fr,4,0.5956
22,4,de,6,fr,4,0.5928
23,4,de,6,fr,4,0.5732
24,4,de,6,fr,4,0.6328
4,5,de,6,fr,4,0.5754
5,5,de,6,fr,4,0.6214
6,5,de,6,fr,4,0.5722
7,5,de,6,fr,4,0.5962
8,5,de,6,fr,4,0.5987
9,5,de,6,fr,4,0.58
10,5,de,6,fr,4,0.6087
11,5,de,6,fr,4,0.6105
12,5,de,6,fr,4,0.6174
13,5,de,6,fr,4,0.5659
14,5,de,6,fr,4,0.5696
15,5,de,6,fr,4,0.5861
16,5,de,6,fr,4,0.6045
17,5,de,6,fr,4,0.6052
18,5,de,6,fr,4,0.5935
19,5,de,6,fr,4,0.5775
20,5,de,6,fr,4,0.5975
21,5,de,6,fr,4,0.5668
22,5,de,6,fr,4,0.6013
23,5,de,6,fr,4,0.568
24,5,de,6,fr,4,0.5991
4,6,de,6,fr,4,0.6005
5,6,de,6,fr,4,0.5504
6,6,de,6,fr,4,0.5572
7,6,de,6,fr,4,0.5402
8,6,de,6,fr,4,0.5298
9,6,de,6,fr,4,0.5253
10,6,de,6,fr,4,0.4992
11,6,de,6,fr,4,0.4691
12,6,de,6,fr,4,0.5274
13,6,de,6,fr,4,0.4475
14,6,de,6,fr,4,0.5091
15,6,de,6,fr,4,0.4842
16,6,de,6,fr,4,0.4467
17,6,de,6,fr,4,0.543
18,6,de,6,fr,4,0.462
19,6,de,6,fr,4,0.4266
20,6,de,6,fr,4,0.4934
21,6,de,6,fr,4,0.4881
22,6,de,6,fr,4,0.474
23,6,de,6,fr,4,0.4471
24,6,de,6,fr,4,0.4257
4,7,de,6,fr,4,0.6617
5,7,de,6,fr,4,0.6161
6,7,de,6,fr,4,0.6104
7,7,de,6,fr,4,0.587
8,7,de,6,fr,4,0.5586
9,7,de,6,fr,4,0.5773
10,7,de,6,fr,4,0.5378
11,7,de,6,fr,4,0.5208
12,7,de,6,fr,4,0.5006
13,7,de,6,fr,4,0.5034
14,7,de,6,fr,4,0.4917
15,7,de,6,fr,4,0.5045
16,7,de,6,fr,4,0.4696
17,7,de,6,fr,4,0.5473
18,7,de,6,fr,4,0.5287
19,7,de,6,fr,4,0.4765
20,7,de,6,fr,4,0.5174
21,7,de,6,fr,4,0.5056
22,7,de,6,fr,4,0.4937
23,7,de,6,fr,4,0.416
24,7,de,6,fr,4,0.4307
4,8,de,6,fr,4,0.6126
5,8,de,6,fr,4,0.6215
6,8,de,6,fr,4,0.6172
7,8,de,6,fr,4,0.6307
8,8,de,6,fr,4,0.6152
9,8,de,6,fr,4,0.615
10,8,de,6,fr,4,0.5662
11,8,de,6,fr,4,0.585
12,8,de,6,fr,4,0.5494
13,8,de,6,fr,4,0.579
14,8,de,6,fr,4,0.5562
15,8,de,6,fr,4,0.5639
16,8,de,6,fr,4,0.5576
17,8,de,6,fr,4,0.5861
18,8,de,6,fr,4,0.6022
19,8,de,6,fr,4,0.577
20,8,de,6,fr,4,0.6056
21,8,de,6,fr,4,0.5778
22,8,de,6,fr,4,0.5656
23,8,de,6,fr,4,0.5267
24,8,de,6,fr,4,0.5867
4,9,de,6,fr,4,0.5648
5,9,de,6,fr,4,0.6098
6,9,de,6,fr,4,0.6006
7,9,de,6,fr,4,0.6537
8,9,de,6,fr,4,0.6012
9,9,de,6,fr,4,0.6127
10,9,de,6,fr,4,0.586
11,9,de,6,fr,4,0.5928
12,9,de,6,fr,4,0.5591
13,9,de,6,fr,4,0.6119
14,9,de,6,fr,4,0.5536
15,9,de,6,fr,4,0.595
16,9,de,6,fr,4,0.5924
17,9,de,6,fr,4,0.5843
18,9,de,6,fr,4,0.629
19,9,de,6,fr,4,0.6059
20,9,de,6,fr,4,0.633
21,9,de,6,fr,4,0.5991
22,9,de,6,fr,4,0.5625
23,9,de,6,fr,4,0.5574
24,9,de,6,fr,4,0.6023
4,10,de,6,fr,4,0.5318
5,10,de,6,fr,4,0.5497
6,10,de,6,fr,4,0.5086
7,10,de,6,fr,4,0.5302
8,10,de,6,fr,4,0.5421
9,10,de,6,fr,4,0.5321
10,10,de,6,fr,4,0.5361
11,10,de,6,fr,4,0.5519
12,10,de,6,fr,4,0.556
13,10,de,6,fr,4,0.5725
14,10,de,6,fr,4,0.5487
15,10,de,6,fr,4,0.582
16,10,de,6,fr,4,0.5948
17,10,de,6,fr,4,0.5732
18,10,de,6,fr,4,0.5916
19,10,de,6,fr,4,0.5837
20,10,de,6,fr,4,0.6007
21,10,de,6,fr,4,0.5867
22,10,de,6,fr,4,0.5529
23,10,de,6,fr,4,0.5434
24,10,de,6,fr,4,0.551
4,11,de,6,fr,4,0.5275
5,11,de,6,fr,4,0.5324
6,11,de,6,fr,4,0.5195
7,11,de,6,fr,4,0.5683
8,11,de,6,fr,4,0.587
9,11,de,6,fr,4,0.5844
10,11,de,6,fr,4,0.5912
11,11,de,6,fr,4,0.5835
12,11,de,6,fr,4,0.5759
13,11,de,6,fr,4,0.5719
14,11,de,6,fr,4,0.5515
15,11,de,6,fr,4,0.5768
16,11,de,6,fr,4,0.5759
17,11,de,6,fr,4,0.5637
18,11,de,6,fr,4,0.5732
19,11,de,6,fr,4,0.5809
20,11,de,6,fr,4,0.5769
21,11,de,6,fr,4,0.5625
22,11,de,6,fr,4,0.5551
23,11,de,6,fr,4,0.5325
24,11,de,6,fr,4,0.5574
4,12,de,6,fr,4,0.4251
5,12,de,6,fr,4,0.4653
6,12,de,6,fr,4,0.464
7,12,de,6,fr,4,0.5046
8,12,de,6,fr,4,0.5218
9,12,de,6,fr,4,0.5278
10,12,de,6,fr,4,0.5156
11,12,de,6,fr,4,0.5178
12,12,de,6,fr,4,0.5233
13,12,de,6,fr,4,0.4934
14,12,de,6,fr,4,0.4897
15,12,de,6,fr,4,0.4655
16,12,de,6,fr,4,0.475
17,12,de,6,fr,4,0.4841
18,12,de,6,fr,4,0.4404
19,12,de,6,fr,4,0.5039
20,12,de,6,fr,4,0.4732
21,12,de,6,fr,4,0.4958
22,12,de,6,fr,4,0.4655
23,12,de,6,fr,4,0.4805
24,12,de,6,fr,4,0.4763
4,0,de,6,fr,6,0.9746
5,0,de,6,fr,6,0.9759
6,0,de,6,fr,6,0.9782
7,0,de,6,fr,6,0.9803
8,0,de,6,fr,6,0.9827
9,0,de,6,fr,6,0.9793
10,0,de,6,fr,6,0.9776
11,0,de,6,fr,6,0.9774
12,0,de,6,fr,6,0.9806
13,0,de,6,fr,6,0.9775
14,0,de,6,fr,6,0.9725
15,0,de,6,fr,6,0.9746
16,0,de,6,fr,6,0.9818
17,0,de,6,fr,6,0.9792
18,0,de,6,fr,6,0.975
19,0,de,6,fr,6,0.9751
20,0,de,6,fr,6,0.9838
21,0,de,6,fr,6,0.9781
22,0,de,6,fr,6,0.9837
23,0,de,6,fr,6,0.9595
24,0,de,6,fr,6,0.9837
4,1,de,6,fr,6,0.8091
5,1,de,6,fr,6,0.8006
6,1,de,6,fr,6,0.833
7,1,de,6,fr,6,0.8162
8,1,de,6,fr,6,0.797
9,1,de,6,fr,6,0.7658
10,1,de,6,fr,6,0.7917
11,1,de,6,fr,6,0.7766
12,1,de,6,fr,6,0.7617
13,1,de,6,fr,6,0.7622
14,1,de,6,fr,6,0.8118
15,1,de,6,fr,6,0.7764
16,1,de,6,fr,6,0.781
17,1,de,6,fr,6,0.8011
18,1,de,6,fr,6,0.8104
19,1,de,6,fr,6,0.8197
20,1,de,6,fr,6,0.7854
21,1,de,6,fr,6,0.8361
22,1,de,6,fr,6,0.8253
23,1,de,6,fr,6,0.807
24,1,de,6,fr,6,0.8057
4,2,de,6,fr,6,0.6269
5,2,de,6,fr,6,0.658
6,2,de,6,fr,6,0.6357
7,2,de,6,fr,6,0.6512
8,2,de,6,fr,6,0.6672
9,2,de,6,fr,6,0.6092
10,2,de,6,fr,6,0.6651
11,2,de,6,fr,6,0.6392
12,2,de,6,fr,6,0.6597
13,2,de,6,fr,6,0.677
14,2,de,6,fr,6,0.6882
15,2,de,6,fr,6,0.6681
16,2,de,6,fr,6,0.6604
17,2,de,6,fr,6,0.6604
18,2,de,6,fr,6,0.692
19,2,de,6,fr,6,0.7137
20,2,de,6,fr,6,0.7021
21,2,de,6,fr,6,0.6973
22,2,de,6,fr,6,0.7291
23,2,de,6,fr,6,0.7042
24,2,de,6,fr,6,0.702
4,3,de,6,fr,6,0.6182
5,3,de,6,fr,6,0.6339
6,3,de,6,fr,6,0.6317
7,3,de,6,fr,6,0.6342
8,3,de,6,fr,6,0.6743
9,3,de,6,fr,6,0.5857
10,3,de,6,fr,6,0.622
11,3,de,6,fr,6,0.6362
12,3,de,6,fr,6,0.6452
13,3,de,6,fr,6,0.6267
14,3,de,6,fr,6,0.6246
15,3,de,6,fr,6,0.6006
16,3,de,6,fr,6,0.6345
17,3,de,6,fr,6,0.6156
18,3,de,6,fr,6,0.63
19,3,de,6,fr,6,0.6769
20,3,de,6,fr,6,0.655
21,3,de,6,fr,6,0.6435
22,3,de,6,fr,6,0.6648
23,3,de,6,fr,6,0.6393
24,3,de,6,fr,6,0.6733
4,4,de,6,fr,6,0.5736
5,4,de,6,fr,6,0.6071
6,4,de,6,fr,6,0.5864
7,4,de,6,fr,6,0.618
8,4,de,6,fr,6,0.6657
9,4,de,6,fr,6,0.5983
10,4,de,6,fr,6,0.6056
11,4,de,6,fr,6,0.6124
12,4,de,6,fr,6,0.617
13,4,de,6,fr,6,0.5561
14,4,de,6,fr,6,0.5832
15,4,de,6,fr,6,0.5553
16,4,de,6,fr,6,0.5898
17,4,de,6,fr,6,0.5644
18,4,de,6,fr,6,0.5803
19,4,de,6,fr,6,0.6004
20,4,de,6,fr,6,0.5817
21,4,de,6,fr,6,0.566
22,4,de,6,fr,6,0.6249
23,4,de,6,fr,6,0.5792
24,4,de,6,fr,6,0.6211
4,5,de,6,fr,6,0.5579
5,5,de,6,fr,6,0.6187
6,5,de,6,fr,6,0.6005
7,5,de,6,fr,6,0.6437
8,5,de,6,fr,6,0.651
9,5,de,6,fr,6,0.6066
10,5,de,6,fr,6,0.621
11,5,de,6,fr,6,0.6189
12,5,de,6,fr,6,0.63
13,5,de,6,fr,6,0.5762
14,5,de,6,fr,6,0.577
15,5,de,6,fr,6,0.5864
16,5,de,6,fr,6,0.588
17,5,de,6,fr,6,0.5942
18,5,de,6,fr,6,0.5794
19,5,de,6,fr,6,0.5885
20,5,de,6,fr,6,0.5909
21,5,de,6,fr,6,0.5415
22,5,de,6,fr,6,0.6041
23,5,de,6,fr,6,0.5703
24,5,de,6,fr,6,0.6078
4,6,de,6,fr,6,0.6169
5,6,de,6,fr,6,0.6104
6,6,de,6,fr,6,0.6016
7,6,de,6,fr,6,0.6266
8,6,de,6,fr,6,0.6456
9,6,de,6,fr,6,0.59
10,6,de,6,fr,6,0.5933
11,6,de,6,fr,6,0.6013
12,6,de,6,fr,6,0.5704
13,6,de,6,fr,6,0.5114
14,6,de,6,fr,6,0.5186
15,6,de,6,fr,6,0.4764
16,6,de,6,fr,6,0.5527
17,6,de,6,fr,6,0.5509
18,6,de,6,fr,6,0.5123
19,6,de,6,fr,6,0.4656
20,6,de,6,fr,6,0.4955
21,6,de,6,fr,6,0.532
22,6,de,6,fr,6,0.5164
23,6,de,6,fr,6,0.4699
24,6,de,6,fr,6,0.4812
4,7,de,6,fr,6,0.6907
5,7,de,6,fr,6,0.6094
6,7,de,6,fr,6,0.6107
7,7,de,6,fr,6,0.5916
8,7,de,6,fr,6,0.6297
9,7,de,6,fr,6,0.5738
10,7,de,6,fr,6,0.5844
11,7,de,6,fr,6,0.5661
12,7,de,6,fr,6,0.5422
13,7,de,6,fr,6,0.505
14,7,de,6,fr,6,0.5329
15,7,de,6,fr,6,0.5366
16,7,de,6,fr,6,0.5551
17,7,de,6,fr,6,0.5854
18,7,de,6,fr,6,0.5243
19,7,de,6,fr,6,0.4851
20,7,de,6,fr,6,0.5134
21,7,de,6,fr,6,0.53
22,7,de,6,fr,6,0.4965
23,7,de,6,fr,6,0.4848
24,7,de,6,fr,6,0.5077
4,8,de,6,fr,6,0.6742
5,8,de,6,fr,6,0.5866
6,8,de,6,fr,6,0.5956
7,8,de,6,fr,6,0.5855
8,8,de,6,fr,6,0.6027
9,8,de,6,fr,6,0.5593
10,8,de,6,fr,6,0.5594
11,8,de,6,fr,6,0.5471
12,8,de,6,fr,6,0.4936
13,8,de,6,fr,6,0.5288
14,8,de,6,fr,6,0.5428
15,8,de,6,fr,6,0.5446
16,8,de,6,fr,6,0.5404
17,8,de,6,fr,6,0.5548
18,8,de,6,fr,6,0.5117
19,8,de,6,fr,6,0.5092
20,8,de,6,fr,6,0.5081
21,8,de,6,fr,6,0.5312
22,8,de,6,fr,6,0.4887
23,8,de,6,fr,6,0.4892
24,8,de,6,fr,6,0.5537
4,9,de,6,fr,6,0.6384
5,9,de,6,fr,6,0.5998
6,9,de,6,fr,6,0.5963
7,9,de,6,fr,6,0.6059
8,9,de,6,fr,6,0.6129
9,9,de,6,fr,6,0.5823
10,9,de,6,fr,6,0.5905
11,9,de,6,fr,6,0.572
12,9,de,6,fr,6,0.5533
13,9,de,6,fr,6,0.5686
14,9,de,6,fr,6,0.5717
15,9,de,6,fr,6,0.5531
16,9,de,6,fr,6,0.5885
17,9,de,6,fr,6,0.5598
18,9,de,6,fr,6,0.5298
19,9,de,6,fr,6,0.5453
20,9,de,6,fr,6,0.5515
21,9,de,6,fr,6,0.5738
22,9,de,6,fr,6,0.5547
23,9,de,6,fr,6,0.5463
24,9,de,6,fr,6,0.5878
4,10,de,6,fr,6,0.6157
5,10,de,6,fr,6,0.5891
6,10,de,6,fr,6,0.5428
7,10,de,6,fr,6,0.5372
8,10,de,6,fr,6,0.559
9,10,de,6,fr,6,0.5442
10,10,de,6,fr,6,0.5495
11,10,de,6,fr,6,0.5343
12,10,de,6,fr,6,0.5394
13,10,de,6,fr,6,0.5657
14,10,de,6,fr,6,0.5493
15,10,de,6,fr,6,0.5535
16,10,de,6,fr,6,0.575
17,10,de,6,fr,6,0.5559
18,10,de,6,fr,6,0.5405
19,10,de,6,fr,6,0.5414
20,10,de,6,fr,6,0.5438
21,10,de,6,fr,6,0.5685
22,10,de,6,fr,6,0.5615
23,10,de,6,fr,6,0.5316
24,10,de,6,fr,6,0.5407
4,11,de,6,fr,6,0.5503
5,11,de,6,fr,6,0.5251
6,11,de,6,fr,6,0.5259
7,11,de,6,fr,6,0.5812
8,11,de,6,fr,6,0.5754
9,11,de,6,fr,6,0.5963
10,11,de,6,fr,6,0.5912
11,11,de,6,fr,6,0.5872
12,11,de,6,fr,6,0.567
13,11,de,6,fr,6,0.5628
14,11,de,6,fr,6,0.569
15,11,de,6,fr,6,0.5556
16,11,de,6,fr,6,0.56
17,11,de,6,fr,6,0.5712
18,11,de,6,fr,6,0.5651
19,11,de,6,fr,6,0.5679
20,11,de,6,fr,6,0.5611
21,11,de,6,fr,6,0.5775
22,11,de,6,fr,6,0.571
23,11,de,6,fr,6,0.5445
24,11,de,6,fr,6,0.5691
4,12,de,6,fr,6,0.4475
5,12,de,6,fr,6,0.4717
6,12,de,6,fr,6,0.4607
7,12,de,6,fr,6,0.4745
8,12,de,6,fr,6,0.4858
9,12,de,6,fr,6,0.5115
10,12,de,6,fr,6,0.4874
11,12,de,6,fr,6,0.4683
12,12,de,6,fr,6,0.4864
13,12,de,6,fr,6,0.4737
14,12,de,6,fr,6,0.4804
15,12,de,6,fr,6,0.4203
16,12,de,6,fr,6,0.4515
17,12,de,6,fr,6,0.5145
18,12,de,6,fr,6,0.4678
19,12,de,6,fr,6,0.4835
20,12,de,6,fr,6,0.4629
21,12,de,6,fr,6,0.5169
22,12,de,6,fr,6,0.4798
23,12,de,6,fr,6,0.5053
24,12,de,6,fr,6,0.4854
4,0,fr,4,fr,6,0.9831
5,0,fr,4,fr,6,0.9799
6,0,fr,4,fr,6,0.9807
7,0,fr,4,fr,6,0.9839
8,0,fr,4,fr,6,0.9745
9,0,fr,4,fr,6,0.969
10,0,fr,4,fr,6,0.9788
11,0,fr,4,fr,6,0.976
12,0,fr,4,fr,6,0.9659
13,0,fr,4,fr,6,0.9718
14,0,fr,4,fr,6,0.9594
15,0,fr,4,fr,6,0.9762
16,0,fr,4,fr,6,0.963
17,0,fr,4,fr,6,0.9737
18,0,fr,4,fr,6,0.9524
19,0,fr,4,fr,6,0.9745
20,0,fr,4,fr,6,0.9833
21,0,fr,4,fr,6,0.9549
22,0,fr,4,fr,6,0.9521
23,0,fr,4,fr,6,0.968
24,0,fr,4,fr,6,0.9752
4,1,fr,4,fr,6,0.9563
5,1,fr,4,fr,6,0.9558
6,1,fr,4,fr,6,0.9609
7,1,fr,4,fr,6,0.9549
8,1,fr,4,fr,6,0.9549
9,1,fr,4,fr,6,0.9457
10,1,fr,4,fr,6,0.953
11,1,fr,4,fr,6,0.949
12,1,fr,4,fr,6,0.9461
13,1,fr,4,fr,6,0.9433
14,1,fr,4,fr,6,0.9562
15,1,fr,4,fr,6,0.9562
16,1,fr,4,fr,6,0.9464
17,1,fr,4,fr,6,0.9637
18,1,fr,4,fr,6,0.9603
19,1,fr,4,fr,6,0.9597
20,1,fr,4,fr,6,0.9604
21,1,fr,4,fr,6,0.9611
22,1,fr,4,fr,6,0.9647
23,1,fr,4,fr,6,0.9586
24,1,fr,4,fr,6,0.9572
4,2,fr,4,fr,6,0.9166
5,2,fr,4,fr,6,0.9192
6,2,fr,4,fr,6,0.9176
7,2,fr,4,fr,6,0.9233
8,2,fr,4,fr,6,0.9259
9,2,fr,4,fr,6,0.9172
10,2,fr,4,fr,6,0.9207
11,2,fr,4,fr,6,0.9058
12,2,fr,4,fr,6,0.9239
13,2,fr,4,fr,6,0.909
14,2,fr,4,fr,6,0.9129
15,2,fr,4,fr,6,0.9189
16,2,fr,4,fr,6,0.9214
17,2,fr,4,fr,6,0.9309
18,2,fr,4,fr,6,0.9277
19,2,fr,4,fr,6,0.9273
20,2,fr,4,fr,6,0.9265
21,2,fr,4,fr,6,0.9131
22,2,fr,4,fr,6,0.9229
23,2,fr,4,fr,6,0.936
24,2,fr,4,fr,6,0.9241
4,3,fr,4,fr,6,0.8836
5,3,fr,4,fr,6,0.8937
6,3,fr,4,fr,6,0.8835
7,3,fr,4,fr,6,0.8759
8,3,fr,4,fr,6,0.8969
9,3,fr,4,fr,6,0.8941
10,3,fr,4,fr,6,0.9008
11,3,fr,4,fr,6,0.8889
12,3,fr,4,fr,6,0.9074
13,3,fr,4,fr,6,0.9068
14,3,fr,4,fr,6,0.8967
15,3,fr,4,fr,6,0.9169
16,3,fr,4,fr,6,0.9116
17,3,fr,4,fr,6,0.8916
18,3,fr,4,fr,6,0.9029
19,3,fr,4,fr,6,0.9069
20,3,fr,4,fr,6,0.9171
21,3,fr,4,fr,6,0.8973
22,3,fr,4,fr,6,0.8966
23,3,fr,4,fr,6,0.907
24,3,fr,4,fr,6,0.9056
4,4,fr,4,fr,6,0.7622
5,4,fr,4,fr,6,0.8546
6,4,fr,4,fr,6,0.8397
7,4,fr,4,fr,6,0.8644
8,4,fr,4,fr,6,0.8844
9,4,fr,4,fr,6,0.875
10,4,fr,4,fr,6,0.8818
11,4,fr,4,fr,6,0.8858
12,4,fr,4,fr,6,0.8795
13,4,fr,4,fr,6,0.8836
14,4,fr,4,fr,6,0.8775
15,4,fr,4,fr,6,0.8865
16,4,fr,4,fr,6,0.8765
17,4,fr,4,fr,6,0.8746
18,4,fr,4,fr,6,0.8934
19,4,fr,4,fr,6,0.8961
20,4,fr,4,fr,6,0.8882
21,4,fr,4,fr,6,0.8792
22,4,fr,4,fr,6,0.8888
23,4,fr,4,fr,6,0.8979
24,4,fr,4,fr,6,0.8976
4,5,fr,4,fr,6,0.7457
5,5,fr,4,fr,6,0.8206
6,5,fr,4,fr,6,0.8103
7,5,fr,4,fr,6,0.8351
8,5,fr,4,fr,6,0.8382
9,5,fr,4,fr,6,0.8292
10,5,fr,4,fr,6,0.8395
11,5,fr,4,fr,6,0.8381
12,5,fr,4,fr,6,0.8539
13,5,fr,4,fr,6,0.8327
14,5,fr,4,fr,6,0.8358
15,5,fr,4,fr,6,0.8345
16,5,fr,4,fr,6,0.842
17,5,fr,4,fr,6,0.8309
18,5,fr,4,fr,6,0.8464
19,5,fr,4,fr,6,0.8571
20,5,fr,4,fr,6,0.8538
21,5,fr,4,fr,6,0.8495
22,5,fr,4,fr,6,0.8481
23,5,fr,4,fr,6,0.8685
24,5,fr,4,fr,6,0.8516
4,6,fr,4,fr,6,0.7081
5,6,fr,4,fr,6,0.6921
6,6,fr,4,fr,6,0.7153
7,6,fr,4,fr,6,0.6962
8,6,fr,4,fr,6,0.7462
9,6,fr,4,fr,6,0.7253
10,6,fr,4,fr,6,0.7241
11,6,fr,4,fr,6,0.6647
12,6,fr,4,fr,6,0.7462
13,6,fr,4,fr,6,0.6485
14,6,fr,4,fr,6,0.7594
15,6,fr,4,fr,6,0.6884
16,6,fr,4,fr,6,0.6858
17,6,fr,4,fr,6,0.7156
18,6,fr,4,fr,6,0.6801
19,6,fr,4,fr,6,0.6984
20,6,fr,4,fr,6,0.7182
21,6,fr,4,fr,6,0.7666
22,6,fr,4,fr,6,0.7429
23,6,fr,4,fr,6,0.7762
24,6,fr,4,fr,6,0.7509
4,7,fr,4,fr,6,0.764
5,7,fr,4,fr,6,0.7125
6,7,fr,4,fr,6,0.7517
7,7,fr,4,fr,6,0.7184
8,7,fr,4,fr,6,0.7506
9,7,fr,4,fr,6,0.7466
10,7,fr,4,fr,6,0.7563
11,7,fr,4,fr,6,0.7262
12,7,fr,4,fr,6,0.7702
13,7,fr,4,fr,6,0.6924
14,7,fr,4,fr,6,0.7683
15,7,fr,4,fr,6,0.6934
16,7,fr,4,fr,6,0.7097
17,7,fr,4,fr,6,0.7437
18,7,fr,4,fr,6,0.7267
19,7,fr,4,fr,6,0.7479
20,7,fr,4,fr,6,0.7501
21,7,fr,4,fr,6,0.7648
22,7,fr,4,fr,6,0.7509
23,7,fr,4,fr,6,0.7661
24,7,fr,4,fr,6,0.7649
4,8,fr,4,fr,6,0.774
5,8,fr,4,fr,6,0.7621
6,8,fr,4,fr,6,0.7665
7,8,fr,4,fr,6,0.7359
8,8,fr,4,fr,6,0.762
9,8,fr,4,fr,6,0.7782
10,8,fr,4,fr,6,0.7845
11,8,fr,4,fr,6,0.776
12,8,fr,4,fr,6,0.7886
13,8,fr,4,fr,6,0.7635
14,8,fr,4,fr,6,0.8017
15,8,fr,4,fr,6,0.7651
16,8,fr,4,fr,6,0.7773
17,8,fr,4,fr,6,0.8085
18,8,fr,4,fr,6,0.7819
19,8,fr,4,fr,6,0.7829
20,8,fr,4,fr,6,0.7654
21,8,fr,4,fr,6,0.797
22,8,fr,4,fr,6,0.7741
23,8,fr,4,fr,6,0.7995
24,8,fr,4,fr,6,0.8005
4,9,fr,4,fr,6,0.76
5,9,fr,4,fr,6,0.7848
6,9,fr,4,fr,6,0.7983
7,9,fr,4,fr,6,0.7543
8,9,fr,4,fr,6,0.7674
9,9,fr,4,fr,6,0.7856
10,9,fr,4,fr,6,0.808
11,9,fr,4,fr,6,0.7839
12,9,fr,4,fr,6,0.7843
13,9,fr,4,fr,6,0.7899
14,9,fr,4,fr,6,0.793
15,9,fr,4,fr,6,0.8076
16,9,fr,4,fr,6,0.7974
17,9,fr,4,fr,6,0.8034
18,9,fr,4,fr,6,0.817
19,9,fr,4,fr,6,0.8011
20,9,fr,4,fr,6,0.812
21,9,fr,4,fr,6,0.8228
22,9,fr,4,fr,6,0.8074
23,9,fr,4,fr,6,0.8062
24,9,fr,4,fr,6,0.7959
4,10,fr,4,fr,6,0.7642
5,10,fr,4,fr,6,0.7954
6,10,fr,4,fr,6,0.8214
7,10,fr,4,fr,6,0.7929
8,10,fr,4,fr,6,0.8089
9,10,fr,4,fr,6,0.8182
10,10,fr,4,fr,6,0.8349
11,10,fr,4,fr,6,0.8232
12,10,fr,4,fr,6,0.8273
13,10,fr,4,fr,6,0.8186
14,10,fr,4,fr,6,0.8246
15,10,fr,4,fr,6,0.8275
16,10,fr,4,fr,6,0.8191
17,10,fr,4,fr,6,0.8335
18,10,fr,4,fr,6,0.8373
19,10,fr,4,fr,6,0.8209
20,10,fr,4,fr,6,0.8328
21,10,fr,4,fr,6,0.8271
22,10,fr,4,fr,6,0.8301
23,10,fr,4,fr,6,0.8317
24,10,fr,4,fr,6,0.8131
4,11,fr,4,fr,6,0.8195
5,11,fr,4,fr,6,0.8003
6,11,fr,4,fr,6,0.8279
7,11,fr,4,fr,6,0.8287
8,11,fr,4,fr,6,0.8499
9,11,fr,4,fr,6,0.8442
10,11,fr,4,fr,6,0.8516
11,11,fr,4,fr,6,0.8605
12,11,fr,4,fr,6,0.8706
13,11,fr,4,fr,6,0.8541
14,11,fr,4,fr,6,0.8647
15,11,fr,4,fr,6,0.8697
16,11,fr,4,fr,6,0.856
17,11,fr,4,fr,6,0.8558
18,11,fr,4,fr,6,0.8331
19,11,fr,4,fr,6,0.8556
20,11,fr,4,fr,6,0.8584
21,11,fr,4,fr,6,0.8606
22,11,fr,4,fr,6,0.8658
23,11,fr,4,fr,6,0.8447
24,11,fr,4,fr,6,0.8431
4,12,fr,4,fr,6,0.7679
5,12,fr,4,fr,6,0.7776
6,12,fr,4,fr,6,0.7805
7,12,fr,4,fr,6,0.769
8,12,fr,4,fr,6,0.7988
9,12,fr,4,fr,6,0.7966
10,12,fr,4,fr,6,0.7925
11,12,fr,4,fr,6,0.7973
12,12,fr,4,fr,6,0.8306
13,12,fr,4,fr,6,0.7991
14,12,fr,4,fr,6,0.8237
15,12,fr,4,fr,6,0.8174
16,12,fr,4,fr,6,0.808
17,12,fr,4,fr,6,0.8138
18,12,fr,4,fr,6,0.8072
19,12,fr,4,fr,6,0.8437
20,12,fr,4,fr,6,0.8183
21,12,fr,4,fr,6,0.8299
22,12,fr,4,fr,6,0.8502
23,12,fr,4,fr,6,0.8344
24,12,fr,4,fr,6,0.8376
4,0,de2fr,2,de,4,0.9822
4,0,de2fr,2,de,6,0.9766
4,0,de2fr,2,fr,4,0.9812
4,0,de2fr,2,fr,6,0.9655
4,0,de2fr,3,de,4,0.9721
4,0,de2fr,3,de,6,0.9796
4,0,de2fr,3,fr,4,0.9605
4,0,de2fr,3,fr,6,0.953
4,0,de2fr,6,de,4,0.981
4,0,de2fr,6,de,6,0.9758
4,0,de2fr,6,fr,4,0.9782
4,0,de2fr,6,fr,6,0.9589
4,0,de2fr,7,de,4,0.9837
4,0,de2fr,7,de,6,0.9857
4,0,de2fr,7,fr,4,0.9723
4,0,de2fr,7,fr,6,0.9653
4,0,de2fr,8,de,4,0.9865
4,0,de2fr,8,de,6,0.9828
4,0,de2fr,8,fr,4,0.978
4,0,de2fr,8,fr,6,0.9647
4,0,en2fr,2,de,4,0.9764
4,0,en2fr,2,de,6,0.9735
4,0,en2fr,2,fr,4,0.9628
4,0,en2fr,2,fr,6,0.9698
4,0,en2fr,3,de,4,0.9822
4,0,en2fr,3,de,6,0.9777
4,0,en2fr,3,fr,4,0.9748
4,0,en2fr,3,fr,6,0.9676
4,0,en2fr,6,de,4,0.9795
4,0,en2fr,6,de,6,0.9779
4,0,en2fr,6,fr,4,0.9702
4,0,en2fr,6,fr,6,0.9706
4,0,en2fr,7,de,4,0.9813
4,0,en2fr,7,de,6,0.9718
4,0,en2fr,7,fr,4,0.9754
4,0,en2fr,7,fr,6,0.9642
4,0,en2fr,8,de,4,0.9813
4,0,en2fr,8,de,6,0.9781
4,0,en2fr,8,fr,4,0.9661
4,0,en2fr,8,fr,6,0.9656
4,0,en2fr,9,de,4,0.9837
4,0,en2fr,9,de,6,0.9771
4,0,en2fr,9,fr,4,0.979
4,0,en2fr,9,fr,6,0.9707
4,0,en2fr,0,de,4,0.9832
4,0,en2fr,0,de,6,0.9798
4,0,en2fr,0,fr,4,0.9744
4,0,en2fr,0,fr,6,0.9729
5,0,de2fr,2,de,4,0.985
5,0,de2fr,2,de,6,0.9784
5,0,de2fr,2,fr,4,0.9854
5,0,de2fr,2,fr,6,0.9719
5,0,de2fr,3,de,4,0.9798
5,0,de2fr,3,de,6,0.9826
5,0,de2fr,3,fr,4,0.967
5,0,de2fr,3,fr,6,0.975
5,0,de2fr,6,de,4,0.9842
5,0,de2fr,6,de,6,0.9798
5,0,de2fr,6,fr,4,0.9823
5,0,de2fr,6,fr,6,0.9693
5,0,de2fr,7,de,4,0.9823
5,0,de2fr,7,de,6,0.9837
5,0,de2fr,7,fr,4,0.9722
5,0,de2fr,7,fr,6,0.9805
5,0,de2fr,8,de,4,0.9857
5,0,de2fr,8,de,6,0.9799
5,0,de2fr,8,fr,4,0.9845
5,0,de2fr,8,fr,6,0.9708
5,0,en2fr,2,de,4,0.9773
5,0,en2fr,2,de,6,0.9647
5,0,en2fr,2,fr,4,0.9753
5,0,en2fr,2,fr,6,0.9749
5,0,en2fr,3,de,4,0.9856
5,0,en2fr,3,de,6,0.9769
5,0,en2fr,3,fr,4,0.9854
5,0,en2fr,3,fr,6,0.974
5,0,en2fr,6,de,4,0.9837
5,0,en2fr,6,de,6,0.973
5,0,en2fr,6,fr,4,0.9765
5,0,en2fr,6,fr,6,0.9831
5,0,en2fr,7,de,4,0.9854
5,0,en2fr,7,de,6,0.9748
5,0,en2fr,7,fr,4,0.9865
5,0,en2fr,7,fr,6,0.9793
5,0,en2fr,8,de,4,0.9874
5,0,en2fr,8,de,6,0.9806
5,0,en2fr,8,fr,4,0.9835
5,0,en2fr,8,fr,6,0.9823
5,0,en2fr,9,de,4,0.9866
5,0,en2fr,9,de,6,0.9765
5,0,en2fr,9,fr,4,0.9876
5,0,en2fr,9,fr,6,0.9783
5,0,en2fr,0,de,4,0.9859
5,0,en2fr,0,de,6,0.9765
5,0,en2fr,0,fr,4,0.9846
5,0,en2fr,0,fr,6,0.9763
6,0,de2fr,2,de,4,0.9703
6,0,de2fr,2,de,6,0.9701
6,0,de2fr,2,fr,4,0.9808
6,0,de2fr,2,fr,6,0.958
6,0,de2fr,3,de,4,0.9748
6,0,de2fr,3,de,6,0.9756
6,0,de2fr,3,fr,4,0.9755
6,0,de2fr,3,fr,6,0.9777
6,0,de2fr,6,de,4,0.9716
6,0,de2fr,6,de,6,0.9718
6,0,de2fr,6,fr,4,0.9801
6,0,de2fr,6,fr,6,0.9689
6,0,de2fr,7,de,4,0.9796
6,0,de2fr,7,de,6,0.9826
6,0,de2fr,7,fr,4,0.9763
6,0,de2fr,7,fr,6,0.9708
6,0,de2fr,8,de,4,0.9714
6,0,de2fr,8,de,6,0.9716
6,0,de2fr,8,fr,4,0.9783
6,0,de2fr,8,fr,6,0.9586
6,0,en2fr,2,de,4,0.9762
6,0,en2fr,2,de,6,0.974
6,0,en2fr,2,fr,4,0.9777
6,0,en2fr,2,fr,6,0.9674
6,0,en2fr,3,de,4,0.9766
6,0,en2fr,3,de,6,0.9738
6,0,en2fr,3,fr,4,0.9845
6,0,en2fr,3,fr,6,0.969
6,0,en2fr,6,de,4,0.9833
6,0,en2fr,6,de,6,0.9795
6,0,en2fr,6,fr,4,0.987
6,0,en2fr,6,fr,6,0.9805
6,0,en2fr,7,de,4,0.9799
6,0,en2fr,7,de,6,0.9763
6,0,en2fr,7,fr,4,0.9846
6,0,en2fr,7,fr,6,0.9673
6,0,en2fr,8,de,4,0.981
6,0,en2fr,8,de,6,0.9798
6,0,en2fr,8,fr,4,0.987
6,0,en2fr,8,fr,6,0.9782
6,0,en2fr,9,de,4,0.9731
6,0,en2fr,9,de,6,0.9724
6,0,en2fr,9,fr,4,0.9822
6,0,en2fr,9,fr,6,0.9603
6,0,en2fr,0,de,4,0.98
6,0,en2fr,0,de,6,0.9784
6,0,en2fr,0,fr,4,0.985
6,0,en2fr,0,fr,6,0.9682
7,0,de2fr,2,de,4,0.9817
7,0,de2fr,2,de,6,0.9512
7,0,de2fr,2,fr,4,0.9716
7,0,de2fr,2,fr,6,0.9589
7,0,de2fr,3,de,4,0.9759
7,0,de2fr,3,de,6,0.9729
7,0,de2fr,3,fr,4,0.9729
7,0,de2fr,3,fr,6,0.9696
7,0,de2fr,6,de,4,0.9811
7,0,de2fr,6,de,6,0.9669
7,0,de2fr,6,fr,4,0.9803
7,0,de2fr,6,fr,6,0.9731
7,0,de2fr,7,de,4,0.9814
7,0,de2fr,7,de,6,0.958
7,0,de2fr,7,fr,4,0.9692
7,0,de2fr,7,fr,6,0.9636
7,0,de2fr,8,de,4,0.9824
7,0,de2fr,8,de,6,0.9574
7,0,de2fr,8,fr,4,0.9714
7,0,de2fr,8,fr,6,0.9605
7,0,en2fr,2,de,4,0.9709
7,0,en2fr,2,de,6,0.9376
7,0,en2fr,2,fr,4,0.9615
7,0,en2fr,2,fr,6,0.9501
7,0,en2fr,3,de,4,0.9818
7,0,en2fr,3,de,6,0.9474
7,0,en2fr,3,fr,4,0.9698
7,0,en2fr,3,fr,6,0.9565
7,0,en2fr,6,de,4,0.986
7,0,en2fr,6,de,6,0.9661
7,0,en2fr,6,fr,4,0.9848
7,0,en2fr,6,fr,6,0.9788
7,0,en2fr,7,de,4,0.9828
7,0,en2fr,7,de,6,0.9523
7,0,en2fr,7,fr,4,0.9753
7,0,en2fr,7,fr,6,0.9611
7,0,en2fr,8,de,4,0.9825
7,0,en2fr,8,de,6,0.9524
7,0,en2fr,8,fr,4,0.9767
7,0,en2fr,8,fr,6,0.9638
7,0,en2fr,9,de,4,0.9821
7,0,en2fr,9,de,6,0.9482
7,0,en2fr,9,fr,4,0.9761
7,0,en2fr,9,fr,6,0.9605
7,0,en2fr,0,de,4,0.9866
7,0,en2fr,0,de,6,0.9609
7,0,en2fr,0,fr,4,0.9794
7,0,en2fr,0,fr,6,0.967
8,0,de2fr,2,de,4,0.9727
8,0,de2fr,2,de,6,0.9589
8,0,de2fr,2,fr,4,0.9854
8,0,de2fr,2,fr,6,0.9578
8,0,de2fr,3,de,4,0.9582
8,0,de2fr,3,de,6,0.9778
8,0,de2fr,3,fr,4,0.9762
8,0,de2fr,3,fr,6,0.9789
8,0,de2fr,6,de,4,0.9681
8,0,de2fr,6,de,6,0.97
8,0,de2fr,6,fr,4,0.9825
8,0,de2fr,6,fr,6,0.9689
8,0,de2fr,7,de,4,0.9735
8,0,de2fr,7,de,6,0.9727
8,0,de2fr,7,fr,4,0.979
8,0,de2fr,7,fr,6,0.9656
8,0,de2fr,8,de,4,0.9665
8,0,de2fr,8,de,6,0.9557
8,0,de2fr,8,fr,4,0.9787
8,0,de2fr,8,fr,6,0.9489
8,0,en2fr,2,de,4,0.9766
8,0,en2fr,2,de,6,0.9637
8,0,en2fr,2,fr,4,0.982
8,0,en2fr,2,fr,6,0.9624
8,0,en2fr,3,de,4,0.9673
8,0,en2fr,3,de,6,0.9667
8,0,en2fr,3,fr,4,0.9842
8,0,en2fr,3,fr,6,0.9661
8,0,en2fr,6,de,4,0.9829
8,0,en2fr,6,de,6,0.9693
8,0,en2fr,6,fr,4,0.9863
8,0,en2fr,6,fr,6,0.9715
8,0,en2fr,7,de,4,0.9788
8,0,en2fr,7,de,6,0.9714
8,0,en2fr,7,fr,4,0.9885
8,0,en2fr,7,fr,6,0.9688
8,0,en2fr,8,de,4,0.9763
8,0,en2fr,8,de,6,0.9617
8,0,en2fr,8,fr,4,0.9839
8,0,en2fr,8,fr,6,0.9618
8,0,en2fr,9,de,4,0.9776
8,0,en2fr,9,de,6,0.9626
8,0,en2fr,9,fr,4,0.9854
8,0,en2fr,9,fr,6,0.9619
8,0,en2fr,0,de,4,0.9767
8,0,en2fr,0,de,6,0.9817
8,0,en2fr,0,fr,4,0.9859
8,0,en2fr,0,fr,6,0.9803
9,0,de2fr,2,de,4,0.9721
9,0,de2fr,2,de,6,0.9481
9,0,de2fr,2,fr,4,0.9804
9,0,de2fr,2,fr,6,0.9378
9,0,de2fr,3,de,4,0.9756
9,0,de2fr,3,de,6,0.972
9,0,de2fr,3,fr,4,0.9749
9,0,de2fr,3,fr,6,0.9815
9,0,de2fr,6,de,4,0.977
9,0,de2fr,6,de,6,0.9619
9,0,de2fr,6,fr,4,0.9847
9,0,de2fr,6,fr,6,0.9529
9,0,de2fr,7,de,4,0.9759
9,0,de2fr,7,de,6,0.9767
9,0,de2fr,7,fr,4,0.9788
9,0,de2fr,7,fr,6,0.9711
9,0,de2fr,8,de,4,0.9736
9,0,de2fr,8,de,6,0.9553
9,0,de2fr,8,fr,4,0.9799
9,0,de2fr,8,fr,6,0.947
9,0,en2fr,2,de,4,0.9758
9,0,en2fr,2,de,6,0.9598
9,0,en2fr,2,fr,4,0.9744
9,0,en2fr,2,fr,6,0.9619
9,0,en2fr,3,de,4,0.9749
9,0,en2fr,3,de,6,0.9604
9,0,en2fr,3,fr,4,0.9845
9,0,en2fr,3,fr,6,0.9542
9,0,en2fr,6,de,4,0.9797
9,0,en2fr,6,de,6,0.9619
9,0,en2fr,6,fr,4,0.9859
9,0,en2fr,6,fr,6,0.964
9,0,en2fr,7,de,4,0.9787
9,0,en2fr,7,de,6,0.9694
9,0,en2fr,7,fr,4,0.9858
9,0,en2fr,7,fr,6,0.9682
9,0,en2fr,8,de,4,0.9801
9,0,en2fr,8,de,6,0.9704
9,0,en2fr,8,fr,4,0.9866
9,0,en2fr,8,fr,6,0.9662
9,0,en2fr,9,de,4,0.9777
9,0,en2fr,9,de,6,0.9569
9,0,en2fr,9,fr,4,0.9875
9,0,en2fr,9,fr,6,0.948
9,0,en2fr,0,de,4,0.9825
9,0,en2fr,0,de,6,0.9649
9,0,en2fr,0,fr,4,0.9873
9,0,en2fr,0,fr,6,0.9564
10,0,de2fr,2,de,4,0.9691
10,0,de2fr,2,de,6,0.9533
10,0,de2fr,2,fr,4,0.9751
10,0,de2fr,2,fr,6,0.9632
10,0,de2fr,3,de,4,0.9767
10,0,de2fr,3,de,6,0.9687
10,0,de2fr,3,fr,4,0.9666
10,0,de2fr,3,fr,6,0.9868
10,0,de2fr,6,de,4,0.9836
10,0,de2fr,6,de,6,0.9728
10,0,de2fr,6,fr,4,0.9813
10,0,de2fr,6,fr,6,0.9806
10,0,de2fr,7,de,4,0.9849
10,0,de2fr,7,de,6,0.9771
10,0,de2fr,7,fr,4,0.9829
10,0,de2fr,7,fr,6,0.9804
10,0,de2fr,8,de,4,0.9814
10,0,de2fr,8,de,6,0.9683
10,0,de2fr,8,fr,4,0.9776
10,0,de2fr,8,fr,6,0.981
10,0,en2fr,2,de,4,0.972
10,0,en2fr,2,de,6,0.9648
10,0,en2fr,2,fr,4,0.9745
10,0,en2fr,2,fr,6,0.9642
10,0,en2fr,3,de,4,0.9822
10,0,en2fr,3,de,6,0.9692
10,0,en2fr,3,fr,4,0.9808
10,0,en2fr,3,fr,6,0.9807
10,0,en2fr,6,de,4,0.981
10,0,en2fr,6,de,6,0.9664
10,0,en2fr,6,fr,4,0.9778
10,0,en2fr,6,fr,6,0.974
10,0,en2fr,7,de,4,0.984
10,0,en2fr,7,de,6,0.9771
10,0,en2fr,7,fr,4,0.9827
10,0,en2fr,7,fr,6,0.9816
10,0,en2fr,8,de,4,0.9811
10,0,en2fr,8,de,6,0.969
10,0,en2fr,8,fr,4,0.979
10,0,en2fr,8,fr,6,0.984
10,0,en2fr,9,de,4,0.9775
10,0,en2fr,9,de,6,0.9615
10,0,en2fr,9,fr,4,0.9804
10,0,en2fr,9,fr,6,0.9663
10,0,en2fr,0,de,4,0.9849
10,0,en2fr,0,de,6,0.9746
10,0,en2fr,0,fr,4,0.9871
10,0,en2fr,0,fr,6,0.9798
11,0,de2fr,2,de,4,0.9693
11,0,de2fr,2,de,6,0.9472
11,0,de2fr,2,fr,4,0.9771
11,0,de2fr,2,fr,6,0.9726
11,0,de2fr,3,de,4,0.9762
11,0,de2fr,3,de,6,0.9737
11,0,de2fr,3,fr,4,0.9625
11,0,de2fr,3,fr,6,0.9836
11,0,de2fr,6,de,4,0.9806
11,0,de2fr,6,de,6,0.9588
11,0,de2fr,6,fr,4,0.9775
11,0,de2fr,6,fr,6,0.9755
11,0,de2fr,7,de,4,0.9839
11,0,de2fr,7,de,6,0.9649
11,0,de2fr,7,fr,4,0.981
11,0,de2fr,7,fr,6,0.9808
11,0,de2fr,8,de,4,0.9781
11,0,de2fr,8,de,6,0.9577
11,0,de2fr,8,fr,4,0.9804
11,0,de2fr,8,fr,6,0.9771
11,0,en2fr,2,de,4,0.9579
11,0,en2fr,2,de,6,0.9603
11,0,en2fr,2,fr,4,0.966
11,0,en2fr,2,fr,6,0.972
11,0,en2fr,3,de,4,0.9761
11,0,en2fr,3,de,6,0.9574
11,0,en2fr,3,fr,4,0.9788
11,0,en2fr,3,fr,6,0.9775
11,0,en2fr,6,de,4,0.968
11,0,en2fr,6,de,6,0.9622
11,0,en2fr,6,fr,4,0.9703
11,0,en2fr,6,fr,6,0.9764
11,0,en2fr,7,de,4,0.9786
11,0,en2fr,7,de,6,0.969
11,0,en2fr,7,fr,4,0.9827
11,0,en2fr,7,fr,6,0.9794
11,0,en2fr,8,de,4,0.981
11,0,en2fr,8,de,6,0.9684
11,0,en2fr,8,fr,4,0.9862
11,0,en2fr,8,fr,6,0.9839
11,0,en2fr,9,de,4,0.9784
11,0,en2fr,9,de,6,0.9498
11,0,en2fr,9,fr,4,0.9855
11,0,en2fr,9,fr,6,0.9692
11,0,en2fr,0,de,4,0.975
11,0,en2fr,0,de,6,0.9697
11,0,en2fr,0,fr,4,0.9758
11,0,en2fr,0,fr,6,0.9836
12,0,de2fr,2,de,4,0.9751
12,0,de2fr,2,de,6,0.9627
12,0,de2fr,2,fr,4,0.9844
12,0,de2fr,2,fr,6,0.9603
12,0,de2fr,3,de,4,0.9721
12,0,de2fr,3,de,6,0.9719
12,0,de2fr,3,fr,4,0.9679
12,0,de2fr,3,fr,6,0.9861
12,0,de2fr,6,de,4,0.9795
12,0,de2fr,6,de,6,0.9673
12,0,de2fr,6,fr,4,0.9871
12,0,de2fr,6,fr,6,0.9714
12,0,de2fr,7,de,4,0.9817
12,0,de2fr,7,de,6,0.9789
12,0,de2fr,7,fr,4,0.9782
12,0,de2fr,7,fr,6,0.9705
12,0,de2fr,8,de,4,0.9833
12,0,de2fr,8,de,6,0.9732
12,0,de2fr,8,fr,4,0.9862
12,0,de2fr,8,fr,6,0.9767
12,0,en2fr,2,de,4,0.9773
12,0,en2fr,2,de,6,0.9756
12,0,en2fr,2,fr,4,0.9746
12,0,en2fr,2,fr,6,0.9788
12,0,en2fr,3,de,4,0.9728
12,0,en2fr,3,de,6,0.9702
12,0,en2fr,3,fr,4,0.9757
12,0,en2fr,3,fr,6,0.9753
12,0,en2fr,6,de,4,0.9803
12,0,en2fr,6,de,6,0.9706
12,0,en2fr,6,fr,4,0.9813
12,0,en2fr,6,fr,6,0.9722
12,0,en2fr,7,de,4,0.9843
12,0,en2fr,7,de,6,0.9806
12,0,en2fr,7,fr,4,0.9819
12,0,en2fr,7,fr,6,0.977
12,0,en2fr,8,de,4,0.9741
12,0,en2fr,8,de,6,0.9733
12,0,en2fr,8,fr,4,0.9688
12,0,en2fr,8,fr,6,0.9886
12,0,en2fr,9,de,4,0.9804
12,0,en2fr,9,de,6,0.971
12,0,en2fr,9,fr,4,0.9861
12,0,en2fr,9,fr,6,0.9735
12,0,en2fr,0,de,4,0.98
12,0,en2fr,0,de,6,0.9736
12,0,en2fr,0,fr,4,0.9839
12,0,en2fr,0,fr,6,0.9716
13,0,de2fr,2,de,4,0.9739
13,0,de2fr,2,de,6,0.9425
13,0,de2fr,2,fr,4,0.9769
13,0,de2fr,2,fr,6,0.9655
13,0,de2fr,3,de,4,0.968
13,0,de2fr,3,de,6,0.9747
13,0,de2fr,3,fr,4,0.9684
13,0,de2fr,3,fr,6,0.9865
13,0,de2fr,6,de,4,0.9742
13,0,de2fr,6,de,6,0.968
13,0,de2fr,6,fr,4,0.9813
13,0,de2fr,6,fr,6,0.9858
13,0,de2fr,7,de,4,0.985
13,0,de2fr,7,de,6,0.977
13,0,de2fr,7,fr,4,0.9799
13,0,de2fr,7,fr,6,0.9829
13,0,de2fr,8,de,4,0.9756
13,0,de2fr,8,de,6,0.9445
13,0,de2fr,8,fr,4,0.9784
13,0,de2fr,8,fr,6,0.9697
13,0,en2fr,2,de,4,0.9694
13,0,en2fr,2,de,6,0.9719
13,0,en2fr,2,fr,4,0.9774
13,0,en2fr,2,fr,6,0.9692
13,0,en2fr,3,de,4,0.9778
13,0,en2fr,3,de,6,0.9561
13,0,en2fr,3,fr,4,0.978
13,0,en2fr,3,fr,6,0.9752
13,0,en2fr,6,de,4,0.9725
13,0,en2fr,6,de,6,0.9701
13,0,en2fr,6,fr,4,0.9758
13,0,en2fr,6,fr,6,0.9853
13,0,en2fr,7,de,4,0.9803
13,0,en2fr,7,de,6,0.9739
13,0,en2fr,7,fr,4,0.9756
13,0,en2fr,7,fr,6,0.987
13,0,en2fr,8,de,4,0.9792
13,0,en2fr,8,de,6,0.962
13,0,en2fr,8,fr,4,0.9816
13,0,en2fr,8,fr,6,0.9858
13,0,en2fr,9,de,4,0.9786
13,0,en2fr,9,de,6,0.9509
13,0,en2fr,9,fr,4,0.9855
13,0,en2fr,9,fr,6,0.9707
13,0,en2fr,0,de,4,0.9822
13,0,en2fr,0,de,6,0.9701
13,0,en2fr,0,fr,4,0.9858
13,0,en2fr,0,fr,6,0.9792
14,0,de2fr,2,de,4,0.9716
14,0,de2fr,2,de,6,0.9722
14,0,de2fr,2,fr,4,0.9862
14,0,de2fr,2,fr,6,0.9566
14,0,de2fr,3,de,4,0.982
14,0,de2fr,3,de,6,0.9736
14,0,de2fr,3,fr,4,0.985
14,0,de2fr,3,fr,6,0.9693
14,0,de2fr,6,de,4,0.9801
14,0,de2fr,6,de,6,0.9749
14,0,de2fr,6,fr,4,0.9879
14,0,de2fr,6,fr,6,0.9672
14,0,de2fr,7,de,4,0.976
14,0,de2fr,7,de,6,0.9755
14,0,de2fr,7,fr,4,0.9853
14,0,de2fr,7,fr,6,0.948
14,0,de2fr,8,de,4,0.9739
14,0,de2fr,8,de,6,0.9741
14,0,de2fr,8,fr,4,0.984
14,0,de2fr,8,fr,6,0.9574
14,0,en2fr,2,de,4,0.9756
14,0,en2fr,2,de,6,0.9616
14,0,en2fr,2,fr,4,0.9848
14,0,en2fr,2,fr,6,0.9504
14,0,en2fr,3,de,4,0.9723
14,0,en2fr,3,de,6,0.977
14,0,en2fr,3,fr,4,0.9762
14,0,en2fr,3,fr,6,0.9654
14,0,en2fr,6,de,4,0.9815
14,0,en2fr,6,de,6,0.9659
14,0,en2fr,6,fr,4,0.9825
14,0,en2fr,6,fr,6,0.9723
14,0,en2fr,7,de,4,0.9805
14,0,en2fr,7,de,6,0.9764
14,0,en2fr,7,fr,4,0.979
14,0,en2fr,7,fr,6,0.9659
14,0,en2fr,8,de,4,0.9838
14,0,en2fr,8,de,6,0.9749
14,0,en2fr,8,fr,4,0.9796
14,0,en2fr,8,fr,6,0.9829
14,0,en2fr,9,de,4,0.982
14,0,en2fr,9,de,6,0.9687
14,0,en2fr,9,fr,4,0.9867
14,0,en2fr,9,fr,6,0.9635
14,0,en2fr,0,de,4,0.9794
14,0,en2fr,0,de,6,0.9728
14,0,en2fr,0,fr,4,0.9886
14,0,en2fr,0,fr,6,0.9607
15,0,de2fr,2,de,4,0.9755
15,0,de2fr,2,de,6,0.9624
15,0,de2fr,2,fr,4,0.9833
15,0,de2fr,2,fr,6,0.966
15,0,de2fr,3,de,4,0.9794
15,0,de2fr,3,de,6,0.9721
15,0,de2fr,3,fr,4,0.9808
15,0,de2fr,3,fr,6,0.9867
15,0,de2fr,6,de,4,0.9818
15,0,de2fr,6,de,6,0.9662
15,0,de2fr,6,fr,4,0.9881
15,0,de2fr,6,fr,6,0.9766
15,0,de2fr,7,de,4,0.9827
15,0,de2fr,7,de,6,0.98
15,0,de2fr,7,fr,4,0.983
15,0,de2fr,7,fr,6,0.9771
15,0,de2fr,8,de,4,0.9725
15,0,de2fr,8,de,6,0.9692
15,0,de2fr,8,fr,4,0.9797
15,0,de2fr,8,fr,6,0.9744
15,0,en2fr,2,de,4,0.9739
15,0,en2fr,2,de,6,0.9532
15,0,en2fr,2,fr,4,0.9775
15,0,en2fr,2,fr,6,0.9761
15,0,en2fr,3,de,4,0.9687
15,0,en2fr,3,de,6,0.9773
15,0,en2fr,3,fr,4,0.9721
15,0,en2fr,3,fr,6,0.9772
15,0,en2fr,6,de,4,0.9794
15,0,en2fr,6,de,6,0.9635
15,0,en2fr,6,fr,4,0.9843
15,0,en2fr,6,fr,6,0.9839
15,0,en2fr,7,de,4,0.9798
15,0,en2fr,7,de,6,0.9619
15,0,en2fr,7,fr,4,0.9845
15,0,en2fr,7,fr,6,0.9752
15,0,en2fr,8,de,4,0.9707
15,0,en2fr,8,de,6,0.9674
15,0,en2fr,8,fr,4,0.9739
15,0,en2fr,8,fr,6,0.9872
15,0,en2fr,9,de,4,0.9771
15,0,en2fr,9,de,6,0.9586
15,0,en2fr,9,fr,4,0.9857
15,0,en2fr,9,fr,6,0.9714
15,0,en2fr,0,de,4,0.9738
15,0,en2fr,0,de,6,0.9676
15,0,en2fr,0,fr,4,0.9838
15,0,en2fr,0,fr,6,0.9851
16,0,de2fr,2,de,4,0.9726
16,0,de2fr,2,de,6,0.9598
16,0,de2fr,2,fr,4,0.9839
16,0,de2fr,2,fr,6,0.9669
16,0,de2fr,3,de,4,0.9833
16,0,de2fr,3,de,6,0.9783
16,0,de2fr,3,fr,4,0.9799
16,0,de2fr,3,fr,6,0.982
16,0,de2fr,6,de,4,0.9787
16,0,de2fr,6,de,6,0.9743
16,0,de2fr,6,fr,4,0.979
16,0,de2fr,6,fr,6,0.9823
16,0,de2fr,7,de,4,0.9846
16,0,de2fr,7,de,6,0.9779
16,0,de2fr,7,fr,4,0.9841
16,0,de2fr,7,fr,6,0.9769
16,0,de2fr,8,de,4,0.9833
16,0,de2fr,8,de,6,0.967
16,0,de2fr,8,fr,4,0.9874
16,0,de2fr,8,fr,6,0.966
16,0,en2fr,2,de,4,0.9601
16,0,en2fr,2,de,6,0.9474
16,0,en2fr,2,fr,4,0.9703
16,0,en2fr,2,fr,6,0.962
16,0,en2fr,3,de,4,0.9791
16,0,en2fr,3,de,6,0.9683
16,0,en2fr,3,fr,4,0.9821
16,0,en2fr,3,fr,6,0.966
16,0,en2fr,6,de,4,0.9811
16,0,en2fr,6,de,6,0.9759
16,0,en2fr,6,fr,4,0.9789
16,0,en2fr,6,fr,6,0.982
16,0,en2fr,7,de,4,0.9818
16,0,en2fr,7,de,6,0.9756
16,0,en2fr,7,fr,4,0.9804
16,0,en2fr,7,fr,6,0.9765
16,0,en2fr,8,de,4,0.9792
16,0,en2fr,8,de,6,0.9751
16,0,en2fr,8,fr,4,0.9718
16,0,en2fr,8,fr,6,0.9853
16,0,en2fr,9,de,4,0.9793
16,0,en2fr,9,de,6,0.9672
16,0,en2fr,9,fr,4,0.9828
16,0,en2fr,9,fr,6,0.9734
16,0,en2fr,0,de,4,0.9773
16,0,en2fr,0,de,6,0.9662
16,0,en2fr,0,fr,4,0.9862
16,0,en2fr,0,fr,6,0.9722
17,0,de2fr,2,de,4,0.9752
17,0,de2fr,2,de,6,0.9559
17,0,de2fr,2,fr,4,0.9748
17,0,de2fr,2,fr,6,0.9465
17,0,de2fr,3,de,4,0.9853
17,0,de2fr,3,de,6,0.9796
17,0,de2fr,3,fr,4,0.9816
17,0,de2fr,3,fr,6,0.9707
17,0,de2fr,6,de,4,0.9797
17,0,de2fr,6,de,6,0.9709
17,0,de2fr,6,fr,4,0.9898
17,0,de2fr,6,fr,6,0.9682
17,0,de2fr,7,de,4,0.9838
17,0,de2fr,7,de,6,0.9816
17,0,de2fr,7,fr,4,0.9859
17,0,de2fr,7,fr,6,0.9732
17,0,de2fr,8,de,4,0.9841
17,0,de2fr,8,de,6,0.9676
17,0,de2fr,8,fr,4,0.9845
17,0,de2fr,8,fr,6,0.9582
17,0,en2fr,2,de,4,0.9605
17,0,en2fr,2,de,6,0.9617
17,0,en2fr,2,fr,4,0.9764
17,0,en2fr,2,fr,6,0.9648
17,0,en2fr,3,de,4,0.9828
17,0,en2fr,3,de,6,0.9586
17,0,en2fr,3,fr,4,0.977
17,0,en2fr,3,fr,6,0.9458
17,0,en2fr,6,de,4,0.978
17,0,en2fr,6,de,6,0.9787
17,0,en2fr,6,fr,4,0.9814
17,0,en2fr,6,fr,6,0.9767
17,0,en2fr,7,de,4,0.9816
17,0,en2fr,7,de,6,0.9736
17,0,en2fr,7,fr,4,0.9833
17,0,en2fr,7,fr,6,0.9638
17,0,en2fr,8,de,4,0.9734
17,0,en2fr,8,de,6,0.9712
17,0,en2fr,8,fr,4,0.9884
17,0,en2fr,8,fr,6,0.9736
17,0,en2fr,9,de,4,0.9777
17,0,en2fr,9,de,6,0.9672
17,0,en2fr,9,fr,4,0.9864
17,0,en2fr,9,fr,6,0.9642
17,0,en2fr,0,de,4,0.9844
17,0,en2fr,0,de,6,0.9769
17,0,en2fr,0,fr,4,0.9832
17,0,en2fr,0,fr,6,0.9708
18,0,de2fr,2,de,4,0.9734
18,0,de2fr,2,de,6,0.9488
18,0,de2fr,2,fr,4,0.9837
18,0,de2fr,2,fr,6,0.9311
18,0,de2fr,3,de,4,0.9735
18,0,de2fr,3,de,6,0.9532
18,0,de2fr,3,fr,4,0.981
18,0,de2fr,3,fr,6,0.9464
18,0,de2fr,6,de,4,0.9774
18,0,de2fr,6,de,6,0.962
18,0,de2fr,6,fr,4,0.9868
18,0,de2fr,6,fr,6,0.957
18,0,de2fr,7,de,4,0.9804
18,0,de2fr,7,de,6,0.964
18,0,de2fr,7,fr,4,0.9842
18,0,de2fr,7,fr,6,0.9466
18,0,de2fr,8,de,4,0.9797
18,0,de2fr,8,de,6,0.9585
18,0,de2fr,8,fr,4,0.9878
18,0,de2fr,8,fr,6,0.9511
18,0,en2fr,2,de,4,0.9762
18,0,en2fr,2,de,6,0.9697
18,0,en2fr,2,fr,4,0.9776
18,0,en2fr,2,fr,6,0.9471
18,0,en2fr,3,de,4,0.9778
18,0,en2fr,3,de,6,0.9694
18,0,en2fr,3,fr,4,0.9834
18,0,en2fr,3,fr,6,0.9652
18,0,en2fr,6,de,4,0.9818
18,0,en2fr,6,de,6,0.9745
18,0,en2fr,6,fr,4,0.9813
18,0,en2fr,6,fr,6,0.9704
18,0,en2fr,7,de,4,0.9825
18,0,en2fr,7,de,6,0.9665
18,0,en2fr,7,fr,4,0.9799
18,0,en2fr,7,fr,6,0.9465
18,0,en2fr,8,de,4,0.9719
18,0,en2fr,8,de,6,0.9738
18,0,en2fr,8,fr,4,0.9649
18,0,en2fr,8,fr,6,0.9745
18,0,en2fr,9,de,4,0.9802
18,0,en2fr,9,de,6,0.965
18,0,en2fr,9,fr,4,0.9892
18,0,en2fr,9,fr,6,0.9516
18,0,en2fr,0,de,4,0.9826
18,0,en2fr,0,de,6,0.97
18,0,en2fr,0,fr,4,0.9865
18,0,en2fr,0,fr,6,0.9625
19,0,de2fr,2,de,4,0.9775
19,0,de2fr,2,de,6,0.9591
19,0,de2fr,2,fr,4,0.9677
19,0,de2fr,2,fr,6,0.9627
19,0,de2fr,3,de,4,0.9784
19,0,de2fr,3,de,6,0.9711
19,0,de2fr,3,fr,4,0.983
19,0,de2fr,3,fr,6,0.9789
19,0,de2fr,6,de,4,0.9803
19,0,de2fr,6,de,6,0.9629
19,0,de2fr,6,fr,4,0.9827
19,0,de2fr,6,fr,6,0.9793
19,0,de2fr,7,de,4,0.9827
19,0,de2fr,7,de,6,0.9688
19,0,de2fr,7,fr,4,0.9677
19,0,de2fr,7,fr,6,0.9685
19,0,de2fr,8,de,4,0.9814
19,0,de2fr,8,de,6,0.9653
19,0,de2fr,8,fr,4,0.9773
19,0,de2fr,8,fr,6,0.977
19,0,en2fr,2,de,4,0.9782
19,0,en2fr,2,de,6,0.9674
19,0,en2fr,2,fr,4,0.9711
19,0,en2fr,2,fr,6,0.9665
19,0,en2fr,3,de,4,0.9814
19,0,en2fr,3,de,6,0.9696
19,0,en2fr,3,fr,4,0.9717
19,0,en2fr,3,fr,6,0.9768
19,0,en2fr,6,de,4,0.9828
19,0,en2fr,6,de,6,0.9757
19,0,en2fr,6,fr,4,0.9791
19,0,en2fr,6,fr,6,0.983
19,0,en2fr,7,de,4,0.9785
19,0,en2fr,7,de,6,0.972
19,0,en2fr,7,fr,4,0.9663
19,0,en2fr,7,fr,6,0.965
19,0,en2fr,8,de,4,0.9789
19,0,en2fr,8,de,6,0.9746
19,0,en2fr,8,fr,4,0.9832
19,0,en2fr,8,fr,6,0.9829
19,0,en2fr,9,de,4,0.9805
19,0,en2fr,9,de,6,0.9646
19,0,en2fr,9,fr,4,0.9753
19,0,en2fr,9,fr,6,0.9761
19,0,en2fr,0,de,4,0.9838
19,0,en2fr,0,de,6,0.9643
19,0,en2fr,0,fr,4,0.9766
19,0,en2fr,0,fr,6,0.9725
20,0,de2fr,2,de,4,0.9789
20,0,de2fr,2,de,6,0.9735
20,0,de2fr,2,fr,4,0.9862
20,0,de2fr,2,fr,6,0.9763
20,0,de2fr,3,de,4,0.9811
20,0,de2fr,3,de,6,0.9726
20,0,de2fr,3,fr,4,0.9853
20,0,de2fr,3,fr,6,0.9831
20,0,de2fr,6,de,4,0.9743
20,0,de2fr,6,de,6,0.9788
20,0,de2fr,6,fr,4,0.9838
20,0,de2fr,6,fr,6,0.982
20,0,de2fr,7,de,4,0.9874
20,0,de2fr,7,de,6,0.9813
20,0,de2fr,7,fr,4,0.9861
20,0,de2fr,7,fr,6,0.9854
20,0,de2fr,8,de,4,0.9863
20,0,de2fr,8,de,6,0.9726
20,0,de2fr,8,fr,4,0.987
20,0,de2fr,8,fr,6,0.9786
20,0,en2fr,2,de,4,0.9715
20,0,en2fr,2,de,6,0.9759
20,0,en2fr,2,fr,4,0.9817
20,0,en2fr,2,fr,6,0.9773
20,0,en2fr,3,de,4,0.9793
20,0,en2fr,3,de,6,0.974
20,0,en2fr,3,fr,4,0.9768
20,0,en2fr,3,fr,6,0.985
20,0,en2fr,6,de,4,0.9822
20,0,en2fr,6,de,6,0.9788
20,0,en2fr,6,fr,4,0.9818
20,0,en2fr,6,fr,6,0.9896
20,0,en2fr,7,de,4,0.9777
20,0,en2fr,7,de,6,0.979
20,0,en2fr,7,fr,4,0.9823
20,0,en2fr,7,fr,6,0.9825
20,0,en2fr,8,de,4,0.9843
20,0,en2fr,8,de,6,0.9807
20,0,en2fr,8,fr,4,0.9828
20,0,en2fr,8,fr,6,0.9857
20,0,en2fr,9,de,4,0.9817
20,0,en2fr,9,de,6,0.9793
20,0,en2fr,9,fr,4,0.9862
20,0,en2fr,9,fr,6,0.9859
20,0,en2fr,0,de,4,0.982
20,0,en2fr,0,de,6,0.98
20,0,en2fr,0,fr,4,0.9844
20,0,en2fr,0,fr,6,0.9881
21,0,de2fr,2,de,4,0.9686
21,0,de2fr,2,de,6,0.9591
21,0,de2fr,2,fr,4,0.9829
21,0,de2fr,2,fr,6,0.9628
21,0,de2fr,3,de,4,0.9469
21,0,de2fr,3,de,6,0.9301
21,0,de2fr,3,fr,4,0.9593
21,0,de2fr,3,fr,6,0.923
21,0,de2fr,6,de,4,0.9842
21,0,de2fr,6,de,6,0.9808
21,0,de2fr,6,fr,4,0.9791
21,0,de2fr,6,fr,6,0.9728
21,0,de2fr,7,de,4,0.9848
21,0,de2fr,7,de,6,0.9813
21,0,de2fr,7,fr,4,0.9808
21,0,de2fr,7,fr,6,0.9691
21,0,de2fr,8,de,4,0.982
21,0,de2fr,8,de,6,0.9674
21,0,de2fr,8,fr,4,0.9888
21,0,de2fr,8,fr,6,0.9509
21,0,en2fr,2,de,4,0.9774
21,0,en2fr,2,de,6,0.9736
21,0,en2fr,2,fr,4,0.9753
21,0,en2fr,2,fr,6,0.9754
21,0,en2fr,3,de,4,0.9741
21,0,en2fr,3,de,6,0.9674
21,0,en2fr,3,fr,4,0.9847
21,0,en2fr,3,fr,6,0.9631
21,0,en2fr,6,de,4,0.9742
21,0,en2fr,6,de,6,0.9726
21,0,en2fr,6,fr,4,0.9686
21,0,en2fr,6,fr,6,0.9854
21,0,en2fr,7,de,4,0.9784
21,0,en2fr,7,de,6,0.9701
21,0,en2fr,7,fr,4,0.9791
21,0,en2fr,7,fr,6,0.9735
21,0,en2fr,8,de,4,0.9785
21,0,en2fr,8,de,6,0.9837
21,0,en2fr,8,fr,4,0.9718
21,0,en2fr,8,fr,6,0.9858
21,0,en2fr,9,de,4,0.9833
21,0,en2fr,9,de,6,0.9754
21,0,en2fr,9,fr,4,0.9825
21,0,en2fr,9,fr,6,0.9728
21,0,en2fr,0,de,4,0.9717
21,0,en2fr,0,de,6,0.9619
21,0,en2fr,0,fr,4,0.9824
21,0,en2fr,0,fr,6,0.965
22,0,de2fr,2,de,4,0.9777
22,0,de2fr,2,de,6,0.963
22,0,de2fr,2,fr,4,0.9857
22,0,de2fr,2,fr,6,0.9567
22,0,de2fr,3,de,4,0.9465
22,0,de2fr,3,de,6,0.9187
22,0,de2fr,3,fr,4,0.9488
22,0,de2fr,3,fr,6,0.9209
22,0,de2fr,6,de,4,0.9733
22,0,de2fr,6,de,6,0.9612
22,0,de2fr,6,fr,4,0.9776
22,0,de2fr,6,fr,6,0.9652
22,0,de2fr,7,de,4,0.9795
22,0,de2fr,7,de,6,0.9654
22,0,de2fr,7,fr,4,0.9817
22,0,de2fr,7,fr,6,0.9523
22,0,de2fr,8,de,4,0.9829
22,0,de2fr,8,de,6,0.9568
22,0,de2fr,8,fr,4,0.9891
22,0,de2fr,8,fr,6,0.9462
22,0,en2fr,2,de,4,0.9759
22,0,en2fr,2,de,6,0.9631
22,0,en2fr,2,fr,4,0.973
22,0,en2fr,2,fr,6,0.9631
22,0,en2fr,3,de,4,0.983
22,0,en2fr,3,de,6,0.9677
22,0,en2fr,3,fr,4,0.9832
22,0,en2fr,3,fr,6,0.9637
22,0,en2fr,6,de,4,0.9811
22,0,en2fr,6,de,6,0.9787
22,0,en2fr,6,fr,4,0.9809
22,0,en2fr,6,fr,6,0.9788
22,0,en2fr,7,de,4,0.9813
22,0,en2fr,7,de,6,0.9734
22,0,en2fr,7,fr,4,0.9747
22,0,en2fr,7,fr,6,0.9706
22,0,en2fr,8,de,4,0.9823
22,0,en2fr,8,de,6,0.9751
22,0,en2fr,8,fr,4,0.9834
22,0,en2fr,8,fr,6,0.9723
22,0,en2fr,9,de,4,0.9825
22,0,en2fr,9,de,6,0.9731
22,0,en2fr,9,fr,4,0.9839
22,0,en2fr,9,fr,6,0.9727
22,0,en2fr,0,de,4,0.9823
22,0,en2fr,0,de,6,0.9563
22,0,en2fr,0,fr,4,0.9865
22,0,en2fr,0,fr,6,0.9474
23,0,de2fr,2,de,4,0.9687
23,0,de2fr,2,de,6,0.9625
23,0,de2fr,2,fr,4,0.9868
23,0,de2fr,2,fr,6,0.9613
23,0,de2fr,3,de,4,0.9308
23,0,de2fr,3,de,6,0.9266
23,0,de2fr,3,fr,4,0.9411
23,0,de2fr,3,fr,6,0.9149
23,0,de2fr,6,de,4,0.9764
23,0,de2fr,6,de,6,0.9691
23,0,de2fr,6,fr,4,0.9867
23,0,de2fr,6,fr,6,0.9762
23,0,de2fr,7,de,4,0.9853
23,0,de2fr,7,de,6,0.9804
23,0,de2fr,7,fr,4,0.9829
23,0,de2fr,7,fr,6,0.9746
23,0,de2fr,8,de,4,0.9811
23,0,de2fr,8,de,6,0.9805
23,0,de2fr,8,fr,4,0.9828
23,0,de2fr,8,fr,6,0.9579
23,0,en2fr,2,de,4,0.9725
23,0,en2fr,2,de,6,0.9618
23,0,en2fr,2,fr,4,0.9745
23,0,en2fr,2,fr,6,0.976
23,0,en2fr,3,de,4,0.9817
23,0,en2fr,3,de,6,0.983
23,0,en2fr,3,fr,4,0.9784
23,0,en2fr,3,fr,6,0.968
23,0,en2fr,6,de,4,0.9758
23,0,en2fr,6,de,6,0.9646
23,0,en2fr,6,fr,4,0.9786
23,0,en2fr,6,fr,6,0.9806
23,0,en2fr,7,de,4,0.9801
23,0,en2fr,7,de,6,0.9709
23,0,en2fr,7,fr,4,0.9823
23,0,en2fr,7,fr,6,0.9704
23,0,en2fr,8,de,4,0.9777
23,0,en2fr,8,de,6,0.9692
23,0,en2fr,8,fr,4,0.9867
23,0,en2fr,8,fr,6,0.9783
23,0,en2fr,9,de,4,0.9791
23,0,en2fr,9,de,6,0.974
23,0,en2fr,9,fr,4,0.9848
23,0,en2fr,9,fr,6,0.9736
23,0,en2fr,0,de,4,0.9822
23,0,en2fr,0,de,6,0.9785
23,0,en2fr,0,fr,4,0.9835
23,0,en2fr,0,fr,6,0.9706
24,0,de2fr,2,de,4,0.9744
24,0,de2fr,2,de,6,0.9731
24,0,de2fr,2,fr,4,0.9882
24,0,de2fr,2,fr,6,0.9671
24,0,de2fr,3,de,4,0.9157
24,0,de2fr,3,de,6,0.9185
24,0,de2fr,3,fr,4,0.9329
24,0,de2fr,3,fr,6,0.907
24,0,de2fr,6,de,4,0.9737
24,0,de2fr,6,de,6,0.9697
24,0,de2fr,6,fr,4,0.9769
24,0,de2fr,6,fr,6,0.9778
24,0,de2fr,7,de,4,0.9752
24,0,de2fr,7,de,6,0.9844
24,0,de2fr,7,fr,4,0.9791
24,0,de2fr,7,fr,6,0.9806
24,0,de2fr,8,de,4,0.9769
24,0,de2fr,8,de,6,0.9757
24,0,de2fr,8,fr,4,0.9839
24,0,de2fr,8,fr,6,0.9678
24,0,en2fr,2,de,4,0.9665
24,0,en2fr,2,de,6,0.968
24,0,en2fr,2,fr,4,0.964
24,0,en2fr,2,fr,6,0.9711
24,0,en2fr,3,de,4,0.9834
24,0,en2fr,3,de,6,0.9822
24,0,en2fr,3,fr,4,0.9832
24,0,en2fr,3,fr,6,0.9838
24,0,en2fr,6,de,4,0.9726
24,0,en2fr,6,de,6,0.9714
24,0,en2fr,6,fr,4,0.9794
24,0,en2fr,6,fr,6,0.9694
24,0,en2fr,7,de,4,0.9704
24,0,en2fr,7,de,6,0.9752
24,0,en2fr,7,fr,4,0.9716
24,0,en2fr,7,fr,6,0.9702
24,0,en2fr,8,de,4,0.983
24,0,en2fr,8,de,6,0.9776
24,0,en2fr,8,fr,4,0.9826
24,0,en2fr,8,fr,6,0.9812
24,0,en2fr,9,de,4,0.9785
24,0,en2fr,9,de,6,0.973
24,0,en2fr,9,fr,4,0.9886
24,0,en2fr,9,fr,6,0.9716
24,0,en2fr,0,de,4,0.9794
24,0,en2fr,0,de,6,0.9843
24,0,en2fr,0,fr,4,0.9841
24,0,en2fr,0,fr,6,0.9787
25,0,de2fr,2,de,4,0.97
25,0,de2fr,2,de,6,0.9692
25,0,de2fr,2,fr,4,0.9861
25,0,de2fr,2,fr,6,0.9609
25,0,de2fr,3,de,4,0.9751
25,0,de2fr,3,de,6,0.9776
25,0,de2fr,3,fr,4,0.9833
25,0,de2fr,3,fr,6,0.9753
25,0,de2fr,6,de,4,0.9789
25,0,de2fr,6,de,6,0.9797
25,0,de2fr,6,fr,4,0.9823
25,0,de2fr,6,fr,6,0.9794
25,0,de2fr,7,de,4,0.9781
25,0,de2fr,7,de,6,0.9818
25,0,de2fr,7,fr,4,0.9817
25,0,de2fr,7,fr,6,0.9697
25,0,de2fr,8,de,4,0.984
25,0,de2fr,8,de,6,0.985
25,0,de2fr,8,fr,4,0.9871
25,0,de2fr,8,fr,6,0.9801
25,0,en2fr,2,de,4,0.9523
25,0,en2fr,2,de,6,0.9534
25,0,en2fr,2,fr,4,0.9515
25,0,en2fr,2,fr,6,0.9564
25,0,en2fr,3,de,4,0.9756
25,0,en2fr,3,de,6,0.9759
25,0,en2fr,3,fr,4,0.9842
25,0,en2fr,3,fr,6,0.9753
25,0,en2fr,6,de,4,0.9751
25,0,en2fr,6,de,6,0.9784
25,0,en2fr,6,fr,4,0.9763
25,0,en2fr,6,fr,6,0.9777
25,0,en2fr,7,de,4,0.9689
25,0,en2fr,7,de,6,0.9699
25,0,en2fr,7,fr,4,0.9702
25,0,en2fr,7,fr,6,0.9623
25,0,en2fr,8,de,4,0.974
25,0,en2fr,8,de,6,0.9795
25,0,en2fr,8,fr,4,0.9714
25,0,en2fr,8,fr,6,0.9853
25,0,en2fr,9,de,4,0.9769
25,0,en2fr,9,de,6,0.9742
25,0,en2fr,9,fr,4,0.9843
25,0,en2fr,9,fr,6,0.9755
25,0,en2fr,0,de,4,0.9729
25,0,en2fr,0,de,6,0.9812
25,0,en2fr,0,fr,4,0.9791
25,0,en2fr,0,fr,6,0.9743
26,0,de2fr,2,de,4,0.9715
26,0,de2fr,2,de,6,0.9729
26,0,de2fr,2,fr,4,0.9844
26,0,de2fr,2,fr,6,0.9623
26,0,de2fr,3,de,4,0.9739
26,0,de2fr,3,de,6,0.9816
26,0,de2fr,3,fr,4,0.9781
26,0,de2fr,3,fr,6,0.9815
26,0,de2fr,6,de,4,0.9812
26,0,de2fr,6,de,6,0.9816
26,0,de2fr,6,fr,4,0.9816
26,0,de2fr,6,fr,6,0.9844
26,0,de2fr,7,de,4,0.9793
26,0,de2fr,7,de,6,0.9846
26,0,de2fr,7,fr,4,0.9848
26,0,de2fr,7,fr,6,0.9777
26,0,de2fr,8,de,4,0.9753
26,0,de2fr,8,de,6,0.9742
26,0,de2fr,8,fr,4,0.9867
26,0,de2fr,8,fr,6,0.9663
26,0,en2fr,2,de,4,0.9742
26,0,en2fr,2,de,6,0.976
26,0,en2fr,2,fr,4,0.975
26,0,en2fr,2,fr,6,0.9729
26,0,en2fr,3,de,4,0.9771
26,0,en2fr,3,de,6,0.9784
26,0,en2fr,3,fr,4,0.9858
26,0,en2fr,3,fr,6,0.9724
26,0,en2fr,6,de,4,0.982
26,0,en2fr,6,de,6,0.9807
26,0,en2fr,6,fr,4,0.9826
26,0,en2fr,6,fr,6,0.9812
26,0,en2fr,7,de,4,0.9683
26,0,en2fr,7,de,6,0.9744
26,0,en2fr,7,fr,4,0.9694
26,0,en2fr,7,fr,6,0.969
26,0,en2fr,8,de,4,0.9809
26,0,en2fr,8,de,6,0.9807
26,0,en2fr,8,fr,4,0.9873
26,0,en2fr,8,fr,6,0.9756
26,0,en2fr,9,de,4,0.9839
26,0,en2fr,9,de,6,0.9743
26,0,en2fr,9,fr,4,0.988
26,0,en2fr,9,fr,6,0.9791
26,0,en2fr,0,de,4,0.9729
26,0,en2fr,0,de,6,0.9748
26,0,en2fr,0,fr,4,0.9829
26,0,en2fr,0,fr,6,0.97
27,0,de2fr,2,de,4,0.975
27,0,de2fr,2,de,6,0.9754
27,0,de2fr,2,fr,4,0.9865
27,0,de2fr,2,fr,6,0.964
27,0,de2fr,3,de,4,0.9737
27,0,de2fr,3,de,6,0.9801
27,0,de2fr,3,fr,4,0.9793
27,0,de2fr,3,fr,6,0.9836
27,0,de2fr,6,de,4,0.982
27,0,de2fr,6,de,6,0.984
27,0,de2fr,6,fr,4,0.9866
27,0,de2fr,6,fr,6,0.9856
27,0,de2fr,7,de,4,0.9767
27,0,de2fr,7,de,6,0.9835
27,0,de2fr,7,fr,4,0.9809
27,0,de2fr,7,fr,6,0.9766
27,0,de2fr,8,de,4,0.98
27,0,de2fr,8,de,6,0.979
27,0,de2fr,8,fr,4,0.9887
27,0,de2fr,8,fr,6,0.9748
27,0,en2fr,2,de,4,0.9662
27,0,en2fr,2,de,6,0.9725
27,0,en2fr,2,fr,4,0.9615
27,0,en2fr,2,fr,6,0.9741
27,0,en2fr,3,de,4,0.9799
27,0,en2fr,3,de,6,0.9819
27,0,en2fr,3,fr,4,0.9841
27,0,en2fr,3,fr,6,0.9764
27,0,en2fr,6,de,4,0.9742
27,0,en2fr,6,de,6,0.9814
27,0,en2fr,6,fr,4,0.9739
27,0,en2fr,6,fr,6,0.9816
27,0,en2fr,7,de,4,0.9639
27,0,en2fr,7,de,6,0.9631
27,0,en2fr,7,fr,4,0.9727
27,0,en2fr,7,fr,6,0.9544
27,0,en2fr,8,de,4,0.9776
27,0,en2fr,8,de,6,0.9826
27,0,en2fr,8,fr,4,0.9747
27,0,en2fr,8,fr,6,0.9866
27,0,en2fr,9,de,4,0.9764
27,0,en2fr,9,de,6,0.974
27,0,en2fr,9,fr,4,0.9802
27,0,en2fr,9,fr,6,0.9758
27,0,en2fr,0,de,4,0.975
27,0,en2fr,0,de,6,0.9827
27,0,en2fr,0,fr,4,0.9812
27,0,en2fr,0,fr,6,0.9753
28,0,de2fr,2,de,4,0.968
28,0,de2fr,2,de,6,0.964
28,0,de2fr,2,fr,4,0.983
28,0,de2fr,2,fr,6,0.9515
28,0,de2fr,3,de,4,0.9791
28,0,de2fr,3,de,6,0.9848
28,0,de2fr,3,fr,4,0.9827
28,0,de2fr,3,fr,6,0.9868
28,0,de2fr,6,de,4,0.9823
28,0,de2fr,6,de,6,0.9775
28,0,de2fr,6,fr,4,0.9861
28,0,de2fr,6,fr,6,0.9796
28,0,de2fr,7,de,4,0.9791
28,0,de2fr,7,de,6,0.9844
28,0,de2fr,7,fr,4,0.9811
28,0,de2fr,7,fr,6,0.9774
28,0,de2fr,8,de,4,0.9796
28,0,de2fr,8,de,6,0.9807
28,0,de2fr,8,fr,4,0.9884
28,0,de2fr,8,fr,6,0.9774
28,0,en2fr,2,de,4,0.9733
28,0,en2fr,2,de,6,0.976
28,0,en2fr,2,fr,4,0.9718
28,0,en2fr,2,fr,6,0.9718
28,0,en2fr,3,de,4,0.9775
28,0,en2fr,3,de,6,0.9796
28,0,en2fr,3,fr,4,0.9825
28,0,en2fr,3,fr,6,0.9745
28,0,en2fr,6,de,4,0.9765
28,0,en2fr,6,de,6,0.9816
28,0,en2fr,6,fr,4,0.9768
28,0,en2fr,6,fr,6,0.9836
28,0,en2fr,7,de,4,0.9745
28,0,en2fr,7,de,6,0.9766
28,0,en2fr,7,fr,4,0.9775
28,0,en2fr,7,fr,6,0.9701
28,0,en2fr,8,de,4,0.9797
28,0,en2fr,8,de,6,0.9844
28,0,en2fr,8,fr,4,0.9733
28,0,en2fr,8,fr,6,0.9858
28,0,en2fr,9,de,4,0.9822
28,0,en2fr,9,de,6,0.9755
28,0,en2fr,9,fr,4,0.9877
28,0,en2fr,9,fr,6,0.9746
28,0,en2fr,0,de,4,0.9714
28,0,en2fr,0,de,6,0.9743
28,0,en2fr,0,fr,4,0.9788
28,0,en2fr,0,fr,6,0.9632
29,0,de2fr,2,de,4,0.9699
29,0,de2fr,2,de,6,0.968
29,0,de2fr,2,fr,4,0.9823
29,0,de2fr,2,fr,6,0.9523
29,0,de2fr,3,de,4,0.9709
29,0,de2fr,3,de,6,0.9735
29,0,de2fr,3,fr,4,0.9783
29,0,de2fr,3,fr,6,0.9806
29,0,de2fr,6,de,4,0.9732
29,0,de2fr,6,de,6,0.9638
29,0,de2fr,6,fr,4,0.9804
29,0,de2fr,6,fr,6,0.9653
29,0,de2fr,7,de,4,0.9803
29,0,de2fr,7,de,6,0.9862
29,0,de2fr,7,fr,4,0.9832
29,0,de2fr,7,fr,6,0.976
29,0,de2fr,8,de,4,0.9824
29,0,de2fr,8,de,6,0.9767
29,0,de2fr,8,fr,4,0.9897
29,0,de2fr,8,fr,6,0.9708
29,0,en2fr,2,de,4,0.9641
29,0,en2fr,2,de,6,0.9669
29,0,en2fr,2,fr,4,0.9562
29,0,en2fr,2,fr,6,0.9716
29,0,en2fr,3,de,4,0.9789
29,0,en2fr,3,de,6,0.9767
29,0,en2fr,3,fr,4,0.986
29,0,en2fr,3,fr,6,0.9695
29,0,en2fr,6,de,4,0.9777
29,0,en2fr,6,de,6,0.9775
29,0,en2fr,6,fr,4,0.9836
29,0,en2fr,6,fr,6,0.9746
29,0,en2fr,7,de,4,0.9686
29,0,en2fr,7,de,6,0.9661
29,0,en2fr,7,fr,4,0.9726
29,0,en2fr,7,fr,6,0.9572
29,0,en2fr,8,de,4,0.981
29,0,en2fr,8,de,6,0.9819
29,0,en2fr,8,fr,4,0.979
29,0,en2fr,8,fr,6,0.9811
29,0,en2fr,9,de,4,0.9795
29,0,en2fr,9,de,6,0.9772
29,0,en2fr,9,fr,4,0.9829
29,0,en2fr,9,fr,6,0.9807
29,0,en2fr,0,de,4,0.9786
29,0,en2fr,0,de,6,0.9781
29,0,en2fr,0,fr,4,0.9859
29,0,en2fr,0,fr,6,0.9732
4,1,de2fr,2,de,4,0.9215
4,1,de2fr,2,de,6,0.9252
4,1,de2fr,2,fr,4,0.7648
4,1,de2fr,2,fr,6,0.778
4,1,de2fr,3,de,4,0.8777
4,1,de2fr,3,de,6,0.9198
4,1,de2fr,3,fr,4,0.8051
4,1,de2fr,3,fr,6,0.8155
4,1,de2fr,6,de,4,0.8357
4,1,de2fr,6,de,6,0.8676
4,1,de2fr,6,fr,4,0.7632
4,1,de2fr,6,fr,6,0.7681
4,1,de2fr,7,de,4,0.9188
4,1,de2fr,7,de,6,0.9236
4,1,de2fr,7,fr,4,0.7897
4,1,de2fr,7,fr,6,0.7892
4,1,de2fr,8,de,4,0.8865
4,1,de2fr,8,de,6,0.9163
4,1,de2fr,8,fr,4,0.714
4,1,de2fr,8,fr,6,0.7256
4,1,en2fr,2,de,4,0.7785
4,1,en2fr,2,de,6,0.8009
4,1,en2fr,2,fr,4,0.9236
4,1,en2fr,2,fr,6,0.9264
4,1,en2fr,3,de,4,0.7719
4,1,en2fr,3,de,6,0.7975
4,1,en2fr,3,fr,4,0.9194
4,1,en2fr,3,fr,6,0.9262
4,1,en2fr,6,de,4,0.7673
4,1,en2fr,6,de,6,0.7873
4,1,en2fr,6,fr,4,0.9238
4,1,en2fr,6,fr,6,0.9224
4,1,en2fr,7,de,4,0.7598
4,1,en2fr,7,de,6,0.789
4,1,en2fr,7,fr,4,0.9316
4,1,en2fr,7,fr,6,0.9331
4,1,en2fr,8,de,4,0.7895
4,1,en2fr,8,de,6,0.8107
4,1,en2fr,8,fr,4,0.9345
4,1,en2fr,8,fr,6,0.9357
4,1,en2fr,9,de,4,0.7645
4,1,en2fr,9,de,6,0.793
4,1,en2fr,9,fr,4,0.9173
4,1,en2fr,9,fr,6,0.9165
4,1,en2fr,0,de,4,0.7903
4,1,en2fr,0,de,6,0.8052
4,1,en2fr,0,fr,4,0.9244
4,1,en2fr,0,fr,6,0.9289
5,1,de2fr,2,de,4,0.9045
5,1,de2fr,2,de,6,0.9
5,1,de2fr,2,fr,4,0.8727
5,1,de2fr,2,fr,6,0.8792
5,1,de2fr,3,de,4,0.8684
5,1,de2fr,3,de,6,0.8761
5,1,de2fr,3,fr,4,0.8984
5,1,de2fr,3,fr,6,0.9066
5,1,de2fr,6,de,4,0.8472
5,1,de2fr,6,de,6,0.8444
5,1,de2fr,6,fr,4,0.8427
5,1,de2fr,6,fr,6,0.847
5,1,de2fr,7,de,4,0.8958
5,1,de2fr,7,de,6,0.8877
5,1,de2fr,7,fr,4,0.8735
5,1,de2fr,7,fr,6,0.8806
5,1,de2fr,8,de,4,0.9189
5,1,de2fr,8,de,6,0.9199
5,1,de2fr,8,fr,4,0.8499
5,1,de2fr,8,fr,6,0.8579
5,1,en2fr,2,de,4,0.7923
5,1,en2fr,2,de,6,0.7619
5,1,en2fr,2,fr,4,0.9396
5,1,en2fr,2,fr,6,0.9321
5,1,en2fr,3,de,4,0.8075
5,1,en2fr,3,de,6,0.7928
5,1,en2fr,3,fr,4,0.9347
5,1,en2fr,3,fr,6,0.9426
5,1,en2fr,6,de,4,0.8005
5,1,en2fr,6,de,6,0.776
5,1,en2fr,6,fr,4,0.9413
5,1,en2fr,6,fr,6,0.9434
5,1,en2fr,7,de,4,0.7706
5,1,en2fr,7,de,6,0.7514
5,1,en2fr,7,fr,4,0.9429
5,1,en2fr,7,fr,6,0.9379
5,1,en2fr,8,de,4,0.822
5,1,en2fr,8,de,6,0.7993
5,1,en2fr,8,fr,4,0.946
5,1,en2fr,8,fr,6,0.9477
5,1,en2fr,9,de,4,0.7823
5,1,en2fr,9,de,6,0.766
5,1,en2fr,9,fr,4,0.9391
5,1,en2fr,9,fr,6,0.9342
5,1,en2fr,0,de,4,0.8083
5,1,en2fr,0,de,6,0.7835
5,1,en2fr,0,fr,4,0.9441
5,1,en2fr,0,fr,6,0.943
6,1,de2fr,2,de,4,0.8669
6,1,de2fr,2,de,6,0.8758
6,1,de2fr,2,fr,4,0.9121
6,1,de2fr,2,fr,6,0.9069
6,1,de2fr,3,de,4,0.8548
6,1,de2fr,3,de,6,0.8704
6,1,de2fr,3,fr,4,0.9249
6,1,de2fr,3,fr,6,0.9318
6,1,de2fr,6,de,4,0.8458
6,1,de2fr,6,de,6,0.8586
6,1,de2fr,6,fr,4,0.8986
6,1,de2fr,6,fr,6,0.8959
6,1,de2fr,7,de,4,0.8734
6,1,de2fr,7,de,6,0.8793
6,1,de2fr,7,fr,4,0.9061
6,1,de2fr,7,fr,6,0.9077
6,1,de2fr,8,de,4,0.8967
6,1,de2fr,8,de,6,0.8944
6,1,de2fr,8,fr,4,0.9061
6,1,de2fr,8,fr,6,0.904
6,1,en2fr,2,de,4,0.7957
6,1,en2fr,2,de,6,0.7967
6,1,en2fr,2,fr,4,0.9327
6,1,en2fr,2,fr,6,0.9374
6,1,en2fr,3,de,4,0.8309
6,1,en2fr,3,de,6,0.8236
6,1,en2fr,3,fr,4,0.9454
6,1,en2fr,3,fr,6,0.9509
6,1,en2fr,6,de,4,0.8256
6,1,en2fr,6,de,6,0.8233
6,1,en2fr,6,fr,4,0.9465
6,1,en2fr,6,fr,6,0.9516
6,1,en2fr,7,de,4,0.8094
6,1,en2fr,7,de,6,0.8071
6,1,en2fr,7,fr,4,0.9398
6,1,en2fr,7,fr,6,0.9407
6,1,en2fr,8,de,4,0.8373
6,1,en2fr,8,de,6,0.8271
6,1,en2fr,8,fr,4,0.9474
6,1,en2fr,8,fr,6,0.9463
6,1,en2fr,9,de,4,0.8173
6,1,en2fr,9,de,6,0.8129
6,1,en2fr,9,fr,4,0.9464
6,1,en2fr,9,fr,6,0.939
6,1,en2fr,0,de,4,0.8358
6,1,en2fr,0,de,6,0.8286
6,1,en2fr,0,fr,4,0.9372
6,1,en2fr,0,fr,6,0.941
7,1,de2fr,2,de,4,0.8514
7,1,de2fr,2,de,6,0.8456
7,1,de2fr,2,fr,4,0.9195
7,1,de2fr,2,fr,6,0.9101
7,1,de2fr,3,de,4,0.8326
7,1,de2fr,3,de,6,0.8461
7,1,de2fr,3,fr,4,0.9286
7,1,de2fr,3,fr,6,0.9315
7,1,de2fr,6,de,4,0.8156
7,1,de2fr,6,de,6,0.8141
7,1,de2fr,6,fr,4,0.8941
7,1,de2fr,6,fr,6,0.8905
7,1,de2fr,7,de,4,0.8587
7,1,de2fr,7,de,6,0.843
7,1,de2fr,7,fr,4,0.8986
7,1,de2fr,7,fr,6,0.8953
7,1,de2fr,8,de,4,0.8646
7,1,de2fr,8,de,6,0.8599
7,1,de2fr,8,fr,4,0.9127
7,1,de2fr,8,fr,6,0.9056
7,1,en2fr,2,de,4,0.824
7,1,en2fr,2,de,6,0.8043
7,1,en2fr,2,fr,4,0.9201
7,1,en2fr,2,fr,6,0.9142
7,1,en2fr,3,de,4,0.8053
7,1,en2fr,3,de,6,0.8066
7,1,en2fr,3,fr,4,0.9393
7,1,en2fr,3,fr,6,0.9395
7,1,en2fr,6,de,4,0.8136
7,1,en2fr,6,de,6,0.7989
7,1,en2fr,6,fr,4,0.9361
7,1,en2fr,6,fr,6,0.9368
7,1,en2fr,7,de,4,0.7921
7,1,en2fr,7,de,6,0.7969
7,1,en2fr,7,fr,4,0.9302
7,1,en2fr,7,fr,6,0.9242
7,1,en2fr,8,de,4,0.8206
7,1,en2fr,8,de,6,0.8101
7,1,en2fr,8,fr,4,0.9228
7,1,en2fr,8,fr,6,0.9215
7,1,en2fr,9,de,4,0.8043
7,1,en2fr,9,de,6,0.8021
7,1,en2fr,9,fr,4,0.9398
7,1,en2fr,9,fr,6,0.9362
7,1,en2fr,0,de,4,0.8205
7,1,en2fr,0,de,6,0.8146
7,1,en2fr,0,fr,4,0.9308
7,1,en2fr,0,fr,6,0.9225
8,1,de2fr,2,de,4,0.8138
8,1,de2fr,2,de,6,0.8207
8,1,de2fr,2,fr,4,0.9275
8,1,de2fr,2,fr,6,0.9091
8,1,de2fr,3,de,4,0.8053
8,1,de2fr,3,de,6,0.8201
8,1,de2fr,3,fr,4,0.9405
8,1,de2fr,3,fr,6,0.9327
8,1,de2fr,6,de,4,0.8047
8,1,de2fr,6,de,6,0.8069
8,1,de2fr,6,fr,4,0.9155
8,1,de2fr,6,fr,6,0.8993
8,1,de2fr,7,de,4,0.8218
8,1,de2fr,7,de,6,0.8134
8,1,de2fr,7,fr,4,0.9152
8,1,de2fr,7,fr,6,0.9073
8,1,de2fr,8,de,4,0.8219
8,1,de2fr,8,de,6,0.8155
8,1,de2fr,8,fr,4,0.9045
8,1,de2fr,8,fr,6,0.8919
8,1,en2fr,2,de,4,0.7943
8,1,en2fr,2,de,6,0.7813
8,1,en2fr,2,fr,4,0.933
8,1,en2fr,2,fr,6,0.9156
8,1,en2fr,3,de,4,0.773
8,1,en2fr,3,de,6,0.7781
8,1,en2fr,3,fr,4,0.9367
8,1,en2fr,3,fr,6,0.9422
8,1,en2fr,6,de,4,0.8029
8,1,en2fr,6,de,6,0.7803
8,1,en2fr,6,fr,4,0.9387
8,1,en2fr,6,fr,6,0.9238
8,1,en2fr,7,de,4,0.7878
8,1,en2fr,7,de,6,0.7913
8,1,en2fr,7,fr,4,0.9379
8,1,en2fr,7,fr,6,0.9295
8,1,en2fr,8,de,4,0.7919
8,1,en2fr,8,de,6,0.7762
8,1,en2fr,8,fr,4,0.9214
8,1,en2fr,8,fr,6,0.9116
8,1,en2fr,9,de,4,0.7885
8,1,en2fr,9,de,6,0.789
8,1,en2fr,9,fr,4,0.9387
8,1,en2fr,9,fr,6,0.9226
8,1,en2fr,0,de,4,0.7961
8,1,en2fr,0,de,6,0.7942
8,1,en2fr,0,fr,4,0.9386
8,1,en2fr,0,fr,6,0.9293
9,1,de2fr,2,de,4,0.8331
9,1,de2fr,2,de,6,0.8022
9,1,de2fr,2,fr,4,0.9284
9,1,de2fr,2,fr,6,0.9074
9,1,de2fr,3,de,4,0.8124
9,1,de2fr,3,de,6,0.7915
9,1,de2fr,3,fr,4,0.9314
9,1,de2fr,3,fr,6,0.9433
9,1,de2fr,6,de,4,0.8131
9,1,de2fr,6,de,6,0.7718
9,1,de2fr,6,fr,4,0.915
9,1,de2fr,6,fr,6,0.8916
9,1,de2fr,7,de,4,0.8193
9,1,de2fr,7,de,6,0.7845
9,1,de2fr,7,fr,4,0.9228
9,1,de2fr,7,fr,6,0.9274
9,1,de2fr,8,de,4,0.8171
9,1,de2fr,8,de,6,0.7895
9,1,de2fr,8,fr,4,0.919
9,1,de2fr,8,fr,6,0.9142
9,1,en2fr,2,de,4,0.7954
9,1,en2fr,2,de,6,0.7553
9,1,en2fr,2,fr,4,0.9357
9,1,en2fr,2,fr,6,0.9215
9,1,en2fr,3,de,4,0.807
9,1,en2fr,3,de,6,0.7813
9,1,en2fr,3,fr,4,0.9364
9,1,en2fr,3,fr,6,0.9398
9,1,en2fr,6,de,4,0.7886
9,1,en2fr,6,de,6,0.7464
9,1,en2fr,6,fr,4,0.9341
9,1,en2fr,6,fr,6,0.9264
9,1,en2fr,7,de,4,0.788
9,1,en2fr,7,de,6,0.7563
9,1,en2fr,7,fr,4,0.9265
9,1,en2fr,7,fr,6,0.9229
9,1,en2fr,8,de,4,0.8005
9,1,en2fr,8,de,6,0.7727
9,1,en2fr,8,fr,4,0.9261
9,1,en2fr,8,fr,6,0.9259
9,1,en2fr,9,de,4,0.8008
9,1,en2fr,9,de,6,0.7625
9,1,en2fr,9,fr,4,0.9357
9,1,en2fr,9,fr,6,0.9253
9,1,en2fr,0,de,4,0.8188
9,1,en2fr,0,de,6,0.7785
9,1,en2fr,0,fr,4,0.9281
9,1,en2fr,0,fr,6,0.9257
10,1,de2fr,2,de,4,0.837
10,1,de2fr,2,de,6,0.8089
10,1,de2fr,2,fr,4,0.9366
10,1,de2fr,2,fr,6,0.943
10,1,de2fr,3,de,4,0.8035
10,1,de2fr,3,de,6,0.7951
10,1,de2fr,3,fr,4,0.9313
10,1,de2fr,3,fr,6,0.947
10,1,de2fr,6,de,4,0.829
10,1,de2fr,6,de,6,0.8041
10,1,de2fr,6,fr,4,0.9141
10,1,de2fr,6,fr,6,0.9201
10,1,de2fr,7,de,4,0.8388
10,1,de2fr,7,de,6,0.8167
10,1,de2fr,7,fr,4,0.9356
10,1,de2fr,7,fr,6,0.9443
10,1,de2fr,8,de,4,0.8345
10,1,de2fr,8,de,6,0.8175
10,1,de2fr,8,fr,4,0.9321
10,1,de2fr,8,fr,6,0.9304
10,1,en2fr,2,de,4,0.8205
10,1,en2fr,2,de,6,0.7928
10,1,en2fr,2,fr,4,0.9334
10,1,en2fr,2,fr,6,0.9292
10,1,en2fr,3,de,4,0.8204
10,1,en2fr,3,de,6,0.7969
10,1,en2fr,3,fr,4,0.9507
10,1,en2fr,3,fr,6,0.9541
10,1,en2fr,6,de,4,0.8046
10,1,en2fr,6,de,6,0.7654
10,1,en2fr,6,fr,4,0.9373
10,1,en2fr,6,fr,6,0.9382
10,1,en2fr,7,de,4,0.798
10,1,en2fr,7,de,6,0.7917
10,1,en2fr,7,fr,4,0.934
10,1,en2fr,7,fr,6,0.9438
10,1,en2fr,8,de,4,0.8157
10,1,en2fr,8,de,6,0.7864
10,1,en2fr,8,fr,4,0.9328
10,1,en2fr,8,fr,6,0.9336
10,1,en2fr,9,de,4,0.8085
10,1,en2fr,9,de,6,0.7805
10,1,en2fr,9,fr,4,0.9426
10,1,en2fr,9,fr,6,0.9432
10,1,en2fr,0,de,4,0.8131
10,1,en2fr,0,de,6,0.788
10,1,en2fr,0,fr,4,0.9266
10,1,en2fr,0,fr,6,0.9315
11,1,de2fr,2,de,4,0.8421
11,1,de2fr,2,de,6,0.798
11,1,de2fr,2,fr,4,0.9235
11,1,de2fr,2,fr,6,0.9384
11,1,de2fr,3,de,4,0.829
11,1,de2fr,3,de,6,0.7726
11,1,de2fr,3,fr,4,0.9196
11,1,de2fr,3,fr,6,0.9466
11,1,de2fr,6,de,4,0.8229
11,1,de2fr,6,de,6,0.7778
11,1,de2fr,6,fr,4,0.9128
11,1,de2fr,6,fr,6,0.9281
11,1,de2fr,7,de,4,0.8522
11,1,de2fr,7,de,6,0.8013
11,1,de2fr,7,fr,4,0.9231
11,1,de2fr,7,fr,6,0.9413
11,1,de2fr,8,de,4,0.848
11,1,de2fr,8,de,6,0.7996
11,1,de2fr,8,fr,4,0.9406
11,1,de2fr,8,fr,6,0.9517
11,1,en2fr,2,de,4,0.8119
11,1,en2fr,2,de,6,0.7655
11,1,en2fr,2,fr,4,0.9373
11,1,en2fr,2,fr,6,0.947
11,1,en2fr,3,de,4,0.8162
11,1,en2fr,3,de,6,0.7668
11,1,en2fr,3,fr,4,0.9276
11,1,en2fr,3,fr,6,0.9527
11,1,en2fr,6,de,4,0.805
11,1,en2fr,6,de,6,0.7458
11,1,en2fr,6,fr,4,0.9375
11,1,en2fr,6,fr,6,0.9432
11,1,en2fr,7,de,4,0.8029
11,1,en2fr,7,de,6,0.775
11,1,en2fr,7,fr,4,0.9459
11,1,en2fr,7,fr,6,0.9444
11,1,en2fr,8,de,4,0.821
11,1,en2fr,8,de,6,0.7783
11,1,en2fr,8,fr,4,0.9236
11,1,en2fr,8,fr,6,0.9363
11,1,en2fr,9,de,4,0.8151
11,1,en2fr,9,de,6,0.7736
11,1,en2fr,9,fr,4,0.9412
11,1,en2fr,9,fr,6,0.9469
11,1,en2fr,0,de,4,0.8086
11,1,en2fr,0,de,6,0.7653
11,1,en2fr,0,fr,4,0.9442
11,1,en2fr,0,fr,6,0.941
12,1,de2fr,2,de,4,0.8415
12,1,de2fr,2,de,6,0.7849
12,1,de2fr,2,fr,4,0.9487
12,1,de2fr,2,fr,6,0.9361
12,1,de2fr,3,de,4,0.8317
12,1,de2fr,3,de,6,0.7853
12,1,de2fr,3,fr,4,0.9419
12,1,de2fr,3,fr,6,0.9458
12,1,de2fr,6,de,4,0.8165
12,1,de2fr,6,de,6,0.7481
12,1,de2fr,6,fr,4,0.9142
12,1,de2fr,6,fr,6,0.9028
12,1,de2fr,7,de,4,0.8407
12,1,de2fr,7,de,6,0.7878
12,1,de2fr,7,fr,4,0.9376
12,1,de2fr,7,fr,6,0.9339
12,1,de2fr,8,de,4,0.8365
12,1,de2fr,8,de,6,0.7896
12,1,de2fr,8,fr,4,0.9463
12,1,de2fr,8,fr,6,0.9426
12,1,en2fr,2,de,4,0.812
12,1,en2fr,2,de,6,0.7491
12,1,en2fr,2,fr,4,0.9473
12,1,en2fr,2,fr,6,0.9495
12,1,en2fr,3,de,4,0.8009
12,1,en2fr,3,de,6,0.7557
12,1,en2fr,3,fr,4,0.9323
12,1,en2fr,3,fr,6,0.9564
12,1,en2fr,6,de,4,0.81
12,1,en2fr,6,de,6,0.757
12,1,en2fr,6,fr,4,0.9388
12,1,en2fr,6,fr,6,0.9406
12,1,en2fr,7,de,4,0.8327
12,1,en2fr,7,de,6,0.7725
12,1,en2fr,7,fr,4,0.9505
12,1,en2fr,7,fr,6,0.9489
12,1,en2fr,8,de,4,0.817
12,1,en2fr,8,de,6,0.7728
12,1,en2fr,8,fr,4,0.935
12,1,en2fr,8,fr,6,0.9494
12,1,en2fr,9,de,4,0.8275
12,1,en2fr,9,de,6,0.7687
12,1,en2fr,9,fr,4,0.9453
12,1,en2fr,9,fr,6,0.9435
12,1,en2fr,0,de,4,0.8344
12,1,en2fr,0,de,6,0.7836
12,1,en2fr,0,fr,4,0.9517
12,1,en2fr,0,fr,6,0.9447
13,1,de2fr,2,de,4,0.8417
13,1,de2fr,2,de,6,0.7924
13,1,de2fr,2,fr,4,0.9373
13,1,de2fr,2,fr,6,0.9354
13,1,de2fr,3,de,4,0.8101
13,1,de2fr,3,de,6,0.7707
13,1,de2fr,3,fr,4,0.9415
13,1,de2fr,3,fr,6,0.9526
13,1,de2fr,6,de,4,0.8177
13,1,de2fr,6,de,6,0.7448
13,1,de2fr,6,fr,4,0.9488
13,1,de2fr,6,fr,6,0.9274
13,1,de2fr,7,de,4,0.8485
13,1,de2fr,7,de,6,0.7971
13,1,de2fr,7,fr,4,0.9454
13,1,de2fr,7,fr,6,0.9473
13,1,de2fr,8,de,4,0.8408
13,1,de2fr,8,de,6,0.7854
13,1,de2fr,8,fr,4,0.9445
13,1,de2fr,8,fr,6,0.9292
13,1,en2fr,2,de,4,0.8124
13,1,en2fr,2,de,6,0.754
13,1,en2fr,2,fr,4,0.9479
13,1,en2fr,2,fr,6,0.9401
13,1,en2fr,3,de,4,0.8016
13,1,en2fr,3,de,6,0.7544
13,1,en2fr,3,fr,4,0.9443
13,1,en2fr,3,fr,6,0.9533
13,1,en2fr,6,de,4,0.8094
13,1,en2fr,6,de,6,0.7556
13,1,en2fr,6,fr,4,0.9446
13,1,en2fr,6,fr,6,0.9425
13,1,en2fr,7,de,4,0.799
13,1,en2fr,7,de,6,0.7492
13,1,en2fr,7,fr,4,0.9483
13,1,en2fr,7,fr,6,0.9542
13,1,en2fr,8,de,4,0.8265
13,1,en2fr,8,de,6,0.7692
13,1,en2fr,8,fr,4,0.9375
13,1,en2fr,8,fr,6,0.9392
13,1,en2fr,9,de,4,0.8056
13,1,en2fr,9,de,6,0.7414
13,1,en2fr,9,fr,4,0.9511
13,1,en2fr,9,fr,6,0.9399
13,1,en2fr,0,de,4,0.8338
13,1,en2fr,0,de,6,0.7704
13,1,en2fr,0,fr,4,0.9492
13,1,en2fr,0,fr,6,0.9396
14,1,de2fr,2,de,4,0.8283
14,1,de2fr,2,de,6,0.8443
14,1,de2fr,2,fr,4,0.9419
14,1,de2fr,2,fr,6,0.9427
14,1,de2fr,3,de,4,0.8179
14,1,de2fr,3,de,6,0.8276
14,1,de2fr,3,fr,4,0.9491
14,1,de2fr,3,fr,6,0.9521
14,1,de2fr,6,de,4,0.7888
14,1,de2fr,6,de,6,0.79
14,1,de2fr,6,fr,4,0.9541
14,1,de2fr,6,fr,6,0.9359
14,1,de2fr,7,de,4,0.8229
14,1,de2fr,7,de,6,0.8342
14,1,de2fr,7,fr,4,0.9309
14,1,de2fr,7,fr,6,0.9322
14,1,de2fr,8,de,4,0.8253
14,1,de2fr,8,de,6,0.8395
14,1,de2fr,8,fr,4,0.9392
14,1,de2fr,8,fr,6,0.9377
14,1,en2fr,2,de,4,0.8043
14,1,en2fr,2,de,6,0.8012
14,1,en2fr,2,fr,4,0.9549
14,1,en2fr,2,fr,6,0.9446
14,1,en2fr,3,de,4,0.7905
14,1,en2fr,3,de,6,0.8139
14,1,en2fr,3,fr,4,0.9458
14,1,en2fr,3,fr,6,0.9625
14,1,en2fr,6,de,4,0.7939
14,1,en2fr,6,de,6,0.8012
14,1,en2fr,6,fr,4,0.9456
14,1,en2fr,6,fr,6,0.9425
14,1,en2fr,7,de,4,0.7915
14,1,en2fr,7,de,6,0.8172
14,1,en2fr,7,fr,4,0.9475
14,1,en2fr,7,fr,6,0.9556
14,1,en2fr,8,de,4,0.8034
14,1,en2fr,8,de,6,0.8221
14,1,en2fr,8,fr,4,0.9528
14,1,en2fr,8,fr,6,0.9521
14,1,en2fr,9,de,4,0.8012
14,1,en2fr,9,de,6,0.809
14,1,en2fr,9,fr,4,0.9554
14,1,en2fr,9,fr,6,0.9462
14,1,en2fr,0,de,4,0.8134
14,1,en2fr,0,de,6,0.8236
14,1,en2fr,0,fr,4,0.9503
14,1,en2fr,0,fr,6,0.9439
15,1,de2fr,2,de,4,0.8312
15,1,de2fr,2,de,6,0.8055
15,1,de2fr,2,fr,4,0.9462
15,1,de2fr,2,fr,6,0.9494
15,1,de2fr,3,de,4,0.8097
15,1,de2fr,3,de,6,0.7869
15,1,de2fr,3,fr,4,0.9525
15,1,de2fr,3,fr,6,0.9525
15,1,de2fr,6,de,4,0.8056
15,1,de2fr,6,de,6,0.7761
15,1,de2fr,6,fr,4,0.9485
15,1,de2fr,6,fr,6,0.9455
15,1,de2fr,7,de,4,0.8248
15,1,de2fr,7,de,6,0.8
15,1,de2fr,7,fr,4,0.9478
15,1,de2fr,7,fr,6,0.9536
15,1,de2fr,8,de,4,0.8203
15,1,de2fr,8,de,6,0.7927
15,1,de2fr,8,fr,4,0.9507
15,1,de2fr,8,fr,6,0.953
15,1,en2fr,2,de,4,0.7948
15,1,en2fr,2,de,6,0.7615
15,1,en2fr,2,fr,4,0.9598
15,1,en2fr,2,fr,6,0.9489
15,1,en2fr,3,de,4,0.7945
15,1,en2fr,3,de,6,0.7767
15,1,en2fr,3,fr,4,0.9487
15,1,en2fr,3,fr,6,0.9597
15,1,en2fr,6,de,4,0.8115
15,1,en2fr,6,de,6,0.7636
15,1,en2fr,6,fr,4,0.9369
15,1,en2fr,6,fr,6,0.9488
15,1,en2fr,7,de,4,0.7928
15,1,en2fr,7,de,6,0.7646
15,1,en2fr,7,fr,4,0.9531
15,1,en2fr,7,fr,6,0.9526
15,1,en2fr,8,de,4,0.7957
15,1,en2fr,8,de,6,0.7668
15,1,en2fr,8,fr,4,0.9545
15,1,en2fr,8,fr,6,0.9553
15,1,en2fr,9,de,4,0.8095
15,1,en2fr,9,de,6,0.7714
15,1,en2fr,9,fr,4,0.9519
15,1,en2fr,9,fr,6,0.953
15,1,en2fr,0,de,4,0.8161
15,1,en2fr,0,de,6,0.7751
15,1,en2fr,0,fr,4,0.9499
15,1,en2fr,0,fr,6,0.9551
16,1,de2fr,2,de,4,0.8287
16,1,de2fr,2,de,6,0.8049
16,1,de2fr,2,fr,4,0.953
16,1,de2fr,2,fr,6,0.9448
16,1,de2fr,3,de,4,0.8379
16,1,de2fr,3,de,6,0.8186
16,1,de2fr,3,fr,4,0.9495
16,1,de2fr,3,fr,6,0.9546
16,1,de2fr,6,de,4,0.8115
16,1,de2fr,6,de,6,0.7843
16,1,de2fr,6,fr,4,0.9517
16,1,de2fr,6,fr,6,0.9437
16,1,de2fr,7,de,4,0.845
16,1,de2fr,7,de,6,0.8117
16,1,de2fr,7,fr,4,0.9561
16,1,de2fr,7,fr,6,0.9371
16,1,de2fr,8,de,4,0.8353
16,1,de2fr,8,de,6,0.8141
16,1,de2fr,8,fr,4,0.9513
16,1,de2fr,8,fr,6,0.947
16,1,en2fr,2,de,4,0.8109
16,1,en2fr,2,de,6,0.7802
16,1,en2fr,2,fr,4,0.9456
16,1,en2fr,2,fr,6,0.9356
16,1,en2fr,3,de,4,0.8319
16,1,en2fr,3,de,6,0.8084
16,1,en2fr,3,fr,4,0.9451
16,1,en2fr,3,fr,6,0.9521
16,1,en2fr,6,de,4,0.8128
16,1,en2fr,6,de,6,0.7823
16,1,en2fr,6,fr,4,0.9423
16,1,en2fr,6,fr,6,0.9411
16,1,en2fr,7,de,4,0.8093
16,1,en2fr,7,de,6,0.7922
16,1,en2fr,7,fr,4,0.9555
16,1,en2fr,7,fr,6,0.96
16,1,en2fr,8,de,4,0.815
16,1,en2fr,8,de,6,0.788
16,1,en2fr,8,fr,4,0.9556
16,1,en2fr,8,fr,6,0.95
16,1,en2fr,9,de,4,0.8232
16,1,en2fr,9,de,6,0.7909
16,1,en2fr,9,fr,4,0.9555
16,1,en2fr,9,fr,6,0.9454
16,1,en2fr,0,de,4,0.8404
16,1,en2fr,0,de,6,0.8104
16,1,en2fr,0,fr,4,0.9564
16,1,en2fr,0,fr,6,0.9391
17,1,de2fr,2,de,4,0.8458
17,1,de2fr,2,de,6,0.8314
17,1,de2fr,2,fr,4,0.9386
17,1,de2fr,2,fr,6,0.945
17,1,de2fr,3,de,4,0.8303
17,1,de2fr,3,de,6,0.8222
17,1,de2fr,3,fr,4,0.9448
17,1,de2fr,3,fr,6,0.9492
17,1,de2fr,6,de,4,0.8233
17,1,de2fr,6,de,6,0.7984
17,1,de2fr,6,fr,4,0.9503
17,1,de2fr,6,fr,6,0.9464
17,1,de2fr,7,de,4,0.8435
17,1,de2fr,7,de,6,0.8237
17,1,de2fr,7,fr,4,0.9487
17,1,de2fr,7,fr,6,0.952
17,1,de2fr,8,de,4,0.8365
17,1,de2fr,8,de,6,0.8236
17,1,de2fr,8,fr,4,0.9562
17,1,de2fr,8,fr,6,0.9568
17,1,en2fr,2,de,4,0.816
17,1,en2fr,2,de,6,0.7953
17,1,en2fr,2,fr,4,0.9533
17,1,en2fr,2,fr,6,0.9572
17,1,en2fr,3,de,4,0.8212
17,1,en2fr,3,de,6,0.806
17,1,en2fr,3,fr,4,0.9385
17,1,en2fr,3,fr,6,0.9475
17,1,en2fr,6,de,4,0.8159
17,1,en2fr,6,de,6,0.8048
17,1,en2fr,6,fr,4,0.9424
17,1,en2fr,6,fr,6,0.9547
17,1,en2fr,7,de,4,0.8205
17,1,en2fr,7,de,6,0.8073
17,1,en2fr,7,fr,4,0.9533
17,1,en2fr,7,fr,6,0.9582
17,1,en2fr,8,de,4,0.8193
17,1,en2fr,8,de,6,0.8016
17,1,en2fr,8,fr,4,0.9558
17,1,en2fr,8,fr,6,0.9541
17,1,en2fr,9,de,4,0.8382
17,1,en2fr,9,de,6,0.8148
17,1,en2fr,9,fr,4,0.9562
17,1,en2fr,9,fr,6,0.9527
17,1,en2fr,0,de,4,0.8339
17,1,en2fr,0,de,6,0.8179
17,1,en2fr,0,fr,4,0.9474
17,1,en2fr,0,fr,6,0.9561
18,1,de2fr,2,de,4,0.8616
18,1,de2fr,2,de,6,0.844
18,1,de2fr,2,fr,4,0.9468
18,1,de2fr,2,fr,6,0.9458
18,1,de2fr,3,de,4,0.8569
18,1,de2fr,3,de,6,0.8396
18,1,de2fr,3,fr,4,0.9544
18,1,de2fr,3,fr,6,0.9556
18,1,de2fr,6,de,4,0.8354
18,1,de2fr,6,de,6,0.8159
18,1,de2fr,6,fr,4,0.9605
18,1,de2fr,6,fr,6,0.9617
18,1,de2fr,7,de,4,0.8691
18,1,de2fr,7,de,6,0.8456
18,1,de2fr,7,fr,4,0.9491
18,1,de2fr,7,fr,6,0.9421
18,1,de2fr,8,de,4,0.8635
18,1,de2fr,8,de,6,0.8396
18,1,de2fr,8,fr,4,0.9411
18,1,de2fr,8,fr,6,0.9424
18,1,en2fr,2,de,4,0.8578
18,1,en2fr,2,de,6,0.8304
18,1,en2fr,2,fr,4,0.9407
18,1,en2fr,2,fr,6,0.9388
18,1,en2fr,3,de,4,0.8306
18,1,en2fr,3,de,6,0.8192
18,1,en2fr,3,fr,4,0.9506
18,1,en2fr,3,fr,6,0.9546
18,1,en2fr,6,de,4,0.8422
18,1,en2fr,6,de,6,0.8083
18,1,en2fr,6,fr,4,0.931
18,1,en2fr,6,fr,6,0.942
18,1,en2fr,7,de,4,0.8526
18,1,en2fr,7,de,6,0.8352
18,1,en2fr,7,fr,4,0.9519
18,1,en2fr,7,fr,6,0.9533
18,1,en2fr,8,de,4,0.8496
18,1,en2fr,8,de,6,0.8258
18,1,en2fr,8,fr,4,0.9503
18,1,en2fr,8,fr,6,0.9526
18,1,en2fr,9,de,4,0.8521
18,1,en2fr,9,de,6,0.8291
18,1,en2fr,9,fr,4,0.948
18,1,en2fr,9,fr,6,0.9439
18,1,en2fr,0,de,4,0.8595
18,1,en2fr,0,de,6,0.844
18,1,en2fr,0,fr,4,0.9445
18,1,en2fr,0,fr,6,0.9464
19,1,de2fr,2,de,4,0.8229
19,1,de2fr,2,de,6,0.8417
19,1,de2fr,2,fr,4,0.9537
19,1,de2fr,2,fr,6,0.9561
19,1,de2fr,3,de,4,0.8235
19,1,de2fr,3,de,6,0.8379
19,1,de2fr,3,fr,4,0.9529
19,1,de2fr,3,fr,6,0.9526
19,1,de2fr,6,de,4,0.8047
19,1,de2fr,6,de,6,0.8133
19,1,de2fr,6,fr,4,0.9535
19,1,de2fr,6,fr,6,0.9543
19,1,de2fr,7,de,4,0.8311
19,1,de2fr,7,de,6,0.8296
19,1,de2fr,7,fr,4,0.9472
19,1,de2fr,7,fr,6,0.9552
19,1,de2fr,8,de,4,0.8117
19,1,de2fr,8,de,6,0.8226
19,1,de2fr,8,fr,4,0.9546
19,1,de2fr,8,fr,6,0.9568
19,1,en2fr,2,de,4,0.8125
19,1,en2fr,2,de,6,0.8172
19,1,en2fr,2,fr,4,0.9556
19,1,en2fr,2,fr,6,0.9529
19,1,en2fr,3,de,4,0.811
19,1,en2fr,3,de,6,0.8273
19,1,en2fr,3,fr,4,0.9552
19,1,en2fr,3,fr,6,0.9596
19,1,en2fr,6,de,4,0.8055
19,1,en2fr,6,de,6,0.8054
19,1,en2fr,6,fr,4,0.9533
19,1,en2fr,6,fr,6,0.9564
19,1,en2fr,7,de,4,0.8021
19,1,en2fr,7,de,6,0.8244
19,1,en2fr,7,fr,4,0.9528
19,1,en2fr,7,fr,6,0.9541
19,1,en2fr,8,de,4,0.8078
19,1,en2fr,8,de,6,0.8208
19,1,en2fr,8,fr,4,0.9584
19,1,en2fr,8,fr,6,0.9597
19,1,en2fr,9,de,4,0.8126
19,1,en2fr,9,de,6,0.8231
19,1,en2fr,9,fr,4,0.9537
19,1,en2fr,9,fr,6,0.9591
19,1,en2fr,0,de,4,0.8301
19,1,en2fr,0,de,6,0.837
19,1,en2fr,0,fr,4,0.9507
19,1,en2fr,0,fr,6,0.9535
20,1,de2fr,2,de,4,0.8597
20,1,de2fr,2,de,6,0.816
20,1,de2fr,2,fr,4,0.9505
20,1,de2fr,2,fr,6,0.9531
20,1,de2fr,3,de,4,0.8529
20,1,de2fr,3,de,6,0.8009
20,1,de2fr,3,fr,4,0.941
20,1,de2fr,3,fr,6,0.9531
20,1,de2fr,6,de,4,0.8227
20,1,de2fr,6,de,6,0.7763
20,1,de2fr,6,fr,4,0.9547
20,1,de2fr,6,fr,6,0.9556
20,1,de2fr,7,de,4,0.8503
20,1,de2fr,7,de,6,0.7966
20,1,de2fr,7,fr,4,0.9527
20,1,de2fr,7,fr,6,0.9607
20,1,de2fr,8,de,4,0.8499
20,1,de2fr,8,de,6,0.8045
20,1,de2fr,8,fr,4,0.9565
20,1,de2fr,8,fr,6,0.9515
20,1,en2fr,2,de,4,0.8273
20,1,en2fr,2,de,6,0.787
20,1,en2fr,2,fr,4,0.9563
20,1,en2fr,2,fr,6,0.9564
20,1,en2fr,3,de,4,0.8323
20,1,en2fr,3,de,6,0.7863
20,1,en2fr,3,fr,4,0.942
20,1,en2fr,3,fr,6,0.9598
20,1,en2fr,6,de,4,0.8244
20,1,en2fr,6,de,6,0.7728
20,1,en2fr,6,fr,4,0.948
20,1,en2fr,6,fr,6,0.9607
20,1,en2fr,7,de,4,0.8347
20,1,en2fr,7,de,6,0.8053
20,1,en2fr,7,fr,4,0.9611
20,1,en2fr,7,fr,6,0.9612
20,1,en2fr,8,de,4,0.8423
20,1,en2fr,8,de,6,0.7886
20,1,en2fr,8,fr,4,0.9562
20,1,en2fr,8,fr,6,0.9623
20,1,en2fr,9,de,4,0.8332
20,1,en2fr,9,de,6,0.7801
20,1,en2fr,9,fr,4,0.9527
20,1,en2fr,9,fr,6,0.9592
20,1,en2fr,0,de,4,0.8502
20,1,en2fr,0,de,6,0.8027
20,1,en2fr,0,fr,4,0.9502
20,1,en2fr,0,fr,6,0.9554
21,1,de2fr,2,de,4,0.8377
21,1,de2fr,2,de,6,0.8453
21,1,de2fr,2,fr,4,0.9513
21,1,de2fr,2,fr,6,0.9474
21,1,de2fr,3,de,4,0.8383
21,1,de2fr,3,de,6,0.8394
21,1,de2fr,3,fr,4,0.9362
21,1,de2fr,3,fr,6,0.9409
21,1,de2fr,6,de,4,0.8049
21,1,de2fr,6,de,6,0.8293
21,1,de2fr,6,fr,4,0.9552
21,1,de2fr,6,fr,6,0.957
21,1,de2fr,7,de,4,0.8523
21,1,de2fr,7,de,6,0.8502
21,1,de2fr,7,fr,4,0.952
21,1,de2fr,7,fr,6,0.9546
21,1,de2fr,8,de,4,0.8449
21,1,de2fr,8,de,6,0.845
21,1,de2fr,8,fr,4,0.9553
21,1,de2fr,8,fr,6,0.9514
21,1,en2fr,2,de,4,0.8376
21,1,en2fr,2,de,6,0.8418
21,1,en2fr,2,fr,4,0.9449
21,1,en2fr,2,fr,6,0.9491
21,1,en2fr,3,de,4,0.8271
21,1,en2fr,3,de,6,0.8274
21,1,en2fr,3,fr,4,0.9466
21,1,en2fr,3,fr,6,0.949
21,1,en2fr,6,de,4,0.8154
21,1,en2fr,6,de,6,0.8272
21,1,en2fr,6,fr,4,0.9546
21,1,en2fr,6,fr,6,0.9624
21,1,en2fr,7,de,4,0.8294
21,1,en2fr,7,de,6,0.8454
21,1,en2fr,7,fr,4,0.9568
21,1,en2fr,7,fr,6,0.9627
21,1,en2fr,8,de,4,0.8308
21,1,en2fr,8,de,6,0.839
21,1,en2fr,8,fr,4,0.9491
21,1,en2fr,8,fr,6,0.9586
21,1,en2fr,9,de,4,0.8533
21,1,en2fr,9,de,6,0.8428
21,1,en2fr,9,fr,4,0.9427
21,1,en2fr,9,fr,6,0.9391
21,1,en2fr,0,de,4,0.8522
21,1,en2fr,0,de,6,0.8467
21,1,en2fr,0,fr,4,0.9435
21,1,en2fr,0,fr,6,0.9403
22,1,de2fr,2,de,4,0.8608
22,1,de2fr,2,de,6,0.8349
22,1,de2fr,2,fr,4,0.9594
22,1,de2fr,2,fr,6,0.9521
22,1,de2fr,3,de,4,0.804
22,1,de2fr,3,de,6,0.7764
22,1,de2fr,3,fr,4,0.8914
22,1,de2fr,3,fr,6,0.8842
22,1,de2fr,6,de,4,0.8429
22,1,de2fr,6,de,6,0.8124
22,1,de2fr,6,fr,4,0.9589
22,1,de2fr,6,fr,6,0.9494
22,1,de2fr,7,de,4,0.8791
22,1,de2fr,7,de,6,0.8336
22,1,de2fr,7,fr,4,0.9462
22,1,de2fr,7,fr,6,0.9339
22,1,de2fr,8,de,4,0.8609
22,1,de2fr,8,de,6,0.8274
22,1,de2fr,8,fr,4,0.9652
22,1,de2fr,8,fr,6,0.9524
22,1,en2fr,2,de,4,0.8413
22,1,en2fr,2,de,6,0.8132
22,1,en2fr,2,fr,4,0.9511
22,1,en2fr,2,fr,6,0.9507
22,1,en2fr,3,de,4,0.8497
22,1,en2fr,3,de,6,0.8195
22,1,en2fr,3,fr,4,0.9551
22,1,en2fr,3,fr,6,0.9515
22,1,en2fr,6,de,4,0.8539
22,1,en2fr,6,de,6,0.8239
22,1,en2fr,6,fr,4,0.9536
22,1,en2fr,6,fr,6,0.9494
22,1,en2fr,7,de,4,0.8568
22,1,en2fr,7,de,6,0.8315
22,1,en2fr,7,fr,4,0.952
22,1,en2fr,7,fr,6,0.9503
22,1,en2fr,8,de,4,0.8507
22,1,en2fr,8,de,6,0.8132
22,1,en2fr,8,fr,4,0.9626
22,1,en2fr,8,fr,6,0.9489
22,1,en2fr,9,de,4,0.8614
22,1,en2fr,9,de,6,0.8153
22,1,en2fr,9,fr,4,0.9625
22,1,en2fr,9,fr,6,0.9505
22,1,en2fr,0,de,4,0.8615
22,1,en2fr,0,de,6,0.8179
22,1,en2fr,0,fr,4,0.9566
22,1,en2fr,0,fr,6,0.9449
23,1,de2fr,2,de,4,0.8731
23,1,de2fr,2,de,6,0.8231
23,1,de2fr,2,fr,4,0.9557
23,1,de2fr,2,fr,6,0.953
23,1,de2fr,3,de,4,0.831
23,1,de2fr,3,de,6,0.7813
23,1,de2fr,3,fr,4,0.9191
23,1,de2fr,3,fr,6,0.9036
23,1,de2fr,6,de,4,0.839
23,1,de2fr,6,de,6,0.7918
23,1,de2fr,6,fr,4,0.9428
23,1,de2fr,6,fr,6,0.9352
23,1,de2fr,7,de,4,0.8742
23,1,de2fr,7,de,6,0.8205
23,1,de2fr,7,fr,4,0.9583
23,1,de2fr,7,fr,6,0.962
23,1,de2fr,8,de,4,0.8664
23,1,de2fr,8,de,6,0.8172
23,1,de2fr,8,fr,4,0.9586
23,1,de2fr,8,fr,6,0.9614
23,1,en2fr,2,de,4,0.8452
23,1,en2fr,2,de,6,0.7977
23,1,en2fr,2,fr,4,0.9474
23,1,en2fr,2,fr,6,0.9584
23,1,en2fr,3,de,4,0.8518
23,1,en2fr,3,de,6,0.8052
23,1,en2fr,3,fr,4,0.9472
23,1,en2fr,3,fr,6,0.9637
23,1,en2fr,6,de,4,0.842
23,1,en2fr,6,de,6,0.7939
23,1,en2fr,6,fr,4,0.9451
23,1,en2fr,6,fr,6,0.9551
23,1,en2fr,7,de,4,0.8495
23,1,en2fr,7,de,6,0.8016
23,1,en2fr,7,fr,4,0.9534
23,1,en2fr,7,fr,6,0.9609
23,1,en2fr,8,de,4,0.855
23,1,en2fr,8,de,6,0.7996
23,1,en2fr,8,fr,4,0.9545
23,1,en2fr,8,fr,6,0.9618
23,1,en2fr,9,de,4,0.858
23,1,en2fr,9,de,6,0.7927
23,1,en2fr,9,fr,4,0.9552
23,1,en2fr,9,fr,6,0.952
23,1,en2fr,0,de,4,0.8672
23,1,en2fr,0,de,6,0.8118
23,1,en2fr,0,fr,4,0.9472
23,1,en2fr,0,fr,6,0.9568
24,1,de2fr,2,de,4,0.8341
24,1,de2fr,2,de,6,0.8265
24,1,de2fr,2,fr,4,0.9542
24,1,de2fr,2,fr,6,0.9525
24,1,de2fr,3,de,4,0.8057
24,1,de2fr,3,de,6,0.7898
24,1,de2fr,3,fr,4,0.909
24,1,de2fr,3,fr,6,0.8892
24,1,de2fr,6,de,4,0.8045
24,1,de2fr,6,de,6,0.7949
24,1,de2fr,6,fr,4,0.9477
24,1,de2fr,6,fr,6,0.9413
24,1,de2fr,7,de,4,0.8352
24,1,de2fr,7,de,6,0.8249
24,1,de2fr,7,fr,4,0.9546
24,1,de2fr,7,fr,6,0.9498
24,1,de2fr,8,de,4,0.8477
24,1,de2fr,8,de,6,0.8348
24,1,de2fr,8,fr,4,0.9481
24,1,de2fr,8,fr,6,0.9484
24,1,en2fr,2,de,4,0.8099
24,1,en2fr,2,de,6,0.8037
24,1,en2fr,2,fr,4,0.9522
24,1,en2fr,2,fr,6,0.9484
24,1,en2fr,3,de,4,0.8376
24,1,en2fr,3,de,6,0.8263
24,1,en2fr,3,fr,4,0.9519
24,1,en2fr,3,fr,6,0.9567
24,1,en2fr,6,de,4,0.8271
24,1,en2fr,6,de,6,0.8068
24,1,en2fr,6,fr,4,0.9412
24,1,en2fr,6,fr,6,0.947
24,1,en2fr,7,de,4,0.8189
24,1,en2fr,7,de,6,0.8178
24,1,en2fr,7,fr,4,0.9623
24,1,en2fr,7,fr,6,0.9552
24,1,en2fr,8,de,4,0.8153
24,1,en2fr,8,de,6,0.8097
24,1,en2fr,8,fr,4,0.961
24,1,en2fr,8,fr,6,0.9553
24,1,en2fr,9,de,4,0.8268
24,1,en2fr,9,de,6,0.8109
24,1,en2fr,9,fr,4,0.9549
24,1,en2fr,9,fr,6,0.9537
24,1,en2fr,0,de,4,0.8511
24,1,en2fr,0,de,6,0.8319
24,1,en2fr,0,fr,4,0.9518
24,1,en2fr,0,fr,6,0.9485
25,1,de2fr,2,de,4,0.8424
25,1,de2fr,2,de,6,0.8301
25,1,de2fr,2,fr,4,0.9539
25,1,de2fr,2,fr,6,0.9464
25,1,de2fr,3,de,4,0.8194
25,1,de2fr,3,de,6,0.8117
25,1,de2fr,3,fr,4,0.9568
25,1,de2fr,3,fr,6,0.9462
25,1,de2fr,6,de,4,0.8268
25,1,de2fr,6,de,6,0.812
25,1,de2fr,6,fr,4,0.9497
25,1,de2fr,6,fr,6,0.9505
25,1,de2fr,7,de,4,0.8593
25,1,de2fr,7,de,6,0.8402
25,1,de2fr,7,fr,4,0.9542
25,1,de2fr,7,fr,6,0.9448
25,1,de2fr,8,de,4,0.8431
25,1,de2fr,8,de,6,0.8245
25,1,de2fr,8,fr,4,0.9459
25,1,de2fr,8,fr,6,0.9444
25,1,en2fr,2,de,4,0.821
25,1,en2fr,2,de,6,0.8063
25,1,en2fr,2,fr,4,0.9525
25,1,en2fr,2,fr,6,0.9464
25,1,en2fr,3,de,4,0.8243
25,1,en2fr,3,de,6,0.8181
25,1,en2fr,3,fr,4,0.9586
25,1,en2fr,3,fr,6,0.9581
25,1,en2fr,6,de,4,0.8274
25,1,en2fr,6,de,6,0.8126
25,1,en2fr,6,fr,4,0.9513
25,1,en2fr,6,fr,6,0.9562
25,1,en2fr,7,de,4,0.8304
25,1,en2fr,7,de,6,0.8224
25,1,en2fr,7,fr,4,0.9634
25,1,en2fr,7,fr,6,0.9518
25,1,en2fr,8,de,4,0.8097
25,1,en2fr,8,de,6,0.8074
25,1,en2fr,8,fr,4,0.9619
25,1,en2fr,8,fr,6,0.9612
25,1,en2fr,9,de,4,0.8296
25,1,en2fr,9,de,6,0.8125
25,1,en2fr,9,fr,4,0.9548
25,1,en2fr,9,fr,6,0.9447
25,1,en2fr,0,de,4,0.8464
25,1,en2fr,0,de,6,0.8365
25,1,en2fr,0,fr,4,0.9556
25,1,en2fr,0,fr,6,0.9506
26,1,de2fr,2,de,4,0.8314
26,1,de2fr,2,de,6,0.8275
26,1,de2fr,2,fr,4,0.9473
26,1,de2fr,2,fr,6,0.9436
26,1,de2fr,3,de,4,0.8152
26,1,de2fr,3,de,6,0.8167
26,1,de2fr,3,fr,4,0.9589
26,1,de2fr,3,fr,6,0.9556
26,1,de2fr,6,de,4,0.8092
26,1,de2fr,6,de,6,0.7986
26,1,de2fr,6,fr,4,0.9498
26,1,de2fr,6,fr,6,0.958
26,1,de2fr,7,de,4,0.8468
26,1,de2fr,7,de,6,0.8306
26,1,de2fr,7,fr,4,0.9559
26,1,de2fr,7,fr,6,0.9509
26,1,de2fr,8,de,4,0.8438
26,1,de2fr,8,de,6,0.8341
26,1,de2fr,8,fr,4,0.9542
26,1,de2fr,8,fr,6,0.9462
26,1,en2fr,2,de,4,0.8175
26,1,en2fr,2,de,6,0.8028
26,1,en2fr,2,fr,4,0.9484
26,1,en2fr,2,fr,6,0.9479
26,1,en2fr,3,de,4,0.808
26,1,en2fr,3,de,6,0.801
26,1,en2fr,3,fr,4,0.9532
26,1,en2fr,3,fr,6,0.9537
26,1,en2fr,6,de,4,0.8264
26,1,en2fr,6,de,6,0.8108
26,1,en2fr,6,fr,4,0.9483
26,1,en2fr,6,fr,6,0.9542
26,1,en2fr,7,de,4,0.8242
26,1,en2fr,7,de,6,0.8165
26,1,en2fr,7,fr,4,0.9563
26,1,en2fr,7,fr,6,0.9559
26,1,en2fr,8,de,4,0.8339
26,1,en2fr,8,de,6,0.8312
26,1,en2fr,8,fr,4,0.9553
26,1,en2fr,8,fr,6,0.9509
26,1,en2fr,9,de,4,0.8292
26,1,en2fr,9,de,6,0.8082
26,1,en2fr,9,fr,4,0.9499
26,1,en2fr,9,fr,6,0.9484
26,1,en2fr,0,de,4,0.8351
26,1,en2fr,0,de,6,0.8219
26,1,en2fr,0,fr,4,0.9461
26,1,en2fr,0,fr,6,0.9441
27,1,de2fr,2,de,4,0.8277
27,1,de2fr,2,de,6,0.824
27,1,de2fr,2,fr,4,0.9595
27,1,de2fr,2,fr,6,0.9531
27,1,de2fr,3,de,4,0.8157
27,1,de2fr,3,de,6,0.8209
27,1,de2fr,3,fr,4,0.9604
27,1,de2fr,3,fr,6,0.9551
27,1,de2fr,6,de,4,0.8215
27,1,de2fr,6,de,6,0.8014
27,1,de2fr,6,fr,4,0.9513
27,1,de2fr,6,fr,6,0.9545
27,1,de2fr,7,de,4,0.8284
27,1,de2fr,7,de,6,0.817
27,1,de2fr,7,fr,4,0.9512
27,1,de2fr,7,fr,6,0.9511
27,1,de2fr,8,de,4,0.8353
27,1,de2fr,8,de,6,0.8215
27,1,de2fr,8,fr,4,0.9565
27,1,de2fr,8,fr,6,0.9476
27,1,en2fr,2,de,4,0.8154
27,1,en2fr,2,de,6,0.8086
27,1,en2fr,2,fr,4,0.9538
27,1,en2fr,2,fr,6,0.9536
27,1,en2fr,3,de,4,0.8276
27,1,en2fr,3,de,6,0.8246
27,1,en2fr,3,fr,4,0.9565
27,1,en2fr,3,fr,6,0.9565
27,1,en2fr,6,de,4,0.8338
27,1,en2fr,6,de,6,0.8215
27,1,en2fr,6,fr,4,0.9413
27,1,en2fr,6,fr,6,0.9493
27,1,en2fr,7,de,4,0.8285
27,1,en2fr,7,de,6,0.8102
27,1,en2fr,7,fr,4,0.9473
27,1,en2fr,7,fr,6,0.9417
27,1,en2fr,8,de,4,0.8208
27,1,en2fr,8,de,6,0.8143
27,1,en2fr,8,fr,4,0.9574
27,1,en2fr,8,fr,6,0.9592
27,1,en2fr,9,de,4,0.8322
27,1,en2fr,9,de,6,0.8148
27,1,en2fr,9,fr,4,0.9587
27,1,en2fr,9,fr,6,0.9585
27,1,en2fr,0,de,4,0.8407
27,1,en2fr,0,de,6,0.831
27,1,en2fr,0,fr,4,0.9591
27,1,en2fr,0,fr,6,0.9565
28,1,de2fr,2,de,4,0.8412
28,1,de2fr,2,de,6,0.8258
28,1,de2fr,2,fr,4,0.9524
28,1,de2fr,2,fr,6,0.9425
28,1,de2fr,3,de,4,0.8233
28,1,de2fr,3,de,6,0.8202
28,1,de2fr,3,fr,4,0.9645
28,1,de2fr,3,fr,6,0.9594
28,1,de2fr,6,de,4,0.8121
28,1,de2fr,6,de,6,0.8047
28,1,de2fr,6,fr,4,0.959
28,1,de2fr,6,fr,6,0.9499
28,1,de2fr,7,de,4,0.8513
28,1,de2fr,7,de,6,0.8403
28,1,de2fr,7,fr,4,0.955
28,1,de2fr,7,fr,6,0.9502
28,1,de2fr,8,de,4,0.8349
28,1,de2fr,8,de,6,0.8249
28,1,de2fr,8,fr,4,0.9584
28,1,de2fr,8,fr,6,0.9629
28,1,en2fr,2,de,4,0.8206
28,1,en2fr,2,de,6,0.8135
28,1,en2fr,2,fr,4,0.959
28,1,en2fr,2,fr,6,0.9541
28,1,en2fr,3,de,4,0.8179
28,1,en2fr,3,de,6,0.8134
28,1,en2fr,3,fr,4,0.9633
28,1,en2fr,3,fr,6,0.9606
28,1,en2fr,6,de,4,0.8201
28,1,en2fr,6,de,6,0.8079
28,1,en2fr,6,fr,4,0.9427
28,1,en2fr,6,fr,6,0.9511
28,1,en2fr,7,de,4,0.8397
28,1,en2fr,7,de,6,0.828
28,1,en2fr,7,fr,4,0.9428
28,1,en2fr,7,fr,6,0.9444
28,1,en2fr,8,de,4,0.824
28,1,en2fr,8,de,6,0.8228
28,1,en2fr,8,fr,4,0.9617
28,1,en2fr,8,fr,6,0.9597
28,1,en2fr,9,de,4,0.8307
28,1,en2fr,9,de,6,0.8148
28,1,en2fr,9,fr,4,0.9577
28,1,en2fr,9,fr,6,0.9511
28,1,en2fr,0,de,4,0.8447
28,1,en2fr,0,de,6,0.8302
28,1,en2fr,0,fr,4,0.9537
28,1,en2fr,0,fr,6,0.9509
29,1,de2fr,2,de,4,0.8499
29,1,de2fr,2,de,6,0.8383
29,1,de2fr,2,fr,4,0.9551
29,1,de2fr,2,fr,6,0.9504
29,1,de2fr,3,de,4,0.819
29,1,de2fr,3,de,6,0.8175
29,1,de2fr,3,fr,4,0.9586
29,1,de2fr,3,fr,6,0.9532
29,1,de2fr,6,de,4,0.8171
29,1,de2fr,6,de,6,0.8001
29,1,de2fr,6,fr,4,0.9516
29,1,de2fr,6,fr,6,0.9342
29,1,de2fr,7,de,4,0.8408
29,1,de2fr,7,de,6,0.823
29,1,de2fr,7,fr,4,0.955
29,1,de2fr,7,fr,6,0.9578
29,1,de2fr,8,de,4,0.8363
29,1,de2fr,8,de,6,0.8173
29,1,de2fr,8,fr,4,0.9544
29,1,de2fr,8,fr,6,0.9547
29,1,en2fr,2,de,4,0.8098
29,1,en2fr,2,de,6,0.8034
29,1,en2fr,2,fr,4,0.9538
29,1,en2fr,2,fr,6,0.9504
29,1,en2fr,3,de,4,0.8284
29,1,en2fr,3,de,6,0.818
29,1,en2fr,3,fr,4,0.9537
29,1,en2fr,3,fr,6,0.9495
29,1,en2fr,6,de,4,0.8256
29,1,en2fr,6,de,6,0.8121
29,1,en2fr,6,fr,4,0.9551
29,1,en2fr,6,fr,6,0.9585
29,1,en2fr,7,de,4,0.8284
29,1,en2fr,7,de,6,0.8182
29,1,en2fr,7,fr,4,0.9555
29,1,en2fr,7,fr,6,0.9443
29,1,en2fr,8,de,4,0.841
29,1,en2fr,8,de,6,0.83
29,1,en2fr,8,fr,4,0.959
29,1,en2fr,8,fr,6,0.9524
29,1,en2fr,9,de,4,0.8391
29,1,en2fr,9,de,6,0.8204
29,1,en2fr,9,fr,4,0.9536
29,1,en2fr,9,fr,6,0.9542
29,1,en2fr,0,de,4,0.8476
29,1,en2fr,0,de,6,0.831
29,1,en2fr,0,fr,4,0.9505
29,1,en2fr,0,fr,6,0.9474
4,2,de2fr,2,de,4,0.9099
4,2,de2fr,2,de,6,0.8949
4,2,de2fr,2,fr,4,0.5853
4,2,de2fr,2,fr,6,0.5924
4,2,de2fr,3,de,4,0.8995
4,2,de2fr,3,de,6,0.8755
4,2,de2fr,3,fr,4,0.5981
4,2,de2fr,3,fr,6,0.595
4,2,de2fr,6,de,4,0.8625
4,2,de2fr,6,de,6,0.8363
4,2,de2fr,6,fr,4,0.511
4,2,de2fr,6,fr,6,0.5074
4,2,de2fr,7,de,4,0.8654
4,2,de2fr,7,de,6,0.8365
4,2,de2fr,7,fr,4,0.5934
4,2,de2fr,7,fr,6,0.5791
4,2,de2fr,8,de,4,0.8655
4,2,de2fr,8,de,6,0.8948
4,2,de2fr,8,fr,4,0.5275
4,2,de2fr,8,fr,6,0.5362
4,2,en2fr,2,de,4,0.577
4,2,en2fr,2,de,6,0.6353
4,2,en2fr,2,fr,4,0.8757
4,2,en2fr,2,fr,6,0.8697
4,2,en2fr,3,de,4,0.5974
4,2,en2fr,3,de,6,0.6513
4,2,en2fr,3,fr,4,0.8823
4,2,en2fr,3,fr,6,0.8885
4,2,en2fr,6,de,4,0.5715
4,2,en2fr,6,de,6,0.6224
4,2,en2fr,6,fr,4,0.872
4,2,en2fr,6,fr,6,0.8629
4,2,en2fr,7,de,4,0.5719
4,2,en2fr,7,de,6,0.6161
4,2,en2fr,7,fr,4,0.8853
4,2,en2fr,7,fr,6,0.8842
4,2,en2fr,8,de,4,0.6183
4,2,en2fr,8,de,6,0.6613
4,2,en2fr,8,fr,4,0.8784
4,2,en2fr,8,fr,6,0.8756
4,2,en2fr,9,de,4,0.5712
4,2,en2fr,9,de,6,0.6138
4,2,en2fr,9,fr,4,0.8887
4,2,en2fr,9,fr,6,0.8816
4,2,en2fr,0,de,4,0.5466
4,2,en2fr,0,de,6,0.595
4,2,en2fr,0,fr,4,0.8573
4,2,en2fr,0,fr,6,0.8445
5,2,de2fr,2,de,4,0.8608
5,2,de2fr,2,de,6,0.8571
5,2,de2fr,2,fr,4,0.7575
5,2,de2fr,2,fr,6,0.7601
5,2,de2fr,3,de,4,0.8365
5,2,de2fr,3,de,6,0.8353
5,2,de2fr,3,fr,4,0.7224
5,2,de2fr,3,fr,6,0.7436
5,2,de2fr,6,de,4,0.8329
5,2,de2fr,6,de,6,0.8645
5,2,de2fr,6,fr,4,0.648
5,2,de2fr,6,fr,6,0.6534
5,2,de2fr,7,de,4,0.8371
5,2,de2fr,7,de,6,0.8422
5,2,de2fr,7,fr,4,0.7098
5,2,de2fr,7,fr,6,0.7164
5,2,de2fr,8,de,4,0.8322
5,2,de2fr,8,de,6,0.8727
5,2,de2fr,8,fr,4,0.6989
5,2,de2fr,8,fr,6,0.7144
5,2,en2fr,2,de,4,0.6128
5,2,en2fr,2,de,6,0.5949
5,2,en2fr,2,fr,4,0.8781
5,2,en2fr,2,fr,6,0.8748
5,2,en2fr,3,de,4,0.6412
5,2,en2fr,3,de,6,0.644
5,2,en2fr,3,fr,4,0.8947
5,2,en2fr,3,fr,6,0.9127
5,2,en2fr,6,de,4,0.6269
5,2,en2fr,6,de,6,0.6121
5,2,en2fr,6,fr,4,0.8894
5,2,en2fr,6,fr,6,0.8902
5,2,en2fr,7,de,4,0.607
5,2,en2fr,7,de,6,0.5864
5,2,en2fr,7,fr,4,0.8816
5,2,en2fr,7,fr,6,0.8872
5,2,en2fr,8,de,4,0.6722
5,2,en2fr,8,de,6,0.6647
5,2,en2fr,8,fr,4,0.8921
5,2,en2fr,8,fr,6,0.9085
5,2,en2fr,9,de,4,0.6043
5,2,en2fr,9,de,6,0.576
5,2,en2fr,9,fr,4,0.8823
5,2,en2fr,9,fr,6,0.8836
5,2,en2fr,0,de,4,0.6098
5,2,en2fr,0,de,6,0.5967
5,2,en2fr,0,fr,4,0.8746
5,2,en2fr,0,fr,6,0.8795
6,2,de2fr,2,de,4,0.7581
6,2,de2fr,2,de,6,0.728
6,2,de2fr,2,fr,4,0.8446
6,2,de2fr,2,fr,6,0.8184
6,2,de2fr,3,de,4,0.7601
6,2,de2fr,3,de,6,0.7599
6,2,de2fr,3,fr,4,0.812
6,2,de2fr,3,fr,6,0.8078
6,2,de2fr,6,de,4,0.7549
6,2,de2fr,6,de,6,0.7635
6,2,de2fr,6,fr,4,0.7717
6,2,de2fr,6,fr,6,0.7603
6,2,de2fr,7,de,4,0.7555
6,2,de2fr,7,de,6,0.7191
6,2,de2fr,7,fr,4,0.789
6,2,de2fr,7,fr,6,0.7686
6,2,de2fr,8,de,4,0.7296
6,2,de2fr,8,de,6,0.7334
6,2,de2fr,8,fr,4,0.8082
6,2,de2fr,8,fr,6,0.7938
6,2,en2fr,2,de,4,0.5771
6,2,en2fr,2,de,6,0.574
6,2,en2fr,2,fr,4,0.8744
6,2,en2fr,2,fr,6,0.8612
6,2,en2fr,3,de,4,0.6439
6,2,en2fr,3,de,6,0.6427
6,2,en2fr,3,fr,4,0.9188
6,2,en2fr,3,fr,6,0.9057
6,2,en2fr,6,de,4,0.5766
6,2,en2fr,6,de,6,0.572
6,2,en2fr,6,fr,4,0.8817
6,2,en2fr,6,fr,6,0.8735
6,2,en2fr,7,de,4,0.589
6,2,en2fr,7,de,6,0.5711
6,2,en2fr,7,fr,4,0.8717
6,2,en2fr,7,fr,6,0.8545
6,2,en2fr,8,de,4,0.6386
6,2,en2fr,8,de,6,0.6412
6,2,en2fr,8,fr,4,0.892
6,2,en2fr,8,fr,6,0.8757
6,2,en2fr,9,de,4,0.5921
6,2,en2fr,9,de,6,0.5758
6,2,en2fr,9,fr,4,0.8953
6,2,en2fr,9,fr,6,0.8594
6,2,en2fr,0,de,4,0.6137
6,2,en2fr,0,de,6,0.6065
6,2,en2fr,0,fr,4,0.8876
6,2,en2fr,0,fr,6,0.8691
7,2,de2fr,2,de,4,0.7322
7,2,de2fr,2,de,6,0.7016
7,2,de2fr,2,fr,4,0.8878
7,2,de2fr,2,fr,6,0.8734
7,2,de2fr,3,de,4,0.7163
7,2,de2fr,3,de,6,0.6697
7,2,de2fr,3,fr,4,0.8776
7,2,de2fr,3,fr,6,0.8694
7,2,de2fr,6,de,4,0.7302
7,2,de2fr,6,de,6,0.7044
7,2,de2fr,6,fr,4,0.8563
7,2,de2fr,6,fr,6,0.8497
7,2,de2fr,7,de,4,0.7282
7,2,de2fr,7,de,6,0.6831
7,2,de2fr,7,fr,4,0.8233
7,2,de2fr,7,fr,6,0.8237
7,2,de2fr,8,de,4,0.7027
7,2,de2fr,8,de,6,0.6646
7,2,de2fr,8,fr,4,0.8711
7,2,de2fr,8,fr,6,0.8592
7,2,en2fr,2,de,4,0.6541
7,2,en2fr,2,de,6,0.6155
7,2,en2fr,2,fr,4,0.8916
7,2,en2fr,2,fr,6,0.8829
7,2,en2fr,3,de,4,0.668
7,2,en2fr,3,de,6,0.63
7,2,en2fr,3,fr,4,0.9071
7,2,en2fr,3,fr,6,0.8997
7,2,en2fr,6,de,4,0.6401
7,2,en2fr,6,de,6,0.6028
7,2,en2fr,6,fr,4,0.8841
7,2,en2fr,6,fr,6,0.8815
7,2,en2fr,7,de,4,0.6394
7,2,en2fr,7,de,6,0.5936
7,2,en2fr,7,fr,4,0.8862
7,2,en2fr,7,fr,6,0.8856
7,2,en2fr,8,de,4,0.673
7,2,en2fr,8,de,6,0.6367
7,2,en2fr,8,fr,4,0.8775
7,2,en2fr,8,fr,6,0.8725
7,2,en2fr,9,de,4,0.6448
7,2,en2fr,9,de,6,0.592
7,2,en2fr,9,fr,4,0.875
7,2,en2fr,9,fr,6,0.8646
7,2,en2fr,0,de,4,0.6223
7,2,en2fr,0,de,6,0.5829
7,2,en2fr,0,fr,4,0.8899
7,2,en2fr,0,fr,6,0.8772
8,2,de2fr,2,de,4,0.7114
8,2,de2fr,2,de,6,0.7142
8,2,de2fr,2,fr,4,0.8958
8,2,de2fr,2,fr,6,0.8978
8,2,de2fr,3,de,4,0.6822
8,2,de2fr,3,de,6,0.6788
8,2,de2fr,3,fr,4,0.8967
8,2,de2fr,3,fr,6,0.8964
8,2,de2fr,6,de,4,0.6969
8,2,de2fr,6,de,6,0.6843
8,2,de2fr,6,fr,4,0.8682
8,2,de2fr,6,fr,6,0.8713
8,2,de2fr,7,de,4,0.665
8,2,de2fr,7,de,6,0.6655
8,2,de2fr,7,fr,4,0.8374
8,2,de2fr,7,fr,6,0.8541
8,2,de2fr,8,de,4,0.6771
8,2,de2fr,8,de,6,0.6809
8,2,de2fr,8,fr,4,0.8833
8,2,de2fr,8,fr,6,0.8872
8,2,en2fr,2,de,4,0.6386
8,2,en2fr,2,de,6,0.6376
8,2,en2fr,2,fr,4,0.8872
8,2,en2fr,2,fr,6,0.8901
8,2,en2fr,3,de,4,0.6439
8,2,en2fr,3,de,6,0.6381
8,2,en2fr,3,fr,4,0.9009
8,2,en2fr,3,fr,6,0.9195
8,2,en2fr,6,de,4,0.6456
8,2,en2fr,6,de,6,0.6441
8,2,en2fr,6,fr,4,0.8683
8,2,en2fr,6,fr,6,0.8799
8,2,en2fr,7,de,4,0.642
8,2,en2fr,7,de,6,0.6399
8,2,en2fr,7,fr,4,0.8968
8,2,en2fr,7,fr,6,0.9079
8,2,en2fr,8,de,4,0.664
8,2,en2fr,8,de,6,0.6513
8,2,en2fr,8,fr,4,0.8637
8,2,en2fr,8,fr,6,0.8814
8,2,en2fr,9,de,4,0.6322
8,2,en2fr,9,de,6,0.631
8,2,en2fr,9,fr,4,0.8791
8,2,en2fr,9,fr,6,0.8878
8,2,en2fr,0,de,4,0.6178
8,2,en2fr,0,de,6,0.6189
8,2,en2fr,0,fr,4,0.8721
8,2,en2fr,0,fr,6,0.873
9,2,de2fr,2,de,4,0.7231
9,2,de2fr,2,de,6,0.6998
9,2,de2fr,2,fr,4,0.8822
9,2,de2fr,2,fr,6,0.8653
9,2,de2fr,3,de,4,0.6871
9,2,de2fr,3,de,6,0.6629
9,2,de2fr,3,fr,4,0.9003
9,2,de2fr,3,fr,6,0.9009
9,2,de2fr,6,de,4,0.6773
9,2,de2fr,6,de,6,0.6581
9,2,de2fr,6,fr,4,0.8974
9,2,de2fr,6,fr,6,0.8797
9,2,de2fr,7,de,4,0.6532
9,2,de2fr,7,de,6,0.6317
9,2,de2fr,7,fr,4,0.8429
9,2,de2fr,7,fr,6,0.8391
9,2,de2fr,8,de,4,0.6492
9,2,de2fr,8,de,6,0.6332
9,2,de2fr,8,fr,4,0.8914
9,2,de2fr,8,fr,6,0.8868
9,2,en2fr,2,de,4,0.628
9,2,en2fr,2,de,6,0.6046
9,2,en2fr,2,fr,4,0.9027
9,2,en2fr,2,fr,6,0.8786
9,2,en2fr,3,de,4,0.6651
9,2,en2fr,3,de,6,0.6474
9,2,en2fr,3,fr,4,0.8911
9,2,en2fr,3,fr,6,0.8978
9,2,en2fr,6,de,4,0.6151
9,2,en2fr,6,de,6,0.5945
9,2,en2fr,6,fr,4,0.8836
9,2,en2fr,6,fr,6,0.8779
9,2,en2fr,7,de,4,0.6278
9,2,en2fr,7,de,6,0.6114
9,2,en2fr,7,fr,4,0.8942
9,2,en2fr,7,fr,6,0.8967
9,2,en2fr,8,de,4,0.6655
9,2,en2fr,8,de,6,0.6241
9,2,en2fr,8,fr,4,0.8778
9,2,en2fr,8,fr,6,0.872
9,2,en2fr,9,de,4,0.665
9,2,en2fr,9,de,6,0.6334
9,2,en2fr,9,fr,4,0.8801
9,2,en2fr,9,fr,6,0.873
9,2,en2fr,0,de,4,0.6264
9,2,en2fr,0,de,6,0.6135
9,2,en2fr,0,fr,4,0.8865
9,2,en2fr,0,fr,6,0.895
10,2,de2fr,2,de,4,0.7411
10,2,de2fr,2,de,6,0.7227
10,2,de2fr,2,fr,4,0.8962
10,2,de2fr,2,fr,6,0.9014
10,2,de2fr,3,de,4,0.6982
10,2,de2fr,3,de,6,0.6761
10,2,de2fr,3,fr,4,0.9051
10,2,de2fr,3,fr,6,0.9082
10,2,de2fr,6,de,4,0.7248
10,2,de2fr,6,de,6,0.7041
10,2,de2fr,6,fr,4,0.8802
10,2,de2fr,6,fr,6,0.8918
10,2,de2fr,7,de,4,0.7042
10,2,de2fr,7,de,6,0.6745
10,2,de2fr,7,fr,4,0.8652
10,2,de2fr,7,fr,6,0.876
10,2,de2fr,8,de,4,0.7518
10,2,de2fr,8,de,6,0.7214
10,2,de2fr,8,fr,4,0.9077
10,2,de2fr,8,fr,6,0.9029
10,2,en2fr,2,de,4,0.7032
10,2,en2fr,2,de,6,0.6769
10,2,en2fr,2,fr,4,0.9195
10,2,en2fr,2,fr,6,0.9027
10,2,en2fr,3,de,4,0.7015
10,2,en2fr,3,de,6,0.6811
10,2,en2fr,3,fr,4,0.9142
10,2,en2fr,3,fr,6,0.915
10,2,en2fr,6,de,4,0.6463
10,2,en2fr,6,de,6,0.627
10,2,en2fr,6,fr,4,0.8754
10,2,en2fr,6,fr,6,0.8695
10,2,en2fr,7,de,4,0.6723
10,2,en2fr,7,de,6,0.6537
10,2,en2fr,7,fr,4,0.9091
10,2,en2fr,7,fr,6,0.907
10,2,en2fr,8,de,4,0.6998
10,2,en2fr,8,de,6,0.6771
10,2,en2fr,8,fr,4,0.873
10,2,en2fr,8,fr,6,0.8861
10,2,en2fr,9,de,4,0.7251
10,2,en2fr,9,de,6,0.6957
10,2,en2fr,9,fr,4,0.8795
10,2,en2fr,9,fr,6,0.8757
10,2,en2fr,0,de,4,0.7051
10,2,en2fr,0,de,6,0.6753
10,2,en2fr,0,fr,4,0.8972
10,2,en2fr,0,fr,6,0.8989
11,2,de2fr,2,de,4,0.701
11,2,de2fr,2,de,6,0.6909
11,2,de2fr,2,fr,4,0.8337
11,2,de2fr,2,fr,6,0.8825
11,2,de2fr,3,de,4,0.6602
11,2,de2fr,3,de,6,0.6346
11,2,de2fr,3,fr,4,0.9026
11,2,de2fr,3,fr,6,0.9149
11,2,de2fr,6,de,4,0.6818
11,2,de2fr,6,de,6,0.6671
11,2,de2fr,6,fr,4,0.8689
11,2,de2fr,6,fr,6,0.8975
11,2,de2fr,7,de,4,0.6679
11,2,de2fr,7,de,6,0.6489
11,2,de2fr,7,fr,4,0.8703
11,2,de2fr,7,fr,6,0.898
11,2,de2fr,8,de,4,0.6688
11,2,de2fr,8,de,6,0.648
11,2,de2fr,8,fr,4,0.8986
11,2,de2fr,8,fr,6,0.9154
11,2,en2fr,2,de,4,0.6141
11,2,en2fr,2,de,6,0.5976
11,2,en2fr,2,fr,4,0.9084
11,2,en2fr,2,fr,6,0.9051
11,2,en2fr,3,de,4,0.6203
11,2,en2fr,3,de,6,0.6027
11,2,en2fr,3,fr,4,0.8979
11,2,en2fr,3,fr,6,0.9065
11,2,en2fr,6,de,4,0.6213
11,2,en2fr,6,de,6,0.6086
11,2,en2fr,6,fr,4,0.8937
11,2,en2fr,6,fr,6,0.9064
11,2,en2fr,7,de,4,0.6336
11,2,en2fr,7,de,6,0.615
11,2,en2fr,7,fr,4,0.8903
11,2,en2fr,7,fr,6,0.9136
11,2,en2fr,8,de,4,0.6608
11,2,en2fr,8,de,6,0.6407
11,2,en2fr,8,fr,4,0.8531
11,2,en2fr,8,fr,6,0.894
11,2,en2fr,9,de,4,0.6453
11,2,en2fr,9,de,6,0.6195
11,2,en2fr,9,fr,4,0.8825
11,2,en2fr,9,fr,6,0.8969
11,2,en2fr,0,de,4,0.6344
11,2,en2fr,0,de,6,0.6195
11,2,en2fr,0,fr,4,0.8894
11,2,en2fr,0,fr,6,0.9018
12,2,de2fr,2,de,4,0.7204
12,2,de2fr,2,de,6,0.687
12,2,de2fr,2,fr,4,0.9044
12,2,de2fr,2,fr,6,0.9084
12,2,de2fr,3,de,4,0.7264
12,2,de2fr,3,de,6,0.6853
12,2,de2fr,3,fr,4,0.9262
12,2,de2fr,3,fr,6,0.9185
12,2,de2fr,6,de,4,0.7003
12,2,de2fr,6,de,6,0.664
12,2,de2fr,6,fr,4,0.8894
12,2,de2fr,6,fr,6,0.8789
12,2,de2fr,7,de,4,0.708
12,2,de2fr,7,de,6,0.658
12,2,de2fr,7,fr,4,0.8941
12,2,de2fr,7,fr,6,0.8882
12,2,de2fr,8,de,4,0.7259
12,2,de2fr,8,de,6,0.6834
12,2,de2fr,8,fr,4,0.9122
12,2,de2fr,8,fr,6,0.922
12,2,en2fr,2,de,4,0.6614
12,2,en2fr,2,de,6,0.5944
12,2,en2fr,2,fr,4,0.9124
12,2,en2fr,2,fr,6,0.9026
12,2,en2fr,3,de,4,0.6749
12,2,en2fr,3,de,6,0.6083
12,2,en2fr,3,fr,4,0.8985
12,2,en2fr,3,fr,6,0.9157
12,2,en2fr,6,de,4,0.6747
12,2,en2fr,6,de,6,0.6397
12,2,en2fr,6,fr,4,0.8894
12,2,en2fr,6,fr,6,0.8843
12,2,en2fr,7,de,4,0.718
12,2,en2fr,7,de,6,0.6442
12,2,en2fr,7,fr,4,0.9
12,2,en2fr,7,fr,6,0.9019
12,2,en2fr,8,de,4,0.6888
12,2,en2fr,8,de,6,0.659
12,2,en2fr,8,fr,4,0.8992
12,2,en2fr,8,fr,6,0.907
12,2,en2fr,9,de,4,0.7002
12,2,en2fr,9,de,6,0.6554
12,2,en2fr,9,fr,4,0.8966
12,2,en2fr,9,fr,6,0.8824
12,2,en2fr,0,de,4,0.6916
12,2,en2fr,0,de,6,0.6359
12,2,en2fr,0,fr,4,0.9129
12,2,en2fr,0,fr,6,0.9145
13,2,de2fr,2,de,4,0.7166
13,2,de2fr,2,de,6,0.7248
13,2,de2fr,2,fr,4,0.8836
13,2,de2fr,2,fr,6,0.9035
13,2,de2fr,3,de,4,0.699
13,2,de2fr,3,de,6,0.7067
13,2,de2fr,3,fr,4,0.8902
13,2,de2fr,3,fr,6,0.9107
13,2,de2fr,6,de,4,0.666
13,2,de2fr,6,de,6,0.6711
13,2,de2fr,6,fr,4,0.9011
13,2,de2fr,6,fr,6,0.9014
13,2,de2fr,7,de,4,0.6716
13,2,de2fr,7,de,6,0.6613
13,2,de2fr,7,fr,4,0.885
13,2,de2fr,7,fr,6,0.8919
13,2,de2fr,8,de,4,0.6883
13,2,de2fr,8,de,6,0.7008
13,2,de2fr,8,fr,4,0.886
13,2,de2fr,8,fr,6,0.9039
13,2,en2fr,2,de,4,0.6266
13,2,en2fr,2,de,6,0.6327
13,2,en2fr,2,fr,4,0.9023
13,2,en2fr,2,fr,6,0.8992
13,2,en2fr,3,de,4,0.6269
13,2,en2fr,3,de,6,0.6402
13,2,en2fr,3,fr,4,0.8981
13,2,en2fr,3,fr,6,0.9064
13,2,en2fr,6,de,4,0.6426
13,2,en2fr,6,de,6,0.652
13,2,en2fr,6,fr,4,0.8908
13,2,en2fr,6,fr,6,0.8959
13,2,en2fr,7,de,4,0.6379
13,2,en2fr,7,de,6,0.6448
13,2,en2fr,7,fr,4,0.8932
13,2,en2fr,7,fr,6,0.8995
13,2,en2fr,8,de,4,0.6862
13,2,en2fr,8,de,6,0.6856
13,2,en2fr,8,fr,4,0.8945
13,2,en2fr,8,fr,6,0.8994
13,2,en2fr,9,de,4,0.6613
13,2,en2fr,9,de,6,0.6482
13,2,en2fr,9,fr,4,0.8925
13,2,en2fr,9,fr,6,0.897
13,2,en2fr,0,de,4,0.6632
13,2,en2fr,0,de,6,0.6615
13,2,en2fr,0,fr,4,0.9031
13,2,en2fr,0,fr,6,0.9179
14,2,de2fr,2,de,4,0.694
14,2,de2fr,2,de,6,0.7167
14,2,de2fr,2,fr,4,0.8936
14,2,de2fr,2,fr,6,0.8909
14,2,de2fr,3,de,4,0.6932
14,2,de2fr,3,de,6,0.7153
14,2,de2fr,3,fr,4,0.9126
14,2,de2fr,3,fr,6,0.9028
14,2,de2fr,6,de,4,0.6801
14,2,de2fr,6,de,6,0.6881
14,2,de2fr,6,fr,4,0.9131
14,2,de2fr,6,fr,6,0.8844
14,2,de2fr,7,de,4,0.6724
14,2,de2fr,7,de,6,0.681
14,2,de2fr,7,fr,4,0.8893
14,2,de2fr,7,fr,6,0.8802
14,2,de2fr,8,de,4,0.6986
14,2,de2fr,8,de,6,0.7211
14,2,de2fr,8,fr,4,0.9081
14,2,de2fr,8,fr,6,0.9164
14,2,en2fr,2,de,4,0.6691
14,2,en2fr,2,de,6,0.6846
14,2,en2fr,2,fr,4,0.9124
14,2,en2fr,2,fr,6,0.8974
14,2,en2fr,3,de,4,0.6406
14,2,en2fr,3,de,6,0.6677
14,2,en2fr,3,fr,4,0.891
14,2,en2fr,3,fr,6,0.8951
14,2,en2fr,6,de,4,0.6444
14,2,en2fr,6,de,6,0.6602
14,2,en2fr,6,fr,4,0.9024
14,2,en2fr,6,fr,6,0.8751
14,2,en2fr,7,de,4,0.663
14,2,en2fr,7,de,6,0.6785
14,2,en2fr,7,fr,4,0.9001
14,2,en2fr,7,fr,6,0.8997
14,2,en2fr,8,de,4,0.7002
14,2,en2fr,8,de,6,0.6914
14,2,en2fr,8,fr,4,0.9086
14,2,en2fr,8,fr,6,0.8981
14,2,en2fr,9,de,4,0.6939
14,2,en2fr,9,de,6,0.6827
14,2,en2fr,9,fr,4,0.904
14,2,en2fr,9,fr,6,0.889
14,2,en2fr,0,de,4,0.6542
14,2,en2fr,0,de,6,0.67
14,2,en2fr,0,fr,4,0.9052
14,2,en2fr,0,fr,6,0.898
15,2,de2fr,2,de,4,0.7191
15,2,de2fr,2,de,6,0.7167
15,2,de2fr,2,fr,4,0.8886
15,2,de2fr,2,fr,6,0.8647
15,2,de2fr,3,de,4,0.6761
15,2,de2fr,3,de,6,0.6878
15,2,de2fr,3,fr,4,0.921
15,2,de2fr,3,fr,6,0.9053
15,2,de2fr,6,de,4,0.6707
15,2,de2fr,6,de,6,0.6816
15,2,de2fr,6,fr,4,0.8936
15,2,de2fr,6,fr,6,0.8709
15,2,de2fr,7,de,4,0.6814
15,2,de2fr,7,de,6,0.6792
15,2,de2fr,7,fr,4,0.8992
15,2,de2fr,7,fr,6,0.8872
15,2,de2fr,8,de,4,0.7066
15,2,de2fr,8,de,6,0.7116
15,2,de2fr,8,fr,4,0.9118
15,2,de2fr,8,fr,6,0.8982
15,2,en2fr,2,de,4,0.6352
15,2,en2fr,2,de,6,0.6368
15,2,en2fr,2,fr,4,0.9246
15,2,en2fr,2,fr,6,0.9039
15,2,en2fr,3,de,4,0.6644
15,2,en2fr,3,de,6,0.6809
15,2,en2fr,3,fr,4,0.9199
15,2,en2fr,3,fr,6,0.9039
15,2,en2fr,6,de,4,0.6446
15,2,en2fr,6,de,6,0.6576
15,2,en2fr,6,fr,4,0.8765
15,2,en2fr,6,fr,6,0.8727
15,2,en2fr,7,de,4,0.6277
15,2,en2fr,7,de,6,0.6368
15,2,en2fr,7,fr,4,0.9086
15,2,en2fr,7,fr,6,0.9007
15,2,en2fr,8,de,4,0.7057
15,2,en2fr,8,de,6,0.7069
15,2,en2fr,8,fr,4,0.9074
15,2,en2fr,8,fr,6,0.8899
15,2,en2fr,9,de,4,0.6982
15,2,en2fr,9,de,6,0.6924
15,2,en2fr,9,fr,4,0.8952
15,2,en2fr,9,fr,6,0.8898
15,2,en2fr,0,de,4,0.6684
15,2,en2fr,0,de,6,0.6768
15,2,en2fr,0,fr,4,0.9089
15,2,en2fr,0,fr,6,0.8937
16,2,de2fr,2,de,4,0.7096
16,2,de2fr,2,de,6,0.7046
16,2,de2fr,2,fr,4,0.9132
16,2,de2fr,2,fr,6,0.8947
16,2,de2fr,3,de,4,0.7184
16,2,de2fr,3,de,6,0.7185
16,2,de2fr,3,fr,4,0.9107
16,2,de2fr,3,fr,6,0.896
16,2,de2fr,6,de,4,0.6917
16,2,de2fr,6,de,6,0.6968
16,2,de2fr,6,fr,4,0.9075
16,2,de2fr,6,fr,6,0.8767
16,2,de2fr,7,de,4,0.6814
16,2,de2fr,7,de,6,0.6588
16,2,de2fr,7,fr,4,0.8991
16,2,de2fr,7,fr,6,0.8819
16,2,de2fr,8,de,4,0.7113
16,2,de2fr,8,de,6,0.7208
16,2,de2fr,8,fr,4,0.9048
16,2,de2fr,8,fr,6,0.8975
16,2,en2fr,2,de,4,0.6647
16,2,en2fr,2,de,6,0.6631
16,2,en2fr,2,fr,4,0.9206
16,2,en2fr,2,fr,6,0.9017
16,2,en2fr,3,de,4,0.6936
16,2,en2fr,3,de,6,0.7059
16,2,en2fr,3,fr,4,0.9136
16,2,en2fr,3,fr,6,0.8999
16,2,en2fr,6,de,4,0.6676
16,2,en2fr,6,de,6,0.6815
16,2,en2fr,6,fr,4,0.9029
16,2,en2fr,6,fr,6,0.886
16,2,en2fr,7,de,4,0.68
16,2,en2fr,7,de,6,0.6922
16,2,en2fr,7,fr,4,0.9057
16,2,en2fr,7,fr,6,0.9036
16,2,en2fr,8,de,4,0.7144
16,2,en2fr,8,de,6,0.7077
16,2,en2fr,8,fr,4,0.9135
16,2,en2fr,8,fr,6,0.8915
16,2,en2fr,9,de,4,0.6999
16,2,en2fr,9,de,6,0.6912
16,2,en2fr,9,fr,4,0.9162
16,2,en2fr,9,fr,6,0.8993
16,2,en2fr,0,de,4,0.6741
16,2,en2fr,0,de,6,0.6795
16,2,en2fr,0,fr,4,0.9091
16,2,en2fr,0,fr,6,0.8987
17,2,de2fr,2,de,4,0.7048
17,2,de2fr,2,de,6,0.6967
17,2,de2fr,2,fr,4,0.9052
17,2,de2fr,2,fr,6,0.9111
17,2,de2fr,3,de,4,0.7
17,2,de2fr,3,de,6,0.6793
17,2,de2fr,3,fr,4,0.9108
17,2,de2fr,3,fr,6,0.9067
17,2,de2fr,6,de,4,0.6922
17,2,de2fr,6,de,6,0.6731
17,2,de2fr,6,fr,4,0.9021
17,2,de2fr,6,fr,6,0.9017
17,2,de2fr,7,de,4,0.7037
17,2,de2fr,7,de,6,0.6783
17,2,de2fr,7,fr,4,0.9062
17,2,de2fr,7,fr,6,0.8981
17,2,de2fr,8,de,4,0.7143
17,2,de2fr,8,de,6,0.6935
17,2,de2fr,8,fr,4,0.9277
17,2,de2fr,8,fr,6,0.9258
17,2,en2fr,2,de,4,0.6777
17,2,en2fr,2,de,6,0.6585
17,2,en2fr,2,fr,4,0.918
17,2,en2fr,2,fr,6,0.9246
17,2,en2fr,3,de,4,0.6675
17,2,en2fr,3,de,6,0.6608
17,2,en2fr,3,fr,4,0.9052
17,2,en2fr,3,fr,6,0.9035
17,2,en2fr,6,de,4,0.672
17,2,en2fr,6,de,6,0.6621
17,2,en2fr,6,fr,4,0.9018
17,2,en2fr,6,fr,6,0.9036
17,2,en2fr,7,de,4,0.6956
17,2,en2fr,7,de,6,0.6775
17,2,en2fr,7,fr,4,0.9034
17,2,en2fr,7,fr,6,0.9094
17,2,en2fr,8,de,4,0.7102
17,2,en2fr,8,de,6,0.6786
17,2,en2fr,8,fr,4,0.9101
17,2,en2fr,8,fr,6,0.9076
17,2,en2fr,9,de,4,0.7104
17,2,en2fr,9,de,6,0.6856
17,2,en2fr,9,fr,4,0.9057
17,2,en2fr,9,fr,6,0.9064
17,2,en2fr,0,de,4,0.6837
17,2,en2fr,0,de,6,0.6621
17,2,en2fr,0,fr,4,0.8999
17,2,en2fr,0,fr,6,0.8931
18,2,de2fr,2,de,4,0.7511
18,2,de2fr,2,de,6,0.7367
18,2,de2fr,2,fr,4,0.8995
18,2,de2fr,2,fr,6,0.8831
18,2,de2fr,3,de,4,0.7504
18,2,de2fr,3,de,6,0.7352
18,2,de2fr,3,fr,4,0.9164
18,2,de2fr,3,fr,6,0.9082
18,2,de2fr,6,de,4,0.714
18,2,de2fr,6,de,6,0.7009
18,2,de2fr,6,fr,4,0.8936
18,2,de2fr,6,fr,6,0.8901
18,2,de2fr,7,de,4,0.701
18,2,de2fr,7,de,6,0.6831
18,2,de2fr,7,fr,4,0.9052
18,2,de2fr,7,fr,6,0.8906
18,2,de2fr,8,de,4,0.7378
18,2,de2fr,8,de,6,0.7227
18,2,de2fr,8,fr,4,0.9165
18,2,de2fr,8,fr,6,0.9022
18,2,en2fr,2,de,4,0.7284
18,2,en2fr,2,de,6,0.7068
18,2,en2fr,2,fr,4,0.9091
18,2,en2fr,2,fr,6,0.8923
18,2,en2fr,3,de,4,0.6798
18,2,en2fr,3,de,6,0.6745
18,2,en2fr,3,fr,4,0.9147
18,2,en2fr,3,fr,6,0.9019
18,2,en2fr,6,de,4,0.6762
18,2,en2fr,6,de,6,0.6707
18,2,en2fr,6,fr,4,0.9062
18,2,en2fr,6,fr,6,0.8931
18,2,en2fr,7,de,4,0.6988
18,2,en2fr,7,de,6,0.694
18,2,en2fr,7,fr,4,0.9072
18,2,en2fr,7,fr,6,0.9023
18,2,en2fr,8,de,4,0.7289
18,2,en2fr,8,de,6,0.7162
18,2,en2fr,8,fr,4,0.9209
18,2,en2fr,8,fr,6,0.9129
18,2,en2fr,9,de,4,0.7431
18,2,en2fr,9,de,6,0.7199
18,2,en2fr,9,fr,4,0.8989
18,2,en2fr,9,fr,6,0.8907
18,2,en2fr,0,de,4,0.7084
18,2,en2fr,0,de,6,0.7025
18,2,en2fr,0,fr,4,0.9063
18,2,en2fr,0,fr,6,0.8943
19,2,de2fr,2,de,4,0.709
19,2,de2fr,2,de,6,0.7309
19,2,de2fr,2,fr,4,0.9173
19,2,de2fr,2,fr,6,0.9076
19,2,de2fr,3,de,4,0.6955
19,2,de2fr,3,de,6,0.716
19,2,de2fr,3,fr,4,0.9265
19,2,de2fr,3,fr,6,0.9182
19,2,de2fr,6,de,4,0.6625
19,2,de2fr,6,de,6,0.7028
19,2,de2fr,6,fr,4,0.9014
19,2,de2fr,6,fr,6,0.8878
19,2,de2fr,7,de,4,0.6812
19,2,de2fr,7,de,6,0.6949
19,2,de2fr,7,fr,4,0.904
19,2,de2fr,7,fr,6,0.9055
19,2,de2fr,8,de,4,0.6948
19,2,de2fr,8,de,6,0.7281
19,2,de2fr,8,fr,4,0.9214
19,2,de2fr,8,fr,6,0.9256
19,2,en2fr,2,de,4,0.6454
19,2,en2fr,2,de,6,0.6682
19,2,en2fr,2,fr,4,0.9242
19,2,en2fr,2,fr,6,0.9113
19,2,en2fr,3,de,4,0.6646
19,2,en2fr,3,de,6,0.6943
19,2,en2fr,3,fr,4,0.9133
19,2,en2fr,3,fr,6,0.906
19,2,en2fr,6,de,4,0.6401
19,2,en2fr,6,de,6,0.669
19,2,en2fr,6,fr,4,0.9032
19,2,en2fr,6,fr,6,0.9036
19,2,en2fr,7,de,4,0.6648
19,2,en2fr,7,de,6,0.6902
19,2,en2fr,7,fr,4,0.9089
19,2,en2fr,7,fr,6,0.8977
19,2,en2fr,8,de,4,0.6977
19,2,en2fr,8,de,6,0.7176
19,2,en2fr,8,fr,4,0.933
19,2,en2fr,8,fr,6,0.9186
19,2,en2fr,9,de,4,0.6824
19,2,en2fr,9,de,6,0.7136
19,2,en2fr,9,fr,4,0.9239
19,2,en2fr,9,fr,6,0.9147
19,2,en2fr,0,de,4,0.6623
19,2,en2fr,0,de,6,0.6875
19,2,en2fr,0,fr,4,0.9084
19,2,en2fr,0,fr,6,0.9024
20,2,de2fr,2,de,4,0.7078
20,2,de2fr,2,de,6,0.6869
20,2,de2fr,2,fr,4,0.9107
20,2,de2fr,2,fr,6,0.911
20,2,de2fr,3,de,4,0.728
20,2,de2fr,3,de,6,0.6946
20,2,de2fr,3,fr,4,0.9021
20,2,de2fr,3,fr,6,0.9095
20,2,de2fr,6,de,4,0.6769
20,2,de2fr,6,de,6,0.6554
20,2,de2fr,6,fr,4,0.9217
20,2,de2fr,6,fr,6,0.9031
20,2,de2fr,7,de,4,0.7007
20,2,de2fr,7,de,6,0.6556
20,2,de2fr,7,fr,4,0.9086
20,2,de2fr,7,fr,6,0.8986
20,2,de2fr,8,de,4,0.717
20,2,de2fr,8,de,6,0.6907
20,2,de2fr,8,fr,4,0.9139
20,2,de2fr,8,fr,6,0.9182
20,2,en2fr,2,de,4,0.6757
20,2,en2fr,2,de,6,0.6595
20,2,en2fr,2,fr,4,0.9221
20,2,en2fr,2,fr,6,0.9061
20,2,en2fr,3,de,4,0.7027
20,2,en2fr,3,de,6,0.6861
20,2,en2fr,3,fr,4,0.9064
20,2,en2fr,3,fr,6,0.9068
20,2,en2fr,6,de,4,0.6753
20,2,en2fr,6,de,6,0.6633
20,2,en2fr,6,fr,4,0.8923
20,2,en2fr,6,fr,6,0.8963
20,2,en2fr,7,de,4,0.7005
20,2,en2fr,7,de,6,0.6714
20,2,en2fr,7,fr,4,0.9223
20,2,en2fr,7,fr,6,0.9079
20,2,en2fr,8,de,4,0.7052
20,2,en2fr,8,de,6,0.6772
20,2,en2fr,8,fr,4,0.9257
20,2,en2fr,8,fr,6,0.918
20,2,en2fr,9,de,4,0.6896
20,2,en2fr,9,de,6,0.6624
20,2,en2fr,9,fr,4,0.9141
20,2,en2fr,9,fr,6,0.917
20,2,en2fr,0,de,4,0.7098
20,2,en2fr,0,de,6,0.6823
20,2,en2fr,0,fr,4,0.9183
20,2,en2fr,0,fr,6,0.9176
21,2,de2fr,2,de,4,0.7467
21,2,de2fr,2,de,6,0.7549
21,2,de2fr,2,fr,4,0.9079
21,2,de2fr,2,fr,6,0.8876
21,2,de2fr,3,de,4,0.7149
21,2,de2fr,3,de,6,0.7447
21,2,de2fr,3,fr,4,0.9006
21,2,de2fr,3,fr,6,0.8973
21,2,de2fr,6,de,4,0.7072
21,2,de2fr,6,de,6,0.7211
21,2,de2fr,6,fr,4,0.9051
21,2,de2fr,6,fr,6,0.903
21,2,de2fr,7,de,4,0.6875
21,2,de2fr,7,de,6,0.689
21,2,de2fr,7,fr,4,0.9141
21,2,de2fr,7,fr,6,0.9054
21,2,de2fr,8,de,4,0.736
21,2,de2fr,8,de,6,0.7461
21,2,de2fr,8,fr,4,0.9188
21,2,de2fr,8,fr,6,0.9002
21,2,en2fr,2,de,4,0.6972
21,2,en2fr,2,de,6,0.7076
21,2,en2fr,2,fr,4,0.9137
21,2,en2fr,2,fr,6,0.9203
21,2,en2fr,3,de,4,0.7109
21,2,en2fr,3,de,6,0.7397
21,2,en2fr,3,fr,4,0.9167
21,2,en2fr,3,fr,6,0.9088
21,2,en2fr,6,de,4,0.6887
21,2,en2fr,6,de,6,0.7075
21,2,en2fr,6,fr,4,0.8883
21,2,en2fr,6,fr,6,0.8878
21,2,en2fr,7,de,4,0.6931
21,2,en2fr,7,de,6,0.7115
21,2,en2fr,7,fr,4,0.9055
21,2,en2fr,7,fr,6,0.9086
21,2,en2fr,8,de,4,0.717
21,2,en2fr,8,de,6,0.7343
21,2,en2fr,8,fr,4,0.9177
21,2,en2fr,8,fr,6,0.9183
21,2,en2fr,9,de,4,0.7265
21,2,en2fr,9,de,6,0.7301
21,2,en2fr,9,fr,4,0.9134
21,2,en2fr,9,fr,6,0.9055
21,2,en2fr,0,de,4,0.7002
21,2,en2fr,0,de,6,0.7144
21,2,en2fr,0,fr,4,0.909
21,2,en2fr,0,fr,6,0.9007
22,2,de2fr,2,de,4,0.721
22,2,de2fr,2,de,6,0.7444
22,2,de2fr,2,fr,4,0.9194
22,2,de2fr,2,fr,6,0.8947
22,2,de2fr,3,de,4,0.6845
22,2,de2fr,3,de,6,0.6801
22,2,de2fr,3,fr,4,0.8373
22,2,de2fr,3,fr,6,0.8322
22,2,de2fr,6,de,4,0.6809
22,2,de2fr,6,de,6,0.7079
22,2,de2fr,6,fr,4,0.9219
22,2,de2fr,6,fr,6,0.9007
22,2,de2fr,7,de,4,0.7022
22,2,de2fr,7,de,6,0.7164
22,2,de2fr,7,fr,4,0.9058
22,2,de2fr,7,fr,6,0.8881
22,2,de2fr,8,de,4,0.7174
22,2,de2fr,8,de,6,0.741
22,2,de2fr,8,fr,4,0.9353
22,2,de2fr,8,fr,6,0.9151
22,2,en2fr,2,de,4,0.6545
22,2,en2fr,2,de,6,0.6805
22,2,en2fr,2,fr,4,0.922
22,2,en2fr,2,fr,6,0.8944
22,2,en2fr,3,de,4,0.6842
22,2,en2fr,3,de,6,0.7209
22,2,en2fr,3,fr,4,0.915
22,2,en2fr,3,fr,6,0.8984
22,2,en2fr,6,de,4,0.6733
22,2,en2fr,6,de,6,0.706
22,2,en2fr,6,fr,4,0.9044
22,2,en2fr,6,fr,6,0.8844
22,2,en2fr,7,de,4,0.6794
22,2,en2fr,7,de,6,0.7124
22,2,en2fr,7,fr,4,0.9098
22,2,en2fr,7,fr,6,0.894
22,2,en2fr,8,de,4,0.7108
22,2,en2fr,8,de,6,0.7306
22,2,en2fr,8,fr,4,0.9338
22,2,en2fr,8,fr,6,0.9085
22,2,en2fr,9,de,4,0.6982
22,2,en2fr,9,de,6,0.7069
22,2,en2fr,9,fr,4,0.9158
22,2,en2fr,9,fr,6,0.8966
22,2,en2fr,0,de,4,0.6783
22,2,en2fr,0,de,6,0.7009
22,2,en2fr,0,fr,4,0.8995
22,2,en2fr,0,fr,6,0.8823
23,2,de2fr,2,de,4,0.7515
23,2,de2fr,2,de,6,0.7336
23,2,de2fr,2,fr,4,0.9199
23,2,de2fr,2,fr,6,0.919
23,2,de2fr,3,de,4,0.7195
23,2,de2fr,3,de,6,0.7021
23,2,de2fr,3,fr,4,0.8949
23,2,de2fr,3,fr,6,0.8918
23,2,de2fr,6,de,4,0.7361
23,2,de2fr,6,de,6,0.708
23,2,de2fr,6,fr,4,0.9143
23,2,de2fr,6,fr,6,0.9012
23,2,de2fr,7,de,4,0.7098
23,2,de2fr,7,de,6,0.6777
23,2,de2fr,7,fr,4,0.9127
23,2,de2fr,7,fr,6,0.9123
23,2,de2fr,8,de,4,0.7126
23,2,de2fr,8,de,6,0.6984
23,2,de2fr,8,fr,4,0.9132
23,2,de2fr,8,fr,6,0.8993
23,2,en2fr,2,de,4,0.6681
23,2,en2fr,2,de,6,0.6525
23,2,en2fr,2,fr,4,0.9089
23,2,en2fr,2,fr,6,0.9173
23,2,en2fr,3,de,4,0.6893
23,2,en2fr,3,de,6,0.6806
23,2,en2fr,3,fr,4,0.9243
23,2,en2fr,3,fr,6,0.924
23,2,en2fr,6,de,4,0.6712
23,2,en2fr,6,de,6,0.6702
23,2,en2fr,6,fr,4,0.8965
23,2,en2fr,6,fr,6,0.9036
23,2,en2fr,7,de,4,0.6826
23,2,en2fr,7,de,6,0.6713
23,2,en2fr,7,fr,4,0.8996
23,2,en2fr,7,fr,6,0.9009
23,2,en2fr,8,de,4,0.7209
23,2,en2fr,8,de,6,0.6992
23,2,en2fr,8,fr,4,0.9294
23,2,en2fr,8,fr,6,0.9273
23,2,en2fr,9,de,4,0.7303
23,2,en2fr,9,de,6,0.704
23,2,en2fr,9,fr,4,0.9133
23,2,en2fr,9,fr,6,0.9249
23,2,en2fr,0,de,4,0.7177
23,2,en2fr,0,de,6,0.694
23,2,en2fr,0,fr,4,0.8946
23,2,en2fr,0,fr,6,0.9025
24,2,de2fr,2,de,4,0.7475
24,2,de2fr,2,de,6,0.7197
24,2,de2fr,2,fr,4,0.9155
24,2,de2fr,2,fr,6,0.9063
24,2,de2fr,3,de,4,0.7251
24,2,de2fr,3,de,6,0.6903
24,2,de2fr,3,fr,4,0.8767
24,2,de2fr,3,fr,6,0.8755
24,2,de2fr,6,de,4,0.7384
24,2,de2fr,6,de,6,0.7047
24,2,de2fr,6,fr,4,0.9044
24,2,de2fr,6,fr,6,0.9024
24,2,de2fr,7,de,4,0.7128
24,2,de2fr,7,de,6,0.6814
24,2,de2fr,7,fr,4,0.8831
24,2,de2fr,7,fr,6,0.8844
24,2,de2fr,8,de,4,0.7471
24,2,de2fr,8,de,6,0.7216
24,2,de2fr,8,fr,4,0.8984
24,2,de2fr,8,fr,6,0.9028
24,2,en2fr,2,de,4,0.7006
24,2,en2fr,2,de,6,0.6733
24,2,en2fr,2,fr,4,0.9127
24,2,en2fr,2,fr,6,0.925
24,2,en2fr,3,de,4,0.7327
24,2,en2fr,3,de,6,0.7116
24,2,en2fr,3,fr,4,0.9153
24,2,en2fr,3,fr,6,0.9136
24,2,en2fr,6,de,4,0.7067
24,2,en2fr,6,de,6,0.6816
24,2,en2fr,6,fr,4,0.877
24,2,en2fr,6,fr,6,0.8894
24,2,en2fr,7,de,4,0.722
24,2,en2fr,7,de,6,0.6982
24,2,en2fr,7,fr,4,0.8973
24,2,en2fr,7,fr,6,0.9109
24,2,en2fr,8,de,4,0.7561
24,2,en2fr,8,de,6,0.723
24,2,en2fr,8,fr,4,0.9106
24,2,en2fr,8,fr,6,0.9056
24,2,en2fr,9,de,4,0.7325
24,2,en2fr,9,de,6,0.7009
24,2,en2fr,9,fr,4,0.909
24,2,en2fr,9,fr,6,0.9146
24,2,en2fr,0,de,4,0.726
24,2,en2fr,0,de,6,0.6902
24,2,en2fr,0,fr,4,0.9129
24,2,en2fr,0,fr,6,0.9272
25,2,de2fr,2,de,4,0.7568
25,2,de2fr,2,de,6,0.7251
25,2,de2fr,2,fr,4,0.9071
25,2,de2fr,2,fr,6,0.9095
25,2,de2fr,3,de,4,0.7544
25,2,de2fr,3,de,6,0.7112
25,2,de2fr,3,fr,4,0.9163
25,2,de2fr,3,fr,6,0.9079
25,2,de2fr,6,de,4,0.7366
25,2,de2fr,6,de,6,0.7051
25,2,de2fr,6,fr,4,0.8967
25,2,de2fr,6,fr,6,0.9026
25,2,de2fr,7,de,4,0.7372
25,2,de2fr,7,de,6,0.7036
25,2,de2fr,7,fr,4,0.901
25,2,de2fr,7,fr,6,0.8953
25,2,de2fr,8,de,4,0.7404
25,2,de2fr,8,de,6,0.7144
25,2,de2fr,8,fr,4,0.8946
25,2,de2fr,8,fr,6,0.91
25,2,en2fr,2,de,4,0.7018
25,2,en2fr,2,de,6,0.669
25,2,en2fr,2,fr,4,0.9108
25,2,en2fr,2,fr,6,0.9127
25,2,en2fr,3,de,4,0.7297
25,2,en2fr,3,de,6,0.7179
25,2,en2fr,3,fr,4,0.9155
25,2,en2fr,3,fr,6,0.9174
25,2,en2fr,6,de,4,0.701
25,2,en2fr,6,de,6,0.6717
25,2,en2fr,6,fr,4,0.8745
25,2,en2fr,6,fr,6,0.8906
25,2,en2fr,7,de,4,0.7292
25,2,en2fr,7,de,6,0.6973
25,2,en2fr,7,fr,4,0.9077
25,2,en2fr,7,fr,6,0.9102
25,2,en2fr,8,de,4,0.7386
25,2,en2fr,8,de,6,0.7045
25,2,en2fr,8,fr,4,0.9211
25,2,en2fr,8,fr,6,0.9266
25,2,en2fr,9,de,4,0.7472
25,2,en2fr,9,de,6,0.7118
25,2,en2fr,9,fr,4,0.9035
25,2,en2fr,9,fr,6,0.9048
25,2,en2fr,0,de,4,0.7206
25,2,en2fr,0,de,6,0.6871
25,2,en2fr,0,fr,4,0.9098
25,2,en2fr,0,fr,6,0.9213
26,2,de2fr,2,de,4,0.746
26,2,de2fr,2,de,6,0.7095
26,2,de2fr,2,fr,4,0.9129
26,2,de2fr,2,fr,6,0.9137
26,2,de2fr,3,de,4,0.7369
26,2,de2fr,3,de,6,0.6983
26,2,de2fr,3,fr,4,0.9231
26,2,de2fr,3,fr,6,0.9212
26,2,de2fr,6,de,4,0.7434
26,2,de2fr,6,de,6,0.7108
26,2,de2fr,6,fr,4,0.9165
26,2,de2fr,6,fr,6,0.9081
26,2,de2fr,7,de,4,0.7394
26,2,de2fr,7,de,6,0.7065
26,2,de2fr,7,fr,4,0.8992
26,2,de2fr,7,fr,6,0.8943
26,2,de2fr,8,de,4,0.7485
26,2,de2fr,8,de,6,0.7171
26,2,de2fr,8,fr,4,0.9011
26,2,de2fr,8,fr,6,0.9139
26,2,en2fr,2,de,4,0.6866
26,2,en2fr,2,de,6,0.6593
26,2,en2fr,2,fr,4,0.9036
26,2,en2fr,2,fr,6,0.9185
26,2,en2fr,3,de,4,0.7201
26,2,en2fr,3,de,6,0.7052
26,2,en2fr,3,fr,4,0.9023
26,2,en2fr,3,fr,6,0.9056
26,2,en2fr,6,de,4,0.7101
26,2,en2fr,6,de,6,0.6839
26,2,en2fr,6,fr,4,0.888
26,2,en2fr,6,fr,6,0.9086
26,2,en2fr,7,de,4,0.7126
26,2,en2fr,7,de,6,0.6817
26,2,en2fr,7,fr,4,0.8893
26,2,en2fr,7,fr,6,0.8994
26,2,en2fr,8,de,4,0.7445
26,2,en2fr,8,de,6,0.7128
26,2,en2fr,8,fr,4,0.9118
26,2,en2fr,8,fr,6,0.9175
26,2,en2fr,9,de,4,0.7345
26,2,en2fr,9,de,6,0.6918
26,2,en2fr,9,fr,4,0.9168
26,2,en2fr,9,fr,6,0.9084
26,2,en2fr,0,de,4,0.7234
26,2,en2fr,0,de,6,0.6877
26,2,en2fr,0,fr,4,0.9024
26,2,en2fr,0,fr,6,0.9095
27,2,de2fr,2,de,4,0.7642
27,2,de2fr,2,de,6,0.7307
27,2,de2fr,2,fr,4,0.9121
27,2,de2fr,2,fr,6,0.9103
27,2,de2fr,3,de,4,0.7365
27,2,de2fr,3,de,6,0.6939
27,2,de2fr,3,fr,4,0.9205
27,2,de2fr,3,fr,6,0.9134
27,2,de2fr,6,de,4,0.7311
27,2,de2fr,6,de,6,0.7023
27,2,de2fr,6,fr,4,0.8964
27,2,de2fr,6,fr,6,0.9007
27,2,de2fr,7,de,4,0.7177
27,2,de2fr,7,de,6,0.6873
27,2,de2fr,7,fr,4,0.8973
27,2,de2fr,7,fr,6,0.9017
27,2,de2fr,8,de,4,0.757
27,2,de2fr,8,de,6,0.7119
27,2,de2fr,8,fr,4,0.9169
27,2,de2fr,8,fr,6,0.9215
27,2,en2fr,2,de,4,0.6807
27,2,en2fr,2,de,6,0.642
27,2,en2fr,2,fr,4,0.8981
27,2,en2fr,2,fr,6,0.907
27,2,en2fr,3,de,4,0.7131
27,2,en2fr,3,de,6,0.6882
27,2,en2fr,3,fr,4,0.9109
27,2,en2fr,3,fr,6,0.9199
27,2,en2fr,6,de,4,0.7225
27,2,en2fr,6,de,6,0.7009
27,2,en2fr,6,fr,4,0.8979
27,2,en2fr,6,fr,6,0.9003
27,2,en2fr,7,de,4,0.7151
27,2,en2fr,7,de,6,0.6813
27,2,en2fr,7,fr,4,0.892
27,2,en2fr,7,fr,6,0.8983
27,2,en2fr,8,de,4,0.7238
27,2,en2fr,8,de,6,0.6928
27,2,en2fr,8,fr,4,0.9161
27,2,en2fr,8,fr,6,0.9181
27,2,en2fr,9,de,4,0.7235
27,2,en2fr,9,de,6,0.6827
27,2,en2fr,9,fr,4,0.8976
27,2,en2fr,9,fr,6,0.9106
27,2,en2fr,0,de,4,0.7217
27,2,en2fr,0,de,6,0.6908
27,2,en2fr,0,fr,4,0.9013
27,2,en2fr,0,fr,6,0.9117
28,2,de2fr,2,de,4,0.7583
28,2,de2fr,2,de,6,0.7223
28,2,de2fr,2,fr,4,0.9104
28,2,de2fr,2,fr,6,0.907
28,2,de2fr,3,de,4,0.7504
28,2,de2fr,3,de,6,0.6993
28,2,de2fr,3,fr,4,0.9189
28,2,de2fr,3,fr,6,0.9167
28,2,de2fr,6,de,4,0.7493
28,2,de2fr,6,de,6,0.7123
28,2,de2fr,6,fr,4,0.9098
28,2,de2fr,6,fr,6,0.9032
28,2,de2fr,7,de,4,0.7374
28,2,de2fr,7,de,6,0.6933
28,2,de2fr,7,fr,4,0.9112
28,2,de2fr,7,fr,6,0.9081
28,2,de2fr,8,de,4,0.759
28,2,de2fr,8,de,6,0.7276
28,2,de2fr,8,fr,4,0.9057
28,2,de2fr,8,fr,6,0.9214
28,2,en2fr,2,de,4,0.7307
28,2,en2fr,2,de,6,0.696
28,2,en2fr,2,fr,4,0.92
28,2,en2fr,2,fr,6,0.9081
28,2,en2fr,3,de,4,0.7095
28,2,en2fr,3,de,6,0.6938
28,2,en2fr,3,fr,4,0.9175
28,2,en2fr,3,fr,6,0.92
28,2,en2fr,6,de,4,0.7181
28,2,en2fr,6,de,6,0.6884
28,2,en2fr,6,fr,4,0.8912
28,2,en2fr,6,fr,6,0.8979
28,2,en2fr,7,de,4,0.7353
28,2,en2fr,7,de,6,0.7117
28,2,en2fr,7,fr,4,0.8908
28,2,en2fr,7,fr,6,0.8982
28,2,en2fr,8,de,4,0.7406
28,2,en2fr,8,de,6,0.711
28,2,en2fr,8,fr,4,0.9275
28,2,en2fr,8,fr,6,0.928
28,2,en2fr,9,de,4,0.7452
28,2,en2fr,9,de,6,0.7032
28,2,en2fr,9,fr,4,0.9145
28,2,en2fr,9,fr,6,0.9039
28,2,en2fr,0,de,4,0.7331
28,2,en2fr,0,de,6,0.6987
28,2,en2fr,0,fr,4,0.9174
28,2,en2fr,0,fr,6,0.9156
29,2,de2fr,2,de,4,0.7843
29,2,de2fr,2,de,6,0.7497
29,2,de2fr,2,fr,4,0.92
29,2,de2fr,2,fr,6,0.9063
29,2,de2fr,3,de,4,0.7544
29,2,de2fr,3,de,6,0.7161
29,2,de2fr,3,fr,4,0.9219
29,2,de2fr,3,fr,6,0.9193
29,2,de2fr,6,de,4,0.7229
29,2,de2fr,6,de,6,0.6836
29,2,de2fr,6,fr,4,0.9042
29,2,de2fr,6,fr,6,0.8983
29,2,de2fr,7,de,4,0.748
29,2,de2fr,7,de,6,0.7097
29,2,de2fr,7,fr,4,0.8996
29,2,de2fr,7,fr,6,0.8959
29,2,de2fr,8,de,4,0.7407
29,2,de2fr,8,de,6,0.71
29,2,de2fr,8,fr,4,0.9007
29,2,de2fr,8,fr,6,0.9195
29,2,en2fr,2,de,4,0.7063
29,2,en2fr,2,de,6,0.6762
29,2,en2fr,2,fr,4,0.9079
29,2,en2fr,2,fr,6,0.9128
29,2,en2fr,3,de,4,0.7326
29,2,en2fr,3,de,6,0.7143
29,2,en2fr,3,fr,4,0.9072
29,2,en2fr,3,fr,6,0.9096
29,2,en2fr,6,de,4,0.7056
29,2,en2fr,6,de,6,0.685
29,2,en2fr,6,fr,4,0.8831
29,2,en2fr,6,fr,6,0.8938
29,2,en2fr,7,de,4,0.7224
29,2,en2fr,7,de,6,0.6871
29,2,en2fr,7,fr,4,0.8945
29,2,en2fr,7,fr,6,0.8973
29,2,en2fr,8,de,4,0.753
29,2,en2fr,8,de,6,0.7157
29,2,en2fr,8,fr,4,0.9141
29,2,en2fr,8,fr,6,0.9176
29,2,en2fr,9,de,4,0.7497
29,2,en2fr,9,de,6,0.7118
29,2,en2fr,9,fr,4,0.9089
29,2,en2fr,9,fr,6,0.906
29,2,en2fr,0,de,4,0.7224
29,2,en2fr,0,de,6,0.6931
29,2,en2fr,0,fr,4,0.9129
29,2,en2fr,0,fr,6,0.9192
4,3,de2fr,2,de,4,0.8928
4,3,de2fr,2,de,6,0.9183
4,3,de2fr,2,fr,4,0.57
4,3,de2fr,2,fr,6,0.6115
4,3,de2fr,3,de,4,0.9034
4,3,de2fr,3,de,6,0.8847
4,3,de2fr,3,fr,4,0.5112
4,3,de2fr,3,fr,6,0.5375
4,3,de2fr,6,de,4,0.8249
4,3,de2fr,6,de,6,0.84
4,3,de2fr,6,fr,4,0.4572
4,3,de2fr,6,fr,6,0.501
4,3,de2fr,7,de,4,0.8828
4,3,de2fr,7,de,6,0.8297
4,3,de2fr,7,fr,4,0.4674
4,3,de2fr,7,fr,6,0.4944
4,3,de2fr,8,de,4,0.8881
4,3,de2fr,8,de,6,0.8958
4,3,de2fr,8,fr,4,0.5161
4,3,de2fr,8,fr,6,0.5484
4,3,en2fr,2,de,4,0.5595
4,3,en2fr,2,de,6,0.6114
4,3,en2fr,2,fr,4,0.84
4,3,en2fr,2,fr,6,0.8413
4,3,en2fr,3,de,4,0.5646
4,3,en2fr,3,de,6,0.6343
4,3,en2fr,3,fr,4,0.8442
4,3,en2fr,3,fr,6,0.861
4,3,en2fr,6,de,4,0.563
4,3,en2fr,6,de,6,0.6201
4,3,en2fr,6,fr,4,0.8281
4,3,en2fr,6,fr,6,0.8243
4,3,en2fr,7,de,4,0.5614
4,3,en2fr,7,de,6,0.6187
4,3,en2fr,7,fr,4,0.8557
4,3,en2fr,7,fr,6,0.8425
4,3,en2fr,8,de,4,0.5918
4,3,en2fr,8,de,6,0.6587
4,3,en2fr,8,fr,4,0.825
4,3,en2fr,8,fr,6,0.8571
4,3,en2fr,9,de,4,0.5594
4,3,en2fr,9,de,6,0.6075
4,3,en2fr,9,fr,4,0.845
4,3,en2fr,9,fr,6,0.8383
4,3,en2fr,0,de,4,0.5228
4,3,en2fr,0,de,6,0.5844
4,3,en2fr,0,fr,4,0.831
4,3,en2fr,0,fr,6,0.8262
5,3,de2fr,2,de,4,0.8365
5,3,de2fr,2,de,6,0.8398
5,3,de2fr,2,fr,4,0.7538
5,3,de2fr,2,fr,6,0.7442
5,3,de2fr,3,de,4,0.8156
5,3,de2fr,3,de,6,0.8198
5,3,de2fr,3,fr,4,0.7168
5,3,de2fr,3,fr,6,0.7158
5,3,de2fr,6,de,4,0.8685
5,3,de2fr,6,de,6,0.8665
5,3,de2fr,6,fr,4,0.6787
5,3,de2fr,6,fr,6,0.6865
5,3,de2fr,7,de,4,0.8211
5,3,de2fr,7,de,6,0.8171
5,3,de2fr,7,fr,4,0.6709
5,3,de2fr,7,fr,6,0.6681
5,3,de2fr,8,de,4,0.8382
5,3,de2fr,8,de,6,0.8409
5,3,de2fr,8,fr,4,0.7137
5,3,de2fr,8,fr,6,0.7022
5,3,en2fr,2,de,4,0.5713
5,3,en2fr,2,de,6,0.5737
5,3,en2fr,2,fr,4,0.8488
5,3,en2fr,2,fr,6,0.8308
5,3,en2fr,3,de,4,0.5981
5,3,en2fr,3,de,6,0.6049
5,3,en2fr,3,fr,4,0.8741
5,3,en2fr,3,fr,6,0.8823
5,3,en2fr,6,de,4,0.598
5,3,en2fr,6,de,6,0.6034
5,3,en2fr,6,fr,4,0.8476
5,3,en2fr,6,fr,6,0.8432
5,3,en2fr,7,de,4,0.574
5,3,en2fr,7,de,6,0.5703
5,3,en2fr,7,fr,4,0.8678
5,3,en2fr,7,fr,6,0.8576
5,3,en2fr,8,de,4,0.6195
5,3,en2fr,8,de,6,0.6333
5,3,en2fr,8,fr,4,0.8712
5,3,en2fr,8,fr,6,0.8858
5,3,en2fr,9,de,4,0.5913
5,3,en2fr,9,de,6,0.5794
5,3,en2fr,9,fr,4,0.8598
5,3,en2fr,9,fr,6,0.8438
5,3,en2fr,0,de,4,0.5807
5,3,en2fr,0,de,6,0.5829
5,3,en2fr,0,fr,4,0.8629
5,3,en2fr,0,fr,6,0.8549
6,3,de2fr,2,de,4,0.675
6,3,de2fr,2,de,6,0.7185
6,3,de2fr,2,fr,4,0.829
6,3,de2fr,2,fr,6,0.7963
6,3,de2fr,3,de,4,0.6581
6,3,de2fr,3,de,6,0.6962
6,3,de2fr,3,fr,4,0.7931
6,3,de2fr,3,fr,6,0.7742
6,3,de2fr,6,de,4,0.748
6,3,de2fr,6,de,6,0.7879
6,3,de2fr,6,fr,4,0.7796
6,3,de2fr,6,fr,6,0.7771
6,3,de2fr,7,de,4,0.6673
6,3,de2fr,7,de,6,0.6867
6,3,de2fr,7,fr,4,0.7708
6,3,de2fr,7,fr,6,0.7378
6,3,de2fr,8,de,4,0.6899
6,3,de2fr,8,de,6,0.7248
6,3,de2fr,8,fr,4,0.8146
6,3,de2fr,8,fr,6,0.7804
6,3,en2fr,2,de,4,0.5279
6,3,en2fr,2,de,6,0.5827
6,3,en2fr,2,fr,4,0.8404
6,3,en2fr,2,fr,6,0.8282
6,3,en2fr,3,de,4,0.5505
6,3,en2fr,3,de,6,0.6142
6,3,en2fr,3,fr,4,0.8828
6,3,en2fr,3,fr,6,0.8805
6,3,en2fr,6,de,4,0.5298
6,3,en2fr,6,de,6,0.5893
6,3,en2fr,6,fr,4,0.8719
6,3,en2fr,6,fr,6,0.8512
6,3,en2fr,7,de,4,0.5113
6,3,en2fr,7,de,6,0.5752
6,3,en2fr,7,fr,4,0.866
6,3,en2fr,7,fr,6,0.8412
6,3,en2fr,8,de,4,0.5547
6,3,en2fr,8,de,6,0.6126
6,3,en2fr,8,fr,4,0.8674
6,3,en2fr,8,fr,6,0.8654
6,3,en2fr,9,de,4,0.5222
6,3,en2fr,9,de,6,0.5887
6,3,en2fr,9,fr,4,0.8711
6,3,en2fr,9,fr,6,0.8509
6,3,en2fr,0,de,4,0.543
6,3,en2fr,0,de,6,0.6002
6,3,en2fr,0,fr,4,0.8724
6,3,en2fr,0,fr,6,0.8574
7,3,de2fr,2,de,4,0.6393
7,3,de2fr,2,de,6,0.6735
7,3,de2fr,2,fr,4,0.8702
7,3,de2fr,2,fr,6,0.8456
7,3,de2fr,3,de,4,0.5769
7,3,de2fr,3,de,6,0.5985
7,3,de2fr,3,fr,4,0.8366
7,3,de2fr,3,fr,6,0.8129
7,3,de2fr,6,de,4,0.652
7,3,de2fr,6,de,6,0.689
7,3,de2fr,6,fr,4,0.8425
7,3,de2fr,6,fr,6,0.8566
7,3,de2fr,7,de,4,0.6162
7,3,de2fr,7,de,6,0.6264
7,3,de2fr,7,fr,4,0.7996
7,3,de2fr,7,fr,6,0.7665
7,3,de2fr,8,de,4,0.5811
7,3,de2fr,8,de,6,0.61
7,3,de2fr,8,fr,4,0.8531
7,3,de2fr,8,fr,6,0.8233
7,3,en2fr,2,de,4,0.5622
7,3,en2fr,2,de,6,0.6027
7,3,en2fr,2,fr,4,0.8442
7,3,en2fr,2,fr,6,0.8374
7,3,en2fr,3,de,4,0.5713
7,3,en2fr,3,de,6,0.6094
7,3,en2fr,3,fr,4,0.8734
7,3,en2fr,3,fr,6,0.872
7,3,en2fr,6,de,4,0.5629
7,3,en2fr,6,de,6,0.5972
7,3,en2fr,6,fr,4,0.8801
7,3,en2fr,6,fr,6,0.8718
7,3,en2fr,7,de,4,0.5628
7,3,en2fr,7,de,6,0.6014
7,3,en2fr,7,fr,4,0.8696
7,3,en2fr,7,fr,6,0.8365
7,3,en2fr,8,de,4,0.5913
7,3,en2fr,8,de,6,0.6344
7,3,en2fr,8,fr,4,0.8715
7,3,en2fr,8,fr,6,0.8751
7,3,en2fr,9,de,4,0.5636
7,3,en2fr,9,de,6,0.5891
7,3,en2fr,9,fr,4,0.8684
7,3,en2fr,9,fr,6,0.8528
7,3,en2fr,0,de,4,0.5661
7,3,en2fr,0,de,6,0.6062
7,3,en2fr,0,fr,4,0.884
7,3,en2fr,0,fr,6,0.8737
8,3,de2fr,2,de,4,0.6399
8,3,de2fr,2,de,6,0.6686
8,3,de2fr,2,fr,4,0.891
8,3,de2fr,2,fr,6,0.8689
8,3,de2fr,3,de,4,0.5899
8,3,de2fr,3,de,6,0.5972
8,3,de2fr,3,fr,4,0.8493
8,3,de2fr,3,fr,6,0.8253
8,3,de2fr,6,de,4,0.642
8,3,de2fr,6,de,6,0.6782
8,3,de2fr,6,fr,4,0.8482
8,3,de2fr,6,fr,6,0.8712
8,3,de2fr,7,de,4,0.5681
8,3,de2fr,7,de,6,0.5716
8,3,de2fr,7,fr,4,0.8165
8,3,de2fr,7,fr,6,0.7784
8,3,de2fr,8,de,4,0.5633
8,3,de2fr,8,de,6,0.5851
8,3,de2fr,8,fr,4,0.8551
8,3,de2fr,8,fr,6,0.8183
8,3,en2fr,2,de,4,0.5865
8,3,en2fr,2,de,6,0.6187
8,3,en2fr,2,fr,4,0.869
8,3,en2fr,2,fr,6,0.8495
8,3,en2fr,3,de,4,0.5825
8,3,en2fr,3,de,6,0.6137
8,3,en2fr,3,fr,4,0.8844
8,3,en2fr,3,fr,6,0.9022
8,3,en2fr,6,de,4,0.6052
8,3,en2fr,6,de,6,0.6261
8,3,en2fr,6,fr,4,0.889
8,3,en2fr,6,fr,6,0.8745
8,3,en2fr,7,de,4,0.6111
8,3,en2fr,7,de,6,0.6382
8,3,en2fr,7,fr,4,0.8678
8,3,en2fr,7,fr,6,0.8728
8,3,en2fr,8,de,4,0.6218
8,3,en2fr,8,de,6,0.6493
8,3,en2fr,8,fr,4,0.8774
8,3,en2fr,8,fr,6,0.8813
8,3,en2fr,9,de,4,0.6
8,3,en2fr,9,de,6,0.6246
8,3,en2fr,9,fr,4,0.8802
8,3,en2fr,9,fr,6,0.8644
8,3,en2fr,0,de,4,0.5981
8,3,en2fr,0,de,6,0.6169
8,3,en2fr,0,fr,4,0.8874
8,3,en2fr,0,fr,6,0.8712
9,3,de2fr,2,de,4,0.6436
9,3,de2fr,2,de,6,0.6325
9,3,de2fr,2,fr,4,0.8519
9,3,de2fr,2,fr,6,0.8586
9,3,de2fr,3,de,4,0.623
9,3,de2fr,3,de,6,0.6052
9,3,de2fr,3,fr,4,0.8749
9,3,de2fr,3,fr,6,0.8782
9,3,de2fr,6,de,4,0.6407
9,3,de2fr,6,de,6,0.6279
9,3,de2fr,6,fr,4,0.8472
9,3,de2fr,6,fr,6,0.8631
9,3,de2fr,7,de,4,0.5506
9,3,de2fr,7,de,6,0.5395
9,3,de2fr,7,fr,4,0.8402
9,3,de2fr,7,fr,6,0.8194
9,3,de2fr,8,de,4,0.5644
9,3,de2fr,8,de,6,0.5459
9,3,de2fr,8,fr,4,0.8886
9,3,de2fr,8,fr,6,0.8595
9,3,en2fr,2,de,4,0.5993
9,3,en2fr,2,de,6,0.5785
9,3,en2fr,2,fr,4,0.8631
9,3,en2fr,2,fr,6,0.8491
9,3,en2fr,3,de,4,0.628
9,3,en2fr,3,de,6,0.6076
9,3,en2fr,3,fr,4,0.8638
9,3,en2fr,3,fr,6,0.8923
9,3,en2fr,6,de,4,0.5806
9,3,en2fr,6,de,6,0.5669
9,3,en2fr,6,fr,4,0.8812
9,3,en2fr,6,fr,6,0.879
9,3,en2fr,7,de,4,0.6372
9,3,en2fr,7,de,6,0.6056
9,3,en2fr,7,fr,4,0.8703
9,3,en2fr,7,fr,6,0.8826
9,3,en2fr,8,de,4,0.6182
9,3,en2fr,8,de,6,0.5899
9,3,en2fr,8,fr,4,0.867
9,3,en2fr,8,fr,6,0.8641
9,3,en2fr,9,de,4,0.6278
9,3,en2fr,9,de,6,0.6037
9,3,en2fr,9,fr,4,0.8809
9,3,en2fr,9,fr,6,0.8795
9,3,en2fr,0,de,4,0.6347
9,3,en2fr,0,de,6,0.6109
9,3,en2fr,0,fr,4,0.8593
9,3,en2fr,0,fr,6,0.8865
10,3,de2fr,2,de,4,0.6683
10,3,de2fr,2,de,6,0.6556
10,3,de2fr,2,fr,4,0.8798
10,3,de2fr,2,fr,6,0.8707
10,3,de2fr,3,de,4,0.6404
10,3,de2fr,3,de,6,0.6121
10,3,de2fr,3,fr,4,0.9015
10,3,de2fr,3,fr,6,0.8968
10,3,de2fr,6,de,4,0.6764
10,3,de2fr,6,de,6,0.6793
10,3,de2fr,6,fr,4,0.8706
10,3,de2fr,6,fr,6,0.8671
10,3,de2fr,7,de,4,0.6157
10,3,de2fr,7,de,6,0.583
10,3,de2fr,7,fr,4,0.8583
10,3,de2fr,7,fr,6,0.8367
10,3,de2fr,8,de,4,0.6635
10,3,de2fr,8,de,6,0.648
10,3,de2fr,8,fr,4,0.8857
10,3,de2fr,8,fr,6,0.8664
10,3,en2fr,2,de,4,0.6283
10,3,en2fr,2,de,6,0.6125
10,3,en2fr,2,fr,4,0.8859
10,3,en2fr,2,fr,6,0.8684
10,3,en2fr,3,de,4,0.642
10,3,en2fr,3,de,6,0.6219
10,3,en2fr,3,fr,4,0.8937
10,3,en2fr,3,fr,6,0.9074
10,3,en2fr,6,de,4,0.6102
10,3,en2fr,6,de,6,0.5847
10,3,en2fr,6,fr,4,0.8952
10,3,en2fr,6,fr,6,0.8637
10,3,en2fr,7,de,4,0.6419
10,3,en2fr,7,de,6,0.6167
10,3,en2fr,7,fr,4,0.8794
10,3,en2fr,7,fr,6,0.8789
10,3,en2fr,8,de,4,0.6544
10,3,en2fr,8,de,6,0.6381
10,3,en2fr,8,fr,4,0.8716
10,3,en2fr,8,fr,6,0.8614
10,3,en2fr,9,de,4,0.6834
10,3,en2fr,9,de,6,0.6551
10,3,en2fr,9,fr,4,0.8696
10,3,en2fr,9,fr,6,0.867
10,3,en2fr,0,de,4,0.6543
10,3,en2fr,0,de,6,0.6409
10,3,en2fr,0,fr,4,0.8858
10,3,en2fr,0,fr,6,0.8809
11,3,de2fr,2,de,4,0.6513
11,3,de2fr,2,de,6,0.7099
11,3,de2fr,2,fr,4,0.8344
11,3,de2fr,2,fr,6,0.8767
11,3,de2fr,3,de,4,0.6002
11,3,de2fr,3,de,6,0.6068
11,3,de2fr,3,fr,4,0.8825
11,3,de2fr,3,fr,6,0.8943
11,3,de2fr,6,de,4,0.6335
11,3,de2fr,6,de,6,0.6929
11,3,de2fr,6,fr,4,0.8355
11,3,de2fr,6,fr,6,0.8577
11,3,de2fr,7,de,4,0.6034
11,3,de2fr,7,de,6,0.6086
11,3,de2fr,7,fr,4,0.8594
11,3,de2fr,7,fr,6,0.8723
11,3,de2fr,8,de,4,0.6146
11,3,de2fr,8,de,6,0.6232
11,3,de2fr,8,fr,4,0.8781
11,3,de2fr,8,fr,6,0.8881
11,3,en2fr,2,de,4,0.589
11,3,en2fr,2,de,6,0.6143
11,3,en2fr,2,fr,4,0.889
11,3,en2fr,2,fr,6,0.9034
11,3,en2fr,3,de,4,0.6202
11,3,en2fr,3,de,6,0.6657
11,3,en2fr,3,fr,4,0.8757
11,3,en2fr,3,fr,6,0.8977
11,3,en2fr,6,de,4,0.5938
11,3,en2fr,6,de,6,0.6184
11,3,en2fr,6,fr,4,0.8818
11,3,en2fr,6,fr,6,0.8904
11,3,en2fr,7,de,4,0.6272
11,3,en2fr,7,de,6,0.6638
11,3,en2fr,7,fr,4,0.8637
11,3,en2fr,7,fr,6,0.8996
11,3,en2fr,8,de,4,0.6017
11,3,en2fr,8,de,6,0.6458
11,3,en2fr,8,fr,4,0.841
11,3,en2fr,8,fr,6,0.8696
11,3,en2fr,9,de,4,0.6238
11,3,en2fr,9,de,6,0.6391
11,3,en2fr,9,fr,4,0.8748
11,3,en2fr,9,fr,6,0.9011
11,3,en2fr,0,de,4,0.6043
11,3,en2fr,0,de,6,0.6513
11,3,en2fr,0,fr,4,0.8517
11,3,en2fr,0,fr,6,0.8821
12,3,de2fr,2,de,4,0.6676
12,3,de2fr,2,de,6,0.6607
12,3,de2fr,2,fr,4,0.8844
12,3,de2fr,2,fr,6,0.9002
12,3,de2fr,3,de,4,0.6652
12,3,de2fr,3,de,6,0.6508
12,3,de2fr,3,fr,4,0.8754
12,3,de2fr,3,fr,6,0.8923
12,3,de2fr,6,de,4,0.6632
12,3,de2fr,6,de,6,0.6739
12,3,de2fr,6,fr,4,0.8559
12,3,de2fr,6,fr,6,0.8706
12,3,de2fr,7,de,4,0.6237
12,3,de2fr,7,de,6,0.6049
12,3,de2fr,7,fr,4,0.8692
12,3,de2fr,7,fr,6,0.8688
12,3,de2fr,8,de,4,0.6414
12,3,de2fr,8,de,6,0.6252
12,3,de2fr,8,fr,4,0.9004
12,3,de2fr,8,fr,6,0.9005
12,3,en2fr,2,de,4,0.6049
12,3,en2fr,2,de,6,0.5994
12,3,en2fr,2,fr,4,0.8931
12,3,en2fr,2,fr,6,0.8984
12,3,en2fr,3,de,4,0.6482
12,3,en2fr,3,de,6,0.6429
12,3,en2fr,3,fr,4,0.8858
12,3,en2fr,3,fr,6,0.9135
12,3,en2fr,6,de,4,0.6368
12,3,en2fr,6,de,6,0.6288
12,3,en2fr,6,fr,4,0.8737
12,3,en2fr,6,fr,6,0.8857
12,3,en2fr,7,de,4,0.6723
12,3,en2fr,7,de,6,0.6732
12,3,en2fr,7,fr,4,0.8768
12,3,en2fr,7,fr,6,0.8993
12,3,en2fr,8,de,4,0.6509
12,3,en2fr,8,de,6,0.6514
12,3,en2fr,8,fr,4,0.8713
12,3,en2fr,8,fr,6,0.8884
12,3,en2fr,9,de,4,0.67
12,3,en2fr,9,de,6,0.6625
12,3,en2fr,9,fr,4,0.8791
12,3,en2fr,9,fr,6,0.9046
12,3,en2fr,0,de,4,0.6434
12,3,en2fr,0,de,6,0.6486
12,3,en2fr,0,fr,4,0.8696
12,3,en2fr,0,fr,6,0.8943
13,3,de2fr,2,de,4,0.6444
13,3,de2fr,2,de,6,0.6809
13,3,de2fr,2,fr,4,0.8914
13,3,de2fr,2,fr,6,0.8784
13,3,de2fr,3,de,4,0.5997
13,3,de2fr,3,de,6,0.6306
13,3,de2fr,3,fr,4,0.884
13,3,de2fr,3,fr,6,0.8849
13,3,de2fr,6,de,4,0.6105
13,3,de2fr,6,de,6,0.6458
13,3,de2fr,6,fr,4,0.881
13,3,de2fr,6,fr,6,0.8757
13,3,de2fr,7,de,4,0.5909
13,3,de2fr,7,de,6,0.6262
13,3,de2fr,7,fr,4,0.9011
13,3,de2fr,7,fr,6,0.8756
13,3,de2fr,8,de,4,0.5887
13,3,de2fr,8,de,6,0.6266
13,3,de2fr,8,fr,4,0.9026
13,3,de2fr,8,fr,6,0.8873
13,3,en2fr,2,de,4,0.5757
13,3,en2fr,2,de,6,0.6107
13,3,en2fr,2,fr,4,0.9057
13,3,en2fr,2,fr,6,0.895
13,3,en2fr,3,de,4,0.6135
13,3,en2fr,3,de,6,0.6496
13,3,en2fr,3,fr,4,0.9071
13,3,en2fr,3,fr,6,0.8965
13,3,en2fr,6,de,4,0.6104
13,3,en2fr,6,de,6,0.6493
13,3,en2fr,6,fr,4,0.9019
13,3,en2fr,6,fr,6,0.8962
13,3,en2fr,7,de,4,0.6199
13,3,en2fr,7,de,6,0.6631
13,3,en2fr,7,fr,4,0.8958
13,3,en2fr,7,fr,6,0.8986
13,3,en2fr,8,de,4,0.6071
13,3,en2fr,8,de,6,0.6505
13,3,en2fr,8,fr,4,0.8943
13,3,en2fr,8,fr,6,0.8846
13,3,en2fr,9,de,4,0.5995
13,3,en2fr,9,de,6,0.6307
13,3,en2fr,9,fr,4,0.9041
13,3,en2fr,9,fr,6,0.8936
13,3,en2fr,0,de,4,0.602
13,3,en2fr,0,de,6,0.6336
13,3,en2fr,0,fr,4,0.8941
13,3,en2fr,0,fr,6,0.8928
14,3,de2fr,2,de,4,0.6597
14,3,de2fr,2,de,6,0.6683
14,3,de2fr,2,fr,4,0.85
14,3,de2fr,2,fr,6,0.8945
14,3,de2fr,3,de,4,0.6231
14,3,de2fr,3,de,6,0.6109
14,3,de2fr,3,fr,4,0.8735
14,3,de2fr,3,fr,6,0.8867
14,3,de2fr,6,de,4,0.6259
14,3,de2fr,6,de,6,0.6373
14,3,de2fr,6,fr,4,0.8653
14,3,de2fr,6,fr,6,0.9015
14,3,de2fr,7,de,4,0.5901
14,3,de2fr,7,de,6,0.5833
14,3,de2fr,7,fr,4,0.8791
14,3,de2fr,7,fr,6,0.8872
14,3,de2fr,8,de,4,0.6222
14,3,de2fr,8,de,6,0.6258
14,3,de2fr,8,fr,4,0.8853
14,3,de2fr,8,fr,6,0.9121
14,3,en2fr,2,de,4,0.6146
14,3,en2fr,2,de,6,0.6162
14,3,en2fr,2,fr,4,0.8854
14,3,en2fr,2,fr,6,0.9062
14,3,en2fr,3,de,4,0.6181
14,3,en2fr,3,de,6,0.6275
14,3,en2fr,3,fr,4,0.8598
14,3,en2fr,3,fr,6,0.9017
14,3,en2fr,6,de,4,0.5998
14,3,en2fr,6,de,6,0.6063
14,3,en2fr,6,fr,4,0.8843
14,3,en2fr,6,fr,6,0.8998
14,3,en2fr,7,de,4,0.6364
14,3,en2fr,7,de,6,0.6495
14,3,en2fr,7,fr,4,0.865
14,3,en2fr,7,fr,6,0.8914
14,3,en2fr,8,de,4,0.6333
14,3,en2fr,8,de,6,0.6273
14,3,en2fr,8,fr,4,0.8624
14,3,en2fr,8,fr,6,0.896
14,3,en2fr,9,de,4,0.6495
14,3,en2fr,9,de,6,0.6372
14,3,en2fr,9,fr,4,0.8845
14,3,en2fr,9,fr,6,0.9108
14,3,en2fr,0,de,4,0.6083
14,3,en2fr,0,de,6,0.613
14,3,en2fr,0,fr,4,0.8607
14,3,en2fr,0,fr,6,0.8954
15,3,de2fr,2,de,4,0.6815
15,3,de2fr,2,de,6,0.6653
15,3,de2fr,2,fr,4,0.8661
15,3,de2fr,2,fr,6,0.882
15,3,de2fr,3,de,4,0.6273
15,3,de2fr,3,de,6,0.6104
15,3,de2fr,3,fr,4,0.8934
15,3,de2fr,3,fr,6,0.8959
15,3,de2fr,6,de,4,0.6371
15,3,de2fr,6,de,6,0.616
15,3,de2fr,6,fr,4,0.8603
15,3,de2fr,6,fr,6,0.8865
15,3,de2fr,7,de,4,0.6129
15,3,de2fr,7,de,6,0.5955
15,3,de2fr,7,fr,4,0.8784
15,3,de2fr,7,fr,6,0.8733
15,3,de2fr,8,de,4,0.6271
15,3,de2fr,8,de,6,0.6196
15,3,de2fr,8,fr,4,0.8914
15,3,de2fr,8,fr,6,0.9002
15,3,en2fr,2,de,4,0.6063
15,3,en2fr,2,de,6,0.5943
15,3,en2fr,2,fr,4,0.9096
15,3,en2fr,2,fr,6,0.9125
15,3,en2fr,3,de,4,0.6401
15,3,en2fr,3,de,6,0.6315
15,3,en2fr,3,fr,4,0.8925
15,3,en2fr,3,fr,6,0.9132
15,3,en2fr,6,de,4,0.6159
15,3,en2fr,6,de,6,0.5914
15,3,en2fr,6,fr,4,0.8625
15,3,en2fr,6,fr,6,0.8848
15,3,en2fr,7,de,4,0.6474
15,3,en2fr,7,de,6,0.6395
15,3,en2fr,7,fr,4,0.8964
15,3,en2fr,7,fr,6,0.9062
15,3,en2fr,8,de,4,0.6256
15,3,en2fr,8,de,6,0.62
15,3,en2fr,8,fr,4,0.8859
15,3,en2fr,8,fr,6,0.8908
15,3,en2fr,9,de,4,0.6587
15,3,en2fr,9,de,6,0.6406
15,3,en2fr,9,fr,4,0.8897
15,3,en2fr,9,fr,6,0.896
15,3,en2fr,0,de,4,0.6276
15,3,en2fr,0,de,6,0.616
15,3,en2fr,0,fr,4,0.885
15,3,en2fr,0,fr,6,0.8994
16,3,de2fr,2,de,4,0.6405
16,3,de2fr,2,de,6,0.666
16,3,de2fr,2,fr,4,0.8885
16,3,de2fr,2,fr,6,0.9022
16,3,de2fr,3,de,4,0.6439
16,3,de2fr,3,de,6,0.6433
16,3,de2fr,3,fr,4,0.88
16,3,de2fr,3,fr,6,0.8879
16,3,de2fr,6,de,4,0.6212
16,3,de2fr,6,de,6,0.6617
16,3,de2fr,6,fr,4,0.8793
16,3,de2fr,6,fr,6,0.8854
16,3,de2fr,7,de,4,0.601
16,3,de2fr,7,de,6,0.6233
16,3,de2fr,7,fr,4,0.892
16,3,de2fr,7,fr,6,0.8888
16,3,de2fr,8,de,4,0.614
16,3,de2fr,8,de,6,0.6421
16,3,de2fr,8,fr,4,0.8962
16,3,de2fr,8,fr,6,0.9032
16,3,en2fr,2,de,4,0.6097
16,3,en2fr,2,de,6,0.6285
16,3,en2fr,2,fr,4,0.9003
16,3,en2fr,2,fr,6,0.8998
16,3,en2fr,3,de,4,0.6096
16,3,en2fr,3,de,6,0.6344
16,3,en2fr,3,fr,4,0.8929
16,3,en2fr,3,fr,6,0.9028
16,3,en2fr,6,de,4,0.6213
16,3,en2fr,6,de,6,0.6511
16,3,en2fr,6,fr,4,0.9004
16,3,en2fr,6,fr,6,0.9076
16,3,en2fr,7,de,4,0.6539
16,3,en2fr,7,de,6,0.6671
16,3,en2fr,7,fr,4,0.8882
16,3,en2fr,7,fr,6,0.9039
16,3,en2fr,8,de,4,0.6377
16,3,en2fr,8,de,6,0.6556
16,3,en2fr,8,fr,4,0.8855
16,3,en2fr,8,fr,6,0.9004
16,3,en2fr,9,de,4,0.6427
16,3,en2fr,9,de,6,0.6559
16,3,en2fr,9,fr,4,0.9027
16,3,en2fr,9,fr,6,0.9098
16,3,en2fr,0,de,4,0.592
16,3,en2fr,0,de,6,0.6141
16,3,en2fr,0,fr,4,0.8886
16,3,en2fr,0,fr,6,0.8972
17,3,de2fr,2,de,4,0.6468
17,3,de2fr,2,de,6,0.6561
17,3,de2fr,2,fr,4,0.866
17,3,de2fr,2,fr,6,0.8964
17,3,de2fr,3,de,4,0.6195
17,3,de2fr,3,de,6,0.6175
17,3,de2fr,3,fr,4,0.8917
17,3,de2fr,3,fr,6,0.8816
17,3,de2fr,6,de,4,0.6316
17,3,de2fr,6,de,6,0.6328
17,3,de2fr,6,fr,4,0.8654
17,3,de2fr,6,fr,6,0.8934
17,3,de2fr,7,de,4,0.6004
17,3,de2fr,7,de,6,0.5956
17,3,de2fr,7,fr,4,0.884
17,3,de2fr,7,fr,6,0.8832
17,3,de2fr,8,de,4,0.6067
17,3,de2fr,8,de,6,0.6035
17,3,de2fr,8,fr,4,0.8965
17,3,de2fr,8,fr,6,0.9026
17,3,en2fr,2,de,4,0.5997
17,3,en2fr,2,de,6,0.6064
17,3,en2fr,2,fr,4,0.8946
17,3,en2fr,2,fr,6,0.8994
17,3,en2fr,3,de,4,0.6104
17,3,en2fr,3,de,6,0.6173
17,3,en2fr,3,fr,4,0.8978
17,3,en2fr,3,fr,6,0.9076
17,3,en2fr,6,de,4,0.6136
17,3,en2fr,6,de,6,0.6124
17,3,en2fr,6,fr,4,0.8807
17,3,en2fr,6,fr,6,0.9028
17,3,en2fr,7,de,4,0.6493
17,3,en2fr,7,de,6,0.6564
17,3,en2fr,7,fr,4,0.8702
17,3,en2fr,7,fr,6,0.9017
17,3,en2fr,8,de,4,0.6244
17,3,en2fr,8,de,6,0.6262
17,3,en2fr,8,fr,4,0.8637
17,3,en2fr,8,fr,6,0.882
17,3,en2fr,9,de,4,0.6572
17,3,en2fr,9,de,6,0.6621
17,3,en2fr,9,fr,4,0.8851
17,3,en2fr,9,fr,6,0.9034
17,3,en2fr,0,de,4,0.6196
17,3,en2fr,0,de,6,0.6133
17,3,en2fr,0,fr,4,0.8856
17,3,en2fr,0,fr,6,0.8986
18,3,de2fr,2,de,4,0.6777
18,3,de2fr,2,de,6,0.6839
18,3,de2fr,2,fr,4,0.8533
18,3,de2fr,2,fr,6,0.882
18,3,de2fr,3,de,4,0.6634
18,3,de2fr,3,de,6,0.6573
18,3,de2fr,3,fr,4,0.8791
18,3,de2fr,3,fr,6,0.8968
18,3,de2fr,6,de,4,0.646
18,3,de2fr,6,de,6,0.6418
18,3,de2fr,6,fr,4,0.8752
18,3,de2fr,6,fr,6,0.8953
18,3,de2fr,7,de,4,0.6276
18,3,de2fr,7,de,6,0.6071
18,3,de2fr,7,fr,4,0.8787
18,3,de2fr,7,fr,6,0.8895
18,3,de2fr,8,de,4,0.6336
18,3,de2fr,8,de,6,0.6334
18,3,de2fr,8,fr,4,0.8862
18,3,de2fr,8,fr,6,0.8984
18,3,en2fr,2,de,4,0.6292
18,3,en2fr,2,de,6,0.6216
18,3,en2fr,2,fr,4,0.8776
18,3,en2fr,2,fr,6,0.8916
18,3,en2fr,3,de,4,0.6243
18,3,en2fr,3,de,6,0.6229
18,3,en2fr,3,fr,4,0.8904
18,3,en2fr,3,fr,6,0.9056
18,3,en2fr,6,de,4,0.6199
18,3,en2fr,6,de,6,0.6175
18,3,en2fr,6,fr,4,0.8769
18,3,en2fr,6,fr,6,0.8912
18,3,en2fr,7,de,4,0.6794
18,3,en2fr,7,de,6,0.6757
18,3,en2fr,7,fr,4,0.8923
18,3,en2fr,7,fr,6,0.9137
18,3,en2fr,8,de,4,0.651
18,3,en2fr,8,de,6,0.6308
18,3,en2fr,8,fr,4,0.8591
18,3,en2fr,8,fr,6,0.8924
18,3,en2fr,9,de,4,0.6836
18,3,en2fr,9,de,6,0.6752
18,3,en2fr,9,fr,4,0.8684
18,3,en2fr,9,fr,6,0.9017
18,3,en2fr,0,de,4,0.6347
18,3,en2fr,0,de,6,0.6358
18,3,en2fr,0,fr,4,0.8778
18,3,en2fr,0,fr,6,0.8854
19,3,de2fr,2,de,4,0.6456
19,3,de2fr,2,de,6,0.704
19,3,de2fr,2,fr,4,0.8953
19,3,de2fr,2,fr,6,0.9015
19,3,de2fr,3,de,4,0.6228
19,3,de2fr,3,de,6,0.6486
19,3,de2fr,3,fr,4,0.8824
19,3,de2fr,3,fr,6,0.9
19,3,de2fr,6,de,4,0.6121
19,3,de2fr,6,de,6,0.6768
19,3,de2fr,6,fr,4,0.896
19,3,de2fr,6,fr,6,0.9026
19,3,de2fr,7,de,4,0.6167
19,3,de2fr,7,de,6,0.6345
19,3,de2fr,7,fr,4,0.8847
19,3,de2fr,7,fr,6,0.8753
19,3,de2fr,8,de,4,0.6244
19,3,de2fr,8,de,6,0.6674
19,3,de2fr,8,fr,4,0.8998
19,3,de2fr,8,fr,6,0.9018
19,3,en2fr,2,de,4,0.5958
19,3,en2fr,2,de,6,0.647
19,3,en2fr,2,fr,4,0.9089
19,3,en2fr,2,fr,6,0.9109
19,3,en2fr,3,de,4,0.6173
19,3,en2fr,3,de,6,0.6631
19,3,en2fr,3,fr,4,0.8963
19,3,en2fr,3,fr,6,0.9142
19,3,en2fr,6,de,4,0.5844
19,3,en2fr,6,de,6,0.6208
19,3,en2fr,6,fr,4,0.8833
19,3,en2fr,6,fr,6,0.899
19,3,en2fr,7,de,4,0.6418
19,3,en2fr,7,de,6,0.7027
19,3,en2fr,7,fr,4,0.901
19,3,en2fr,7,fr,6,0.9138
19,3,en2fr,8,de,4,0.6453
19,3,en2fr,8,de,6,0.6749
19,3,en2fr,8,fr,4,0.9026
19,3,en2fr,8,fr,6,0.9108
19,3,en2fr,9,de,4,0.6304
19,3,en2fr,9,de,6,0.6796
19,3,en2fr,9,fr,4,0.8994
19,3,en2fr,9,fr,6,0.9215
19,3,en2fr,0,de,4,0.5987
19,3,en2fr,0,de,6,0.6644
19,3,en2fr,0,fr,4,0.8858
19,3,en2fr,0,fr,6,0.9029
20,3,de2fr,2,de,4,0.6332
20,3,de2fr,2,de,6,0.6683
20,3,de2fr,2,fr,4,0.8949
20,3,de2fr,2,fr,6,0.9161
20,3,de2fr,3,de,4,0.5981
20,3,de2fr,3,de,6,0.6196
20,3,de2fr,3,fr,4,0.8975
20,3,de2fr,3,fr,6,0.8985
20,3,de2fr,6,de,4,0.573
20,3,de2fr,6,de,6,0.6314
20,3,de2fr,6,fr,4,0.9051
20,3,de2fr,6,fr,6,0.9062
20,3,de2fr,7,de,4,0.576
20,3,de2fr,7,de,6,0.5789
20,3,de2fr,7,fr,4,0.8838
20,3,de2fr,7,fr,6,0.8538
20,3,de2fr,8,de,4,0.5848
20,3,de2fr,8,de,6,0.6197
20,3,de2fr,8,fr,4,0.8934
20,3,de2fr,8,fr,6,0.8861
20,3,en2fr,2,de,4,0.6017
20,3,en2fr,2,de,6,0.6442
20,3,en2fr,2,fr,4,0.911
20,3,en2fr,2,fr,6,0.9148
20,3,en2fr,3,de,4,0.6139
20,3,en2fr,3,de,6,0.6586
20,3,en2fr,3,fr,4,0.8939
20,3,en2fr,3,fr,6,0.9097
20,3,en2fr,6,de,4,0.5825
20,3,en2fr,6,de,6,0.6203
20,3,en2fr,6,fr,4,0.8793
20,3,en2fr,6,fr,6,0.8924
20,3,en2fr,7,de,4,0.6214
20,3,en2fr,7,de,6,0.6554
20,3,en2fr,7,fr,4,0.9049
20,3,en2fr,7,fr,6,0.9185
20,3,en2fr,8,de,4,0.5882
20,3,en2fr,8,de,6,0.619
20,3,en2fr,8,fr,4,0.9049
20,3,en2fr,8,fr,6,0.9075
20,3,en2fr,9,de,4,0.6139
20,3,en2fr,9,de,6,0.6404
20,3,en2fr,9,fr,4,0.9041
20,3,en2fr,9,fr,6,0.9117
20,3,en2fr,0,de,4,0.5986
20,3,en2fr,0,de,6,0.6523
20,3,en2fr,0,fr,4,0.9013
20,3,en2fr,0,fr,6,0.9087
21,3,de2fr,2,de,4,0.6774
21,3,de2fr,2,de,6,0.7153
21,3,de2fr,2,fr,4,0.8743
21,3,de2fr,2,fr,6,0.888
21,3,de2fr,3,de,4,0.6163
21,3,de2fr,3,de,6,0.6449
21,3,de2fr,3,fr,4,0.8788
21,3,de2fr,3,fr,6,0.9011
21,3,de2fr,6,de,4,0.6394
21,3,de2fr,6,de,6,0.6775
21,3,de2fr,6,fr,4,0.8898
21,3,de2fr,6,fr,6,0.8955
21,3,de2fr,7,de,4,0.5974
21,3,de2fr,7,de,6,0.6128
21,3,de2fr,7,fr,4,0.8693
21,3,de2fr,7,fr,6,0.8941
21,3,de2fr,8,de,4,0.6174
21,3,de2fr,8,de,6,0.6435
21,3,de2fr,8,fr,4,0.8878
21,3,de2fr,8,fr,6,0.8798
21,3,en2fr,2,de,4,0.6241
21,3,en2fr,2,de,6,0.6617
21,3,en2fr,2,fr,4,0.8971
21,3,en2fr,2,fr,6,0.9086
21,3,en2fr,3,de,4,0.6394
21,3,en2fr,3,de,6,0.6772
21,3,en2fr,3,fr,4,0.8984
21,3,en2fr,3,fr,6,0.9075
21,3,en2fr,6,de,4,0.6107
21,3,en2fr,6,de,6,0.656
21,3,en2fr,6,fr,4,0.8768
21,3,en2fr,6,fr,6,0.8938
21,3,en2fr,7,de,4,0.6649
21,3,en2fr,7,de,6,0.6999
21,3,en2fr,7,fr,4,0.8926
21,3,en2fr,7,fr,6,0.9114
21,3,en2fr,8,de,4,0.6347
21,3,en2fr,8,de,6,0.6662
21,3,en2fr,8,fr,4,0.8865
21,3,en2fr,8,fr,6,0.8994
21,3,en2fr,9,de,4,0.6597
21,3,en2fr,9,de,6,0.6832
21,3,en2fr,9,fr,4,0.8907
21,3,en2fr,9,fr,6,0.9051
21,3,en2fr,0,de,4,0.6175
21,3,en2fr,0,de,6,0.6602
21,3,en2fr,0,fr,4,0.8903
21,3,en2fr,0,fr,6,0.9027
22,3,de2fr,2,de,4,0.6349
22,3,de2fr,2,de,6,0.6907
22,3,de2fr,2,fr,4,0.8565
22,3,de2fr,2,fr,6,0.8935
22,3,de2fr,3,de,4,0.6263
22,3,de2fr,3,de,6,0.6572
22,3,de2fr,3,fr,4,0.8232
22,3,de2fr,3,fr,6,0.8577
22,3,de2fr,6,de,4,0.5937
22,3,de2fr,6,de,6,0.6522
22,3,de2fr,6,fr,4,0.8775
22,3,de2fr,6,fr,6,0.8945
22,3,de2fr,7,de,4,0.5921
22,3,de2fr,7,de,6,0.6319
22,3,de2fr,7,fr,4,0.8785
22,3,de2fr,7,fr,6,0.8687
22,3,de2fr,8,de,4,0.5976
22,3,de2fr,8,de,6,0.6416
22,3,de2fr,8,fr,4,0.9024
22,3,de2fr,8,fr,6,0.9055
22,3,en2fr,2,de,4,0.5925
22,3,en2fr,2,de,6,0.6448
22,3,en2fr,2,fr,4,0.8967
22,3,en2fr,2,fr,6,0.8999
22,3,en2fr,3,de,4,0.6138
22,3,en2fr,3,de,6,0.665
22,3,en2fr,3,fr,4,0.8918
22,3,en2fr,3,fr,6,0.9106
22,3,en2fr,6,de,4,0.611
22,3,en2fr,6,de,6,0.6637
22,3,en2fr,6,fr,4,0.8756
22,3,en2fr,6,fr,6,0.896
22,3,en2fr,7,de,4,0.6195
22,3,en2fr,7,de,6,0.6702
22,3,en2fr,7,fr,4,0.8934
22,3,en2fr,7,fr,6,0.9134
22,3,en2fr,8,de,4,0.6136
22,3,en2fr,8,de,6,0.6602
22,3,en2fr,8,fr,4,0.8863
22,3,en2fr,8,fr,6,0.8972
22,3,en2fr,9,de,4,0.626
22,3,en2fr,9,de,6,0.6623
22,3,en2fr,9,fr,4,0.8987
22,3,en2fr,9,fr,6,0.9043
22,3,en2fr,0,de,4,0.5964
22,3,en2fr,0,de,6,0.6531
22,3,en2fr,0,fr,4,0.8719
22,3,en2fr,0,fr,6,0.8888
23,3,de2fr,2,de,4,0.6304
23,3,de2fr,2,de,6,0.6881
23,3,de2fr,2,fr,4,0.8681
23,3,de2fr,2,fr,6,0.8958
23,3,de2fr,3,de,4,0.6115
23,3,de2fr,3,de,6,0.6638
23,3,de2fr,3,fr,4,0.8748
23,3,de2fr,3,fr,6,0.8833
23,3,de2fr,6,de,4,0.6096
23,3,de2fr,6,de,6,0.6588
23,3,de2fr,6,fr,4,0.8807
23,3,de2fr,6,fr,6,0.8964
23,3,de2fr,7,de,4,0.5915
23,3,de2fr,7,de,6,0.6165
23,3,de2fr,7,fr,4,0.8771
23,3,de2fr,7,fr,6,0.8919
23,3,de2fr,8,de,4,0.5858
23,3,de2fr,8,de,6,0.6259
23,3,de2fr,8,fr,4,0.9009
23,3,de2fr,8,fr,6,0.8996
23,3,en2fr,2,de,4,0.5887
23,3,en2fr,2,de,6,0.6451
23,3,en2fr,2,fr,4,0.8896
23,3,en2fr,2,fr,6,0.9076
23,3,en2fr,3,de,4,0.5633
23,3,en2fr,3,de,6,0.6163
23,3,en2fr,3,fr,4,0.8978
23,3,en2fr,3,fr,6,0.9103
23,3,en2fr,6,de,4,0.5689
23,3,en2fr,6,de,6,0.6252
23,3,en2fr,6,fr,4,0.8814
23,3,en2fr,6,fr,6,0.8932
23,3,en2fr,7,de,4,0.6127
23,3,en2fr,7,de,6,0.6764
23,3,en2fr,7,fr,4,0.8916
23,3,en2fr,7,fr,6,0.9108
23,3,en2fr,8,de,4,0.593
23,3,en2fr,8,de,6,0.6404
23,3,en2fr,8,fr,4,0.8824
23,3,en2fr,8,fr,6,0.9081
23,3,en2fr,9,de,4,0.6312
23,3,en2fr,9,de,6,0.6739
23,3,en2fr,9,fr,4,0.8879
23,3,en2fr,9,fr,6,0.9064
23,3,en2fr,0,de,4,0.6091
23,3,en2fr,0,de,6,0.6644
23,3,en2fr,0,fr,4,0.8878
23,3,en2fr,0,fr,6,0.8953
24,3,de2fr,2,de,4,0.6438
24,3,de2fr,2,de,6,0.6883
24,3,de2fr,2,fr,4,0.8998
24,3,de2fr,2,fr,6,0.8995
24,3,de2fr,3,de,4,0.6448
24,3,de2fr,3,de,6,0.6721
24,3,de2fr,3,fr,4,0.8682
24,3,de2fr,3,fr,6,0.8808
24,3,de2fr,6,de,4,0.6366
24,3,de2fr,6,de,6,0.6716
24,3,de2fr,6,fr,4,0.8912
24,3,de2fr,6,fr,6,0.894
24,3,de2fr,7,de,4,0.6038
24,3,de2fr,7,de,6,0.6121
24,3,de2fr,7,fr,4,0.8873
24,3,de2fr,7,fr,6,0.8627
24,3,de2fr,8,de,4,0.6396
24,3,de2fr,8,de,6,0.6634
24,3,de2fr,8,fr,4,0.8945
24,3,de2fr,8,fr,6,0.8908
24,3,en2fr,2,de,4,0.649
24,3,en2fr,2,de,6,0.6737
24,3,en2fr,2,fr,4,0.9068
24,3,en2fr,2,fr,6,0.9108
24,3,en2fr,3,de,4,0.645
24,3,en2fr,3,de,6,0.6712
24,3,en2fr,3,fr,4,0.9005
24,3,en2fr,3,fr,6,0.9029
24,3,en2fr,6,de,4,0.6304
24,3,en2fr,6,de,6,0.6538
24,3,en2fr,6,fr,4,0.9024
24,3,en2fr,6,fr,6,0.9047
24,3,en2fr,7,de,4,0.6539
24,3,en2fr,7,de,6,0.679
24,3,en2fr,7,fr,4,0.8928
24,3,en2fr,7,fr,6,0.9073
24,3,en2fr,8,de,4,0.6639
24,3,en2fr,8,de,6,0.6941
24,3,en2fr,8,fr,4,0.8995
24,3,en2fr,8,fr,6,0.8963
24,3,en2fr,9,de,4,0.6613
24,3,en2fr,9,de,6,0.6801
24,3,en2fr,9,fr,4,0.9025
24,3,en2fr,9,fr,6,0.8975
24,3,en2fr,0,de,4,0.637
24,3,en2fr,0,de,6,0.6556
24,3,en2fr,0,fr,4,0.9005
24,3,en2fr,0,fr,6,0.91
25,3,de2fr,2,de,4,0.6657
25,3,de2fr,2,de,6,0.709
25,3,de2fr,2,fr,4,0.89
25,3,de2fr,2,fr,6,0.8928
25,3,de2fr,3,de,4,0.639
25,3,de2fr,3,de,6,0.6464
25,3,de2fr,3,fr,4,0.906
25,3,de2fr,3,fr,6,0.895
25,3,de2fr,6,de,4,0.6385
25,3,de2fr,6,de,6,0.6668
25,3,de2fr,6,fr,4,0.8902
25,3,de2fr,6,fr,6,0.8992
25,3,de2fr,7,de,4,0.6174
25,3,de2fr,7,de,6,0.6237
25,3,de2fr,7,fr,4,0.9014
25,3,de2fr,7,fr,6,0.87
25,3,de2fr,8,de,4,0.6521
25,3,de2fr,8,de,6,0.6696
25,3,de2fr,8,fr,4,0.8948
25,3,de2fr,8,fr,6,0.8959
25,3,en2fr,2,de,4,0.6488
25,3,en2fr,2,de,6,0.6814
25,3,en2fr,2,fr,4,0.9139
25,3,en2fr,2,fr,6,0.908
25,3,en2fr,3,de,4,0.632
25,3,en2fr,3,de,6,0.6634
25,3,en2fr,3,fr,4,0.9024
25,3,en2fr,3,fr,6,0.9122
25,3,en2fr,6,de,4,0.6285
25,3,en2fr,6,de,6,0.6457
25,3,en2fr,6,fr,4,0.8955
25,3,en2fr,6,fr,6,0.9029
25,3,en2fr,7,de,4,0.6528
25,3,en2fr,7,de,6,0.6867
25,3,en2fr,7,fr,4,0.8815
25,3,en2fr,7,fr,6,0.8988
25,3,en2fr,8,de,4,0.6382
25,3,en2fr,8,de,6,0.6615
25,3,en2fr,8,fr,4,0.9115
25,3,en2fr,8,fr,6,0.9017
25,3,en2fr,9,de,4,0.666
25,3,en2fr,9,de,6,0.6947
25,3,en2fr,9,fr,4,0.8959
25,3,en2fr,9,fr,6,0.9003
25,3,en2fr,0,de,4,0.6309
25,3,en2fr,0,de,6,0.6581
25,3,en2fr,0,fr,4,0.8992
25,3,en2fr,0,fr,6,0.9007
26,3,de2fr,2,de,4,0.6719
26,3,de2fr,2,de,6,0.7143
26,3,de2fr,2,fr,4,0.8895
26,3,de2fr,2,fr,6,0.8965
26,3,de2fr,3,de,4,0.6313
26,3,de2fr,3,de,6,0.6464
26,3,de2fr,3,fr,4,0.911
26,3,de2fr,3,fr,6,0.892
26,3,de2fr,6,de,4,0.6455
26,3,de2fr,6,de,6,0.6866
26,3,de2fr,6,fr,4,0.8985
26,3,de2fr,6,fr,6,0.8921
26,3,de2fr,7,de,4,0.6273
26,3,de2fr,7,de,6,0.6395
26,3,de2fr,7,fr,4,0.8889
26,3,de2fr,7,fr,6,0.8637
26,3,de2fr,8,de,4,0.6368
26,3,de2fr,8,de,6,0.66
26,3,de2fr,8,fr,4,0.8895
26,3,de2fr,8,fr,6,0.8876
26,3,en2fr,2,de,4,0.6405
26,3,en2fr,2,de,6,0.6664
26,3,en2fr,2,fr,4,0.9097
26,3,en2fr,2,fr,6,0.8997
26,3,en2fr,3,de,4,0.6467
26,3,en2fr,3,de,6,0.6711
26,3,en2fr,3,fr,4,0.8942
26,3,en2fr,3,fr,6,0.9104
26,3,en2fr,6,de,4,0.6255
26,3,en2fr,6,de,6,0.6383
26,3,en2fr,6,fr,4,0.9098
26,3,en2fr,6,fr,6,0.9032
26,3,en2fr,7,de,4,0.6628
26,3,en2fr,7,de,6,0.6935
26,3,en2fr,7,fr,4,0.9018
26,3,en2fr,7,fr,6,0.9121
26,3,en2fr,8,de,4,0.6549
26,3,en2fr,8,de,6,0.6825
26,3,en2fr,8,fr,4,0.9066
26,3,en2fr,8,fr,6,0.91
26,3,en2fr,9,de,4,0.6577
26,3,en2fr,9,de,6,0.674
26,3,en2fr,9,fr,4,0.9035
26,3,en2fr,9,fr,6,0.8917
26,3,en2fr,0,de,4,0.6299
26,3,en2fr,0,de,6,0.6522
26,3,en2fr,0,fr,4,0.8854
26,3,en2fr,0,fr,6,0.9021
27,3,de2fr,2,de,4,0.665
27,3,de2fr,2,de,6,0.6961
27,3,de2fr,2,fr,4,0.8964
27,3,de2fr,2,fr,6,0.8975
27,3,de2fr,3,de,4,0.6378
27,3,de2fr,3,de,6,0.651
27,3,de2fr,3,fr,4,0.9092
27,3,de2fr,3,fr,6,0.8915
27,3,de2fr,6,de,4,0.6331
27,3,de2fr,6,de,6,0.6685
27,3,de2fr,6,fr,4,0.8886
27,3,de2fr,6,fr,6,0.894
27,3,de2fr,7,de,4,0.6144
27,3,de2fr,7,de,6,0.6268
27,3,de2fr,7,fr,4,0.901
27,3,de2fr,7,fr,6,0.8761
27,3,de2fr,8,de,4,0.6222
27,3,de2fr,8,de,6,0.6384
27,3,de2fr,8,fr,4,0.9015
27,3,de2fr,8,fr,6,0.8906
27,3,en2fr,2,de,4,0.64
27,3,en2fr,2,de,6,0.656
27,3,en2fr,2,fr,4,0.898
27,3,en2fr,2,fr,6,0.8988
27,3,en2fr,3,de,4,0.6375
27,3,en2fr,3,de,6,0.6682
27,3,en2fr,3,fr,4,0.8948
27,3,en2fr,3,fr,6,0.9105
27,3,en2fr,6,de,4,0.6335
27,3,en2fr,6,de,6,0.6536
27,3,en2fr,6,fr,4,0.9084
27,3,en2fr,6,fr,6,0.8886
27,3,en2fr,7,de,4,0.6504
27,3,en2fr,7,de,6,0.6777
27,3,en2fr,7,fr,4,0.8901
27,3,en2fr,7,fr,6,0.9069
27,3,en2fr,8,de,4,0.6349
27,3,en2fr,8,de,6,0.6633
27,3,en2fr,8,fr,4,0.8998
27,3,en2fr,8,fr,6,0.8996
27,3,en2fr,9,de,4,0.6607
27,3,en2fr,9,de,6,0.681
27,3,en2fr,9,fr,4,0.9007
27,3,en2fr,9,fr,6,0.894
27,3,en2fr,0,de,4,0.6335
27,3,en2fr,0,de,6,0.6551
27,3,en2fr,0,fr,4,0.9049
27,3,en2fr,0,fr,6,0.9052
28,3,de2fr,2,de,4,0.6726
28,3,de2fr,2,de,6,0.7129
28,3,de2fr,2,fr,4,0.9024
28,3,de2fr,2,fr,6,0.896
28,3,de2fr,3,de,4,0.6338
28,3,de2fr,3,de,6,0.6411
28,3,de2fr,3,fr,4,0.9039
28,3,de2fr,3,fr,6,0.8813
28,3,de2fr,6,de,4,0.6558
28,3,de2fr,6,de,6,0.6898
28,3,de2fr,6,fr,4,0.898
28,3,de2fr,6,fr,6,0.8996
28,3,de2fr,7,de,4,0.6155
28,3,de2fr,7,de,6,0.6271
28,3,de2fr,7,fr,4,0.8878
28,3,de2fr,7,fr,6,0.8498
28,3,de2fr,8,de,4,0.6275
28,3,de2fr,8,de,6,0.6469
28,3,de2fr,8,fr,4,0.8985
28,3,de2fr,8,fr,6,0.8977
28,3,en2fr,2,de,4,0.6433
28,3,en2fr,2,de,6,0.6666
28,3,en2fr,2,fr,4,0.9098
28,3,en2fr,2,fr,6,0.9034
28,3,en2fr,3,de,4,0.6292
28,3,en2fr,3,de,6,0.6646
28,3,en2fr,3,fr,4,0.8978
28,3,en2fr,3,fr,6,0.9136
28,3,en2fr,6,de,4,0.6344
28,3,en2fr,6,de,6,0.6527
28,3,en2fr,6,fr,4,0.8938
28,3,en2fr,6,fr,6,0.8869
28,3,en2fr,7,de,4,0.6624
28,3,en2fr,7,de,6,0.6952
28,3,en2fr,7,fr,4,0.8842
28,3,en2fr,7,fr,6,0.9021
28,3,en2fr,8,de,4,0.6429
28,3,en2fr,8,de,6,0.6713
28,3,en2fr,8,fr,4,0.9047
28,3,en2fr,8,fr,6,0.894
28,3,en2fr,9,de,4,0.6701
28,3,en2fr,9,de,6,0.6964
28,3,en2fr,9,fr,4,0.9039
28,3,en2fr,9,fr,6,0.8992
28,3,en2fr,0,de,4,0.6375
28,3,en2fr,0,de,6,0.6638
28,3,en2fr,0,fr,4,0.8967
28,3,en2fr,0,fr,6,0.8978
29,3,de2fr,2,de,4,0.6841
29,3,de2fr,2,de,6,0.7252
29,3,de2fr,2,fr,4,0.8995
29,3,de2fr,2,fr,6,0.8909
29,3,de2fr,3,de,4,0.6314
29,3,de2fr,3,de,6,0.6391
29,3,de2fr,3,fr,4,0.8977
29,3,de2fr,3,fr,6,0.8838
29,3,de2fr,6,de,4,0.6365
29,3,de2fr,6,de,6,0.6621
29,3,de2fr,6,fr,4,0.8907
29,3,de2fr,6,fr,6,0.8987
29,3,de2fr,7,de,4,0.6128
29,3,de2fr,7,de,6,0.6205
29,3,de2fr,7,fr,4,0.8991
29,3,de2fr,7,fr,6,0.865
29,3,de2fr,8,de,4,0.6478
29,3,de2fr,8,de,6,0.67
29,3,de2fr,8,fr,4,0.9038
29,3,de2fr,8,fr,6,0.8979
29,3,en2fr,2,de,4,0.6209
29,3,en2fr,2,de,6,0.6416
29,3,en2fr,2,fr,4,0.9006
29,3,en2fr,2,fr,6,0.8991
29,3,en2fr,3,de,4,0.6538
29,3,en2fr,3,de,6,0.6768
29,3,en2fr,3,fr,4,0.903
29,3,en2fr,3,fr,6,0.9106
29,3,en2fr,6,de,4,0.6242
29,3,en2fr,6,de,6,0.6389
29,3,en2fr,6,fr,4,0.9004
29,3,en2fr,6,fr,6,0.8928
29,3,en2fr,7,de,4,0.6548
29,3,en2fr,7,de,6,0.6816
29,3,en2fr,7,fr,4,0.8972
29,3,en2fr,7,fr,6,0.9093
29,3,en2fr,8,de,4,0.6454
29,3,en2fr,8,de,6,0.6805
29,3,en2fr,8,fr,4,0.882
29,3,en2fr,8,fr,6,0.8817
29,3,en2fr,9,de,4,0.6625
29,3,en2fr,9,de,6,0.6855
29,3,en2fr,9,fr,4,0.9013
29,3,en2fr,9,fr,6,0.8978
29,3,en2fr,0,de,4,0.6209
29,3,en2fr,0,de,6,0.6436
29,3,en2fr,0,fr,4,0.8954
29,3,en2fr,0,fr,6,0.897
4,4,de2fr,2,de,4,0.8718
4,4,de2fr,2,de,6,0.8836
4,4,de2fr,2,fr,4,0.4846
4,4,de2fr,2,fr,6,0.5732
4,4,de2fr,3,de,4,0.8595
4,4,de2fr,3,de,6,0.858
4,4,de2fr,3,fr,4,0.4262
4,4,de2fr,3,fr,6,0.4963
4,4,de2fr,6,de,4,0.8033
4,4,de2fr,6,de,6,0.8303
4,4,de2fr,6,fr,4,0.4671
4,4,de2fr,6,fr,6,0.5252
4,4,de2fr,7,de,4,0.8643
4,4,de2fr,7,de,6,0.8135
4,4,de2fr,7,fr,4,0.4013
4,4,de2fr,7,fr,6,0.4571
4,4,de2fr,8,de,4,0.8558
4,4,de2fr,8,de,6,0.8778
4,4,de2fr,8,fr,4,0.4798
4,4,de2fr,8,fr,6,0.565
4,4,en2fr,2,de,4,0.53
4,4,en2fr,2,de,6,0.5996
4,4,en2fr,2,fr,4,0.6736
4,4,en2fr,2,fr,6,0.7482
4,4,en2fr,3,de,4,0.5105
4,4,en2fr,3,de,6,0.5832
4,4,en2fr,3,fr,4,0.652
4,4,en2fr,3,fr,6,0.7465
4,4,en2fr,6,de,4,0.5204
4,4,en2fr,6,de,6,0.5921
4,4,en2fr,6,fr,4,0.6185
4,4,en2fr,6,fr,6,0.6996
4,4,en2fr,7,de,4,0.528
4,4,en2fr,7,de,6,0.6187
4,4,en2fr,7,fr,4,0.6775
4,4,en2fr,7,fr,6,0.7642
4,4,en2fr,8,de,4,0.5578
4,4,en2fr,8,de,6,0.6435
4,4,en2fr,8,fr,4,0.6729
4,4,en2fr,8,fr,6,0.7867
4,4,en2fr,9,de,4,0.5189
4,4,en2fr,9,de,6,0.6097
4,4,en2fr,9,fr,4,0.6605
4,4,en2fr,9,fr,6,0.7574
4,4,en2fr,0,de,4,0.497
4,4,en2fr,0,de,6,0.5869
4,4,en2fr,0,fr,4,0.6654
4,4,en2fr,0,fr,6,0.7717
5,4,de2fr,2,de,4,0.7976
5,4,de2fr,2,de,6,0.7867
5,4,de2fr,2,fr,4,0.7145
5,4,de2fr,2,fr,6,0.6872
5,4,de2fr,3,de,4,0.8142
5,4,de2fr,3,de,6,0.8203
5,4,de2fr,3,fr,4,0.7217
5,4,de2fr,3,fr,6,0.691
5,4,de2fr,6,de,4,0.8351
5,4,de2fr,6,de,6,0.8414
5,4,de2fr,6,fr,4,0.7029
5,4,de2fr,6,fr,6,0.6681
5,4,de2fr,7,de,4,0.8056
5,4,de2fr,7,de,6,0.7935
5,4,de2fr,7,fr,4,0.6939
5,4,de2fr,7,fr,6,0.6622
5,4,de2fr,8,de,4,0.7996
5,4,de2fr,8,de,6,0.8067
5,4,de2fr,8,fr,4,0.7404
5,4,de2fr,8,fr,6,0.7115
5,4,en2fr,2,de,4,0.5814
5,4,en2fr,2,de,6,0.5673
5,4,en2fr,2,fr,4,0.7868
5,4,en2fr,2,fr,6,0.7684
5,4,en2fr,3,de,4,0.6173
5,4,en2fr,3,de,6,0.6158
5,4,en2fr,3,fr,4,0.8346
5,4,en2fr,3,fr,6,0.8232
5,4,en2fr,6,de,4,0.6091
5,4,en2fr,6,de,6,0.6124
5,4,en2fr,6,fr,4,0.7952
5,4,en2fr,6,fr,6,0.7881
5,4,en2fr,7,de,4,0.6062
5,4,en2fr,7,de,6,0.6101
5,4,en2fr,7,fr,4,0.8342
5,4,en2fr,7,fr,6,0.8257
5,4,en2fr,8,de,4,0.6158
5,4,en2fr,8,de,6,0.6271
5,4,en2fr,8,fr,4,0.8141
5,4,en2fr,8,fr,6,0.8298
5,4,en2fr,9,de,4,0.6066
5,4,en2fr,9,de,6,0.5978
5,4,en2fr,9,fr,4,0.8152
5,4,en2fr,9,fr,6,0.7982
5,4,en2fr,0,de,4,0.6203
5,4,en2fr,0,de,6,0.6021
5,4,en2fr,0,fr,4,0.8238
5,4,en2fr,0,fr,6,0.811
6,4,de2fr,2,de,4,0.5917
6,4,de2fr,2,de,6,0.6416
6,4,de2fr,2,fr,4,0.7314
6,4,de2fr,2,fr,6,0.7452
6,4,de2fr,3,de,4,0.6822
6,4,de2fr,3,de,6,0.7109
6,4,de2fr,3,fr,4,0.7241
6,4,de2fr,3,fr,6,0.7536
6,4,de2fr,6,de,4,0.6676
6,4,de2fr,6,de,6,0.7216
6,4,de2fr,6,fr,4,0.7567
6,4,de2fr,6,fr,6,0.7823
6,4,de2fr,7,de,4,0.5653
6,4,de2fr,7,de,6,0.604
6,4,de2fr,7,fr,4,0.7133
6,4,de2fr,7,fr,6,0.7362
6,4,de2fr,8,de,4,0.5969
6,4,de2fr,8,de,6,0.6783
6,4,de2fr,8,fr,4,0.7437
6,4,de2fr,8,fr,6,0.7536
6,4,en2fr,2,de,4,0.4918
6,4,en2fr,2,de,6,0.5532
6,4,en2fr,2,fr,4,0.7779
6,4,en2fr,2,fr,6,0.8028
6,4,en2fr,3,de,4,0.5463
6,4,en2fr,3,de,6,0.6036
6,4,en2fr,3,fr,4,0.8264
6,4,en2fr,3,fr,6,0.85
6,4,en2fr,6,de,4,0.4984
6,4,en2fr,6,de,6,0.562
6,4,en2fr,6,fr,4,0.7679
6,4,en2fr,6,fr,6,0.7874
6,4,en2fr,7,de,4,0.5034
6,4,en2fr,7,de,6,0.5675
6,4,en2fr,7,fr,4,0.7945
6,4,en2fr,7,fr,6,0.8227
6,4,en2fr,8,de,4,0.514
6,4,en2fr,8,de,6,0.5715
6,4,en2fr,8,fr,4,0.7882
6,4,en2fr,8,fr,6,0.8348
6,4,en2fr,9,de,4,0.5401
6,4,en2fr,9,de,6,0.5974
6,4,en2fr,9,fr,4,0.7942
6,4,en2fr,9,fr,6,0.8152
6,4,en2fr,0,de,4,0.5435
6,4,en2fr,0,de,6,0.5915
6,4,en2fr,0,fr,4,0.7991
6,4,en2fr,0,fr,6,0.8229
7,4,de2fr,2,de,4,0.5724
7,4,de2fr,2,de,6,0.6121
7,4,de2fr,2,fr,4,0.7883
7,4,de2fr,2,fr,6,0.7713
7,4,de2fr,3,de,4,0.597
7,4,de2fr,3,de,6,0.6229
7,4,de2fr,3,fr,4,0.8274
7,4,de2fr,3,fr,6,0.8255
7,4,de2fr,6,de,4,0.6314
7,4,de2fr,6,de,6,0.6491
7,4,de2fr,6,fr,4,0.8569
7,4,de2fr,6,fr,6,0.8543
7,4,de2fr,7,de,4,0.574
7,4,de2fr,7,de,6,0.606
7,4,de2fr,7,fr,4,0.7604
7,4,de2fr,7,fr,6,0.7501
7,4,de2fr,8,de,4,0.5594
7,4,de2fr,8,de,6,0.6067
7,4,de2fr,8,fr,4,0.8104
7,4,de2fr,8,fr,6,0.791
7,4,en2fr,2,de,4,0.5304
7,4,en2fr,2,de,6,0.5722
7,4,en2fr,2,fr,4,0.8128
7,4,en2fr,2,fr,6,0.8105
7,4,en2fr,3,de,4,0.5751
7,4,en2fr,3,de,6,0.5916
7,4,en2fr,3,fr,4,0.8328
7,4,en2fr,3,fr,6,0.8236
7,4,en2fr,6,de,4,0.5637
7,4,en2fr,6,de,6,0.5958
7,4,en2fr,6,fr,4,0.8443
7,4,en2fr,6,fr,6,0.8414
7,4,en2fr,7,de,4,0.5463
7,4,en2fr,7,de,6,0.5679
7,4,en2fr,7,fr,4,0.8349
7,4,en2fr,7,fr,6,0.8133
7,4,en2fr,8,de,4,0.5758
7,4,en2fr,8,de,6,0.6205
7,4,en2fr,8,fr,4,0.8418
7,4,en2fr,8,fr,6,0.8652
7,4,en2fr,9,de,4,0.5791
7,4,en2fr,9,de,6,0.6005
7,4,en2fr,9,fr,4,0.8115
7,4,en2fr,9,fr,6,0.8049
7,4,en2fr,0,de,4,0.5886
7,4,en2fr,0,de,6,0.6101
7,4,en2fr,0,fr,4,0.8582
7,4,en2fr,0,fr,6,0.8535
8,4,de2fr,2,de,4,0.5979
8,4,de2fr,2,de,6,0.6306
8,4,de2fr,2,fr,4,0.8311
8,4,de2fr,2,fr,6,0.8038
8,4,de2fr,3,de,4,0.5972
8,4,de2fr,3,de,6,0.6198
8,4,de2fr,3,fr,4,0.8355
8,4,de2fr,3,fr,6,0.8289
8,4,de2fr,6,de,4,0.6481
8,4,de2fr,6,de,6,0.6578
8,4,de2fr,6,fr,4,0.8609
8,4,de2fr,6,fr,6,0.8525
8,4,de2fr,7,de,4,0.5339
8,4,de2fr,7,de,6,0.5672
8,4,de2fr,7,fr,4,0.7634
8,4,de2fr,7,fr,6,0.7509
8,4,de2fr,8,de,4,0.5732
8,4,de2fr,8,de,6,0.6008
8,4,de2fr,8,fr,4,0.8031
8,4,de2fr,8,fr,6,0.7669
8,4,en2fr,2,de,4,0.5764
8,4,en2fr,2,de,6,0.6084
8,4,en2fr,2,fr,4,0.8471
8,4,en2fr,2,fr,6,0.8419
8,4,en2fr,3,de,4,0.5886
8,4,en2fr,3,de,6,0.6066
8,4,en2fr,3,fr,4,0.8492
8,4,en2fr,3,fr,6,0.8446
8,4,en2fr,6,de,4,0.6071
8,4,en2fr,6,de,6,0.629
8,4,en2fr,6,fr,4,0.8331
8,4,en2fr,6,fr,6,0.8299
8,4,en2fr,7,de,4,0.5455
8,4,en2fr,7,de,6,0.5642
8,4,en2fr,7,fr,4,0.8204
8,4,en2fr,7,fr,6,0.8001
8,4,en2fr,8,de,4,0.6255
8,4,en2fr,8,de,6,0.6587
8,4,en2fr,8,fr,4,0.8649
8,4,en2fr,8,fr,6,0.8759
8,4,en2fr,9,de,4,0.5897
8,4,en2fr,9,de,6,0.6112
8,4,en2fr,9,fr,4,0.8245
8,4,en2fr,9,fr,6,0.8119
8,4,en2fr,0,de,4,0.6219
8,4,en2fr,0,de,6,0.6258
8,4,en2fr,0,fr,4,0.8803
8,4,en2fr,0,fr,6,0.8707
9,4,de2fr,2,de,4,0.5887
9,4,de2fr,2,de,6,0.5999
9,4,de2fr,2,fr,4,0.8218
9,4,de2fr,2,fr,6,0.7987
9,4,de2fr,3,de,4,0.6095
9,4,de2fr,3,de,6,0.5992
9,4,de2fr,3,fr,4,0.8587
9,4,de2fr,3,fr,6,0.8419
9,4,de2fr,6,de,4,0.6231
9,4,de2fr,6,de,6,0.6239
9,4,de2fr,6,fr,4,0.8566
9,4,de2fr,6,fr,6,0.8446
9,4,de2fr,7,de,4,0.4831
9,4,de2fr,7,de,6,0.5058
9,4,de2fr,7,fr,4,0.798
9,4,de2fr,7,fr,6,0.7767
9,4,de2fr,8,de,4,0.5529
9,4,de2fr,8,de,6,0.5566
9,4,de2fr,8,fr,4,0.8244
9,4,de2fr,8,fr,6,0.8
9,4,en2fr,2,de,4,0.5626
9,4,en2fr,2,de,6,0.5574
9,4,en2fr,2,fr,4,0.8624
9,4,en2fr,2,fr,6,0.8372
9,4,en2fr,3,de,4,0.5867
9,4,en2fr,3,de,6,0.5781
9,4,en2fr,3,fr,4,0.8335
9,4,en2fr,3,fr,6,0.8294
9,4,en2fr,6,de,4,0.5895
9,4,en2fr,6,de,6,0.5948
9,4,en2fr,6,fr,4,0.8462
9,4,en2fr,6,fr,6,0.8298
9,4,en2fr,7,de,4,0.6111
9,4,en2fr,7,de,6,0.5868
9,4,en2fr,7,fr,4,0.8617
9,4,en2fr,7,fr,6,0.8483
9,4,en2fr,8,de,4,0.6026
9,4,en2fr,8,de,6,0.5871
9,4,en2fr,8,fr,4,0.8631
9,4,en2fr,8,fr,6,0.8521
9,4,en2fr,9,de,4,0.5866
9,4,en2fr,9,de,6,0.5672
9,4,en2fr,9,fr,4,0.8212
9,4,en2fr,9,fr,6,0.7929
9,4,en2fr,0,de,4,0.6127
9,4,en2fr,0,de,6,0.597
9,4,en2fr,0,fr,4,0.8623
9,4,en2fr,0,fr,6,0.8504
10,4,de2fr,2,de,4,0.625
10,4,de2fr,2,de,6,0.6123
10,4,de2fr,2,fr,4,0.8292
10,4,de2fr,2,fr,6,0.8065
10,4,de2fr,3,de,4,0.659
10,4,de2fr,3,de,6,0.6242
10,4,de2fr,3,fr,4,0.8908
10,4,de2fr,3,fr,6,0.8633
10,4,de2fr,6,de,4,0.6645
10,4,de2fr,6,de,6,0.6584
10,4,de2fr,6,fr,4,0.8617
10,4,de2fr,6,fr,6,0.8376
10,4,de2fr,7,de,4,0.5668
10,4,de2fr,7,de,6,0.5357
10,4,de2fr,7,fr,4,0.8137
10,4,de2fr,7,fr,6,0.7984
10,4,de2fr,8,de,4,0.6435
10,4,de2fr,8,de,6,0.6234
10,4,de2fr,8,fr,4,0.8545
10,4,de2fr,8,fr,6,0.8207
10,4,en2fr,2,de,4,0.5943
10,4,en2fr,2,de,6,0.5841
10,4,en2fr,2,fr,4,0.8594
10,4,en2fr,2,fr,6,0.8404
10,4,en2fr,3,de,4,0.631
10,4,en2fr,3,de,6,0.6114
10,4,en2fr,3,fr,4,0.8653
10,4,en2fr,3,fr,6,0.8529
10,4,en2fr,6,de,4,0.6319
10,4,en2fr,6,de,6,0.6096
10,4,en2fr,6,fr,4,0.8683
10,4,en2fr,6,fr,6,0.8495
10,4,en2fr,7,de,4,0.5976
10,4,en2fr,7,de,6,0.5652
10,4,en2fr,7,fr,4,0.8444
10,4,en2fr,7,fr,6,0.8399
10,4,en2fr,8,de,4,0.6644
10,4,en2fr,8,de,6,0.653
10,4,en2fr,8,fr,4,0.8689
10,4,en2fr,8,fr,6,0.8581
10,4,en2fr,9,de,4,0.674
10,4,en2fr,9,de,6,0.646
10,4,en2fr,9,fr,4,0.8392
10,4,en2fr,9,fr,6,0.8158
10,4,en2fr,0,de,4,0.6608
10,4,en2fr,0,de,6,0.64
10,4,en2fr,0,fr,4,0.8711
10,4,en2fr,0,fr,6,0.8385
11,4,de2fr,2,de,4,0.6046
11,4,de2fr,2,de,6,0.6202
11,4,de2fr,2,fr,4,0.8226
11,4,de2fr,2,fr,6,0.8263
11,4,de2fr,3,de,4,0.6198
11,4,de2fr,3,de,6,0.6073
11,4,de2fr,3,fr,4,0.8903
11,4,de2fr,3,fr,6,0.8784
11,4,de2fr,6,de,4,0.6421
11,4,de2fr,6,de,6,0.6538
11,4,de2fr,6,fr,4,0.8438
11,4,de2fr,6,fr,6,0.8456
11,4,de2fr,7,de,4,0.5855
11,4,de2fr,7,de,6,0.581
11,4,de2fr,7,fr,4,0.8416
11,4,de2fr,7,fr,6,0.8443
11,4,de2fr,8,de,4,0.6109
11,4,de2fr,8,de,6,0.5998
11,4,de2fr,8,fr,4,0.8706
11,4,de2fr,8,fr,6,0.8546
11,4,en2fr,2,de,4,0.5669
11,4,en2fr,2,de,6,0.5716
11,4,en2fr,2,fr,4,0.859
11,4,en2fr,2,fr,6,0.8504
11,4,en2fr,3,de,4,0.6173
11,4,en2fr,3,de,6,0.6232
11,4,en2fr,3,fr,4,0.8489
11,4,en2fr,3,fr,6,0.8281
11,4,en2fr,6,de,4,0.6258
11,4,en2fr,6,de,6,0.6255
11,4,en2fr,6,fr,4,0.8678
11,4,en2fr,6,fr,6,0.8664
11,4,en2fr,7,de,4,0.6163
11,4,en2fr,7,de,6,0.5976
11,4,en2fr,7,fr,4,0.8497
11,4,en2fr,7,fr,6,0.8491
11,4,en2fr,8,de,4,0.6277
11,4,en2fr,8,de,6,0.6201
11,4,en2fr,8,fr,4,0.8576
11,4,en2fr,8,fr,6,0.871
11,4,en2fr,9,de,4,0.6203
11,4,en2fr,9,de,6,0.602
11,4,en2fr,9,fr,4,0.8615
11,4,en2fr,9,fr,6,0.8415
11,4,en2fr,0,de,4,0.5989
11,4,en2fr,0,de,6,0.593
11,4,en2fr,0,fr,4,0.8428
11,4,en2fr,0,fr,6,0.8331
12,4,de2fr,2,de,4,0.6203
12,4,de2fr,2,de,6,0.602
12,4,de2fr,2,fr,4,0.8438
12,4,de2fr,2,fr,6,0.8211
12,4,de2fr,3,de,4,0.6542
12,4,de2fr,3,de,6,0.6217
12,4,de2fr,3,fr,4,0.8674
12,4,de2fr,3,fr,6,0.8507
12,4,de2fr,6,de,4,0.6605
12,4,de2fr,6,de,6,0.6476
12,4,de2fr,6,fr,4,0.8452
12,4,de2fr,6,fr,6,0.8468
12,4,de2fr,7,de,4,0.6006
12,4,de2fr,7,de,6,0.5728
12,4,de2fr,7,fr,4,0.8195
12,4,de2fr,7,fr,6,0.8176
12,4,de2fr,8,de,4,0.6335
12,4,de2fr,8,de,6,0.6003
12,4,de2fr,8,fr,4,0.8543
12,4,de2fr,8,fr,6,0.833
12,4,en2fr,2,de,4,0.5967
12,4,en2fr,2,de,6,0.5793
12,4,en2fr,2,fr,4,0.8425
12,4,en2fr,2,fr,6,0.8438
12,4,en2fr,3,de,4,0.6413
12,4,en2fr,3,de,6,0.63
12,4,en2fr,3,fr,4,0.84
12,4,en2fr,3,fr,6,0.8581
12,4,en2fr,6,de,4,0.6299
12,4,en2fr,6,de,6,0.6186
12,4,en2fr,6,fr,4,0.8551
12,4,en2fr,6,fr,6,0.8487
12,4,en2fr,7,de,4,0.6308
12,4,en2fr,7,de,6,0.6055
12,4,en2fr,7,fr,4,0.8547
12,4,en2fr,7,fr,6,0.856
12,4,en2fr,8,de,4,0.6405
12,4,en2fr,8,de,6,0.6239
12,4,en2fr,8,fr,4,0.865
12,4,en2fr,8,fr,6,0.8855
12,4,en2fr,9,de,4,0.6671
12,4,en2fr,9,de,6,0.6409
12,4,en2fr,9,fr,4,0.8651
12,4,en2fr,9,fr,6,0.8465
12,4,en2fr,0,de,4,0.6408
12,4,en2fr,0,de,6,0.6224
12,4,en2fr,0,fr,4,0.8442
12,4,en2fr,0,fr,6,0.8436
13,4,de2fr,2,de,4,0.5862
13,4,de2fr,2,de,6,0.5927
13,4,de2fr,2,fr,4,0.8528
13,4,de2fr,2,fr,6,0.8355
13,4,de2fr,3,de,4,0.5825
13,4,de2fr,3,de,6,0.5715
13,4,de2fr,3,fr,4,0.8818
13,4,de2fr,3,fr,6,0.8664
13,4,de2fr,6,de,4,0.5974
13,4,de2fr,6,de,6,0.6071
13,4,de2fr,6,fr,4,0.855
13,4,de2fr,6,fr,6,0.8217
13,4,de2fr,7,de,4,0.5491
13,4,de2fr,7,de,6,0.5658
13,4,de2fr,7,fr,4,0.8503
13,4,de2fr,7,fr,6,0.8325
13,4,de2fr,8,de,4,0.5631
13,4,de2fr,8,de,6,0.5717
13,4,de2fr,8,fr,4,0.8727
13,4,de2fr,8,fr,6,0.8334
13,4,en2fr,2,de,4,0.5458
13,4,en2fr,2,de,6,0.5436
13,4,en2fr,2,fr,4,0.8566
13,4,en2fr,2,fr,6,0.8528
13,4,en2fr,3,de,4,0.6088
13,4,en2fr,3,de,6,0.5908
13,4,en2fr,3,fr,4,0.8745
13,4,en2fr,3,fr,6,0.8371
13,4,en2fr,6,de,4,0.6105
13,4,en2fr,6,de,6,0.5967
13,4,en2fr,6,fr,4,0.8876
13,4,en2fr,6,fr,6,0.8454
13,4,en2fr,7,de,4,0.5921
13,4,en2fr,7,de,6,0.563
13,4,en2fr,7,fr,4,0.8676
13,4,en2fr,7,fr,6,0.8215
13,4,en2fr,8,de,4,0.5901
13,4,en2fr,8,de,6,0.5993
13,4,en2fr,8,fr,4,0.8906
13,4,en2fr,8,fr,6,0.8646
13,4,en2fr,9,de,4,0.6
13,4,en2fr,9,de,6,0.5679
13,4,en2fr,9,fr,4,0.8741
13,4,en2fr,9,fr,6,0.8356
13,4,en2fr,0,de,4,0.5854
13,4,en2fr,0,de,6,0.5716
13,4,en2fr,0,fr,4,0.8632
13,4,en2fr,0,fr,6,0.8306
14,4,de2fr,2,de,4,0.6381
14,4,de2fr,2,de,6,0.6115
14,4,de2fr,2,fr,4,0.8351
14,4,de2fr,2,fr,6,0.8259
14,4,de2fr,3,de,4,0.6325
14,4,de2fr,3,de,6,0.581
14,4,de2fr,3,fr,4,0.8664
14,4,de2fr,3,fr,6,0.8654
14,4,de2fr,6,de,4,0.6232
14,4,de2fr,6,de,6,0.6065
14,4,de2fr,6,fr,4,0.8449
14,4,de2fr,6,fr,6,0.8621
14,4,de2fr,7,de,4,0.5792
14,4,de2fr,7,de,6,0.5654
14,4,de2fr,7,fr,4,0.8517
14,4,de2fr,7,fr,6,0.8653
14,4,de2fr,8,de,4,0.6181
14,4,de2fr,8,de,6,0.5871
14,4,de2fr,8,fr,4,0.8684
14,4,de2fr,8,fr,6,0.8502
14,4,en2fr,2,de,4,0.5944
14,4,en2fr,2,de,6,0.5552
14,4,en2fr,2,fr,4,0.8644
14,4,en2fr,2,fr,6,0.8626
14,4,en2fr,3,de,4,0.6142
14,4,en2fr,3,de,6,0.5845
14,4,en2fr,3,fr,4,0.8475
14,4,en2fr,3,fr,6,0.8377
14,4,en2fr,6,de,4,0.6136
14,4,en2fr,6,de,6,0.5798
14,4,en2fr,6,fr,4,0.8693
14,4,en2fr,6,fr,6,0.8714
14,4,en2fr,7,de,4,0.604
14,4,en2fr,7,de,6,0.5712
14,4,en2fr,7,fr,4,0.8582
14,4,en2fr,7,fr,6,0.8577
14,4,en2fr,8,de,4,0.6327
14,4,en2fr,8,de,6,0.6016
14,4,en2fr,8,fr,4,0.8674
14,4,en2fr,8,fr,6,0.8882
14,4,en2fr,9,de,4,0.6388
14,4,en2fr,9,de,6,0.6042
14,4,en2fr,9,fr,4,0.8771
14,4,en2fr,9,fr,6,0.8709
14,4,en2fr,0,de,4,0.6115
14,4,en2fr,0,de,6,0.5668
14,4,en2fr,0,fr,4,0.8513
14,4,en2fr,0,fr,6,0.8285
15,4,de2fr,2,de,4,0.658
15,4,de2fr,2,de,6,0.6002
15,4,de2fr,2,fr,4,0.8315
15,4,de2fr,2,fr,6,0.8217
15,4,de2fr,3,de,4,0.6516
15,4,de2fr,3,de,6,0.5858
15,4,de2fr,3,fr,4,0.8741
15,4,de2fr,3,fr,6,0.8594
15,4,de2fr,6,de,4,0.6508
15,4,de2fr,6,de,6,0.5943
15,4,de2fr,6,fr,4,0.8441
15,4,de2fr,6,fr,6,0.8537
15,4,de2fr,7,de,4,0.6046
15,4,de2fr,7,de,6,0.5728
15,4,de2fr,7,fr,4,0.8543
15,4,de2fr,7,fr,6,0.8538
15,4,de2fr,8,de,4,0.6239
15,4,de2fr,8,de,6,0.5691
15,4,de2fr,8,fr,4,0.8597
15,4,de2fr,8,fr,6,0.8398
15,4,en2fr,2,de,4,0.6149
15,4,en2fr,2,de,6,0.556
15,4,en2fr,2,fr,4,0.8893
15,4,en2fr,2,fr,6,0.8704
15,4,en2fr,3,de,4,0.6542
15,4,en2fr,3,de,6,0.5986
15,4,en2fr,3,fr,4,0.8577
15,4,en2fr,3,fr,6,0.8608
15,4,en2fr,6,de,4,0.646
15,4,en2fr,6,de,6,0.5793
15,4,en2fr,6,fr,4,0.8669
15,4,en2fr,6,fr,6,0.8601
15,4,en2fr,7,de,4,0.6555
15,4,en2fr,7,de,6,0.5885
15,4,en2fr,7,fr,4,0.8741
15,4,en2fr,7,fr,6,0.8622
15,4,en2fr,8,de,4,0.6538
15,4,en2fr,8,de,6,0.5991
15,4,en2fr,8,fr,4,0.878
15,4,en2fr,8,fr,6,0.8827
15,4,en2fr,9,de,4,0.6592
15,4,en2fr,9,de,6,0.6027
15,4,en2fr,9,fr,4,0.8659
15,4,en2fr,9,fr,6,0.842
15,4,en2fr,0,de,4,0.6414
15,4,en2fr,0,de,6,0.5751
15,4,en2fr,0,fr,4,0.8645
15,4,en2fr,0,fr,6,0.8527
16,4,de2fr,2,de,4,0.6212
16,4,de2fr,2,de,6,0.6107
16,4,de2fr,2,fr,4,0.8546
16,4,de2fr,2,fr,6,0.849
16,4,de2fr,3,de,4,0.655
16,4,de2fr,3,de,6,0.6351
16,4,de2fr,3,fr,4,0.873
16,4,de2fr,3,fr,6,0.8515
16,4,de2fr,6,de,4,0.6336
16,4,de2fr,6,de,6,0.6189
16,4,de2fr,6,fr,4,0.8573
16,4,de2fr,6,fr,6,0.8399
16,4,de2fr,7,de,4,0.5647
16,4,de2fr,7,de,6,0.5904
16,4,de2fr,7,fr,4,0.8484
16,4,de2fr,7,fr,6,0.8355
16,4,de2fr,8,de,4,0.6173
16,4,de2fr,8,de,6,0.6196
16,4,de2fr,8,fr,4,0.8578
16,4,de2fr,8,fr,6,0.8369
16,4,en2fr,2,de,4,0.577
16,4,en2fr,2,de,6,0.561
16,4,en2fr,2,fr,4,0.8322
16,4,en2fr,2,fr,6,0.8452
16,4,en2fr,3,de,4,0.6216
16,4,en2fr,3,de,6,0.6022
16,4,en2fr,3,fr,4,0.8673
16,4,en2fr,3,fr,6,0.863
16,4,en2fr,6,de,4,0.6324
16,4,en2fr,6,de,6,0.6171
16,4,en2fr,6,fr,4,0.8867
16,4,en2fr,6,fr,6,0.8769
16,4,en2fr,7,de,4,0.6284
16,4,en2fr,7,de,6,0.5884
16,4,en2fr,7,fr,4,0.8744
16,4,en2fr,7,fr,6,0.862
16,4,en2fr,8,de,4,0.6307
16,4,en2fr,8,de,6,0.6326
16,4,en2fr,8,fr,4,0.8657
16,4,en2fr,8,fr,6,0.8564
16,4,en2fr,9,de,4,0.6407
16,4,en2fr,9,de,6,0.612
16,4,en2fr,9,fr,4,0.8795
16,4,en2fr,9,fr,6,0.8562
16,4,en2fr,0,de,4,0.6115
16,4,en2fr,0,de,6,0.5691
16,4,en2fr,0,fr,4,0.8513
16,4,en2fr,0,fr,6,0.857
17,4,de2fr,2,de,4,0.6046
17,4,de2fr,2,de,6,0.5925
17,4,de2fr,2,fr,4,0.8573
17,4,de2fr,2,fr,6,0.8354
17,4,de2fr,3,de,4,0.643
17,4,de2fr,3,de,6,0.6096
17,4,de2fr,3,fr,4,0.8778
17,4,de2fr,3,fr,6,0.8608
17,4,de2fr,6,de,4,0.6339
17,4,de2fr,6,de,6,0.6011
17,4,de2fr,6,fr,4,0.8448
17,4,de2fr,6,fr,6,0.8457
17,4,de2fr,7,de,4,0.5739
17,4,de2fr,7,de,6,0.5662
17,4,de2fr,7,fr,4,0.8536
17,4,de2fr,7,fr,6,0.8317
17,4,de2fr,8,de,4,0.6105
17,4,de2fr,8,de,6,0.5919
17,4,de2fr,8,fr,4,0.8727
17,4,de2fr,8,fr,6,0.842
17,4,en2fr,2,de,4,0.5822
17,4,en2fr,2,de,6,0.5641
17,4,en2fr,2,fr,4,0.8558
17,4,en2fr,2,fr,6,0.85
17,4,en2fr,3,de,4,0.6253
17,4,en2fr,3,de,6,0.596
17,4,en2fr,3,fr,4,0.8715
17,4,en2fr,3,fr,6,0.8525
17,4,en2fr,6,de,4,0.6364
17,4,en2fr,6,de,6,0.5973
17,4,en2fr,6,fr,4,0.8706
17,4,en2fr,6,fr,6,0.8504
17,4,en2fr,7,de,4,0.615
17,4,en2fr,7,de,6,0.5734
17,4,en2fr,7,fr,4,0.8737
17,4,en2fr,7,fr,6,0.848
17,4,en2fr,8,de,4,0.6262
17,4,en2fr,8,de,6,0.6018
17,4,en2fr,8,fr,4,0.8706
17,4,en2fr,8,fr,6,0.8656
17,4,en2fr,9,de,4,0.6542
17,4,en2fr,9,de,6,0.6261
17,4,en2fr,9,fr,4,0.8603
17,4,en2fr,9,fr,6,0.8373
17,4,en2fr,0,de,4,0.6258
17,4,en2fr,0,de,6,0.5868
17,4,en2fr,0,fr,4,0.8647
17,4,en2fr,0,fr,6,0.8591
18,4,de2fr,2,de,4,0.6258
18,4,de2fr,2,de,6,0.6038
18,4,de2fr,2,fr,4,0.8566
18,4,de2fr,2,fr,6,0.8193
18,4,de2fr,3,de,4,0.6687
18,4,de2fr,3,de,6,0.6218
18,4,de2fr,3,fr,4,0.8832
18,4,de2fr,3,fr,6,0.8602
18,4,de2fr,6,de,4,0.6231
18,4,de2fr,6,de,6,0.6032
18,4,de2fr,6,fr,4,0.8616
18,4,de2fr,6,fr,6,0.8489
18,4,de2fr,7,de,4,0.6006
18,4,de2fr,7,de,6,0.5634
18,4,de2fr,7,fr,4,0.8611
18,4,de2fr,7,fr,6,0.8475
18,4,de2fr,8,de,4,0.6179
18,4,de2fr,8,de,6,0.5844
18,4,de2fr,8,fr,4,0.8635
18,4,de2fr,8,fr,6,0.8446
18,4,en2fr,2,de,4,0.5883
18,4,en2fr,2,de,6,0.556
18,4,en2fr,2,fr,4,0.8576
18,4,en2fr,2,fr,6,0.8388
18,4,en2fr,3,de,4,0.6365
18,4,en2fr,3,de,6,0.5851
18,4,en2fr,3,fr,4,0.8692
18,4,en2fr,3,fr,6,0.8647
18,4,en2fr,6,de,4,0.6297
18,4,en2fr,6,de,6,0.5887
18,4,en2fr,6,fr,4,0.8881
18,4,en2fr,6,fr,6,0.858
18,4,en2fr,7,de,4,0.6481
18,4,en2fr,7,de,6,0.5878
18,4,en2fr,7,fr,4,0.874
18,4,en2fr,7,fr,6,0.8514
18,4,en2fr,8,de,4,0.6544
18,4,en2fr,8,de,6,0.6069
18,4,en2fr,8,fr,4,0.8752
18,4,en2fr,8,fr,6,0.8786
18,4,en2fr,9,de,4,0.6629
18,4,en2fr,9,de,6,0.6097
18,4,en2fr,9,fr,4,0.8812
18,4,en2fr,9,fr,6,0.8655
18,4,en2fr,0,de,4,0.6435
18,4,en2fr,0,de,6,0.608
18,4,en2fr,0,fr,4,0.8541
18,4,en2fr,0,fr,6,0.8402
19,4,de2fr,2,de,4,0.6044
19,4,de2fr,2,de,6,0.6123
19,4,de2fr,2,fr,4,0.8537
19,4,de2fr,2,fr,6,0.8429
19,4,de2fr,3,de,4,0.6045
19,4,de2fr,3,de,6,0.608
19,4,de2fr,3,fr,4,0.8872
19,4,de2fr,3,fr,6,0.8751
19,4,de2fr,6,de,4,0.5901
19,4,de2fr,6,de,6,0.62
19,4,de2fr,6,fr,4,0.8608
19,4,de2fr,6,fr,6,0.8625
19,4,de2fr,7,de,4,0.597
19,4,de2fr,7,de,6,0.5853
19,4,de2fr,7,fr,4,0.8458
19,4,de2fr,7,fr,6,0.8317
19,4,de2fr,8,de,4,0.6109
19,4,de2fr,8,de,6,0.62
19,4,de2fr,8,fr,4,0.8693
19,4,de2fr,8,fr,6,0.862
19,4,en2fr,2,de,4,0.5688
19,4,en2fr,2,de,6,0.5771
19,4,en2fr,2,fr,4,0.88
19,4,en2fr,2,fr,6,0.885
19,4,en2fr,3,de,4,0.6079
19,4,en2fr,3,de,6,0.6184
19,4,en2fr,3,fr,4,0.8707
19,4,en2fr,3,fr,6,0.8699
19,4,en2fr,6,de,4,0.5721
19,4,en2fr,6,de,6,0.5844
19,4,en2fr,6,fr,4,0.8798
19,4,en2fr,6,fr,6,0.8847
19,4,en2fr,7,de,4,0.6142
19,4,en2fr,7,de,6,0.6086
19,4,en2fr,7,fr,4,0.8919
19,4,en2fr,7,fr,6,0.8804
19,4,en2fr,8,de,4,0.6275
19,4,en2fr,8,de,6,0.625
19,4,en2fr,8,fr,4,0.8848
19,4,en2fr,8,fr,6,0.8971
19,4,en2fr,9,de,4,0.6019
19,4,en2fr,9,de,6,0.6067
19,4,en2fr,9,fr,4,0.8784
19,4,en2fr,9,fr,6,0.8705
19,4,en2fr,0,de,4,0.6033
19,4,en2fr,0,de,6,0.6177
19,4,en2fr,0,fr,4,0.8504
19,4,en2fr,0,fr,6,0.8542
20,4,de2fr,2,de,4,0.6032
20,4,de2fr,2,de,6,0.5974
20,4,de2fr,2,fr,4,0.854
20,4,de2fr,2,fr,6,0.8269
20,4,de2fr,3,de,4,0.5979
20,4,de2fr,3,de,6,0.5855
20,4,de2fr,3,fr,4,0.884
20,4,de2fr,3,fr,6,0.871
20,4,de2fr,6,de,4,0.58
20,4,de2fr,6,de,6,0.5964
20,4,de2fr,6,fr,4,0.8661
20,4,de2fr,6,fr,6,0.8632
20,4,de2fr,7,de,4,0.5634
20,4,de2fr,7,de,6,0.5441
20,4,de2fr,7,fr,4,0.8367
20,4,de2fr,7,fr,6,0.797
20,4,de2fr,8,de,4,0.5875
20,4,de2fr,8,de,6,0.5791
20,4,de2fr,8,fr,4,0.8518
20,4,de2fr,8,fr,6,0.808
20,4,en2fr,2,de,4,0.5904
20,4,en2fr,2,de,6,0.5882
20,4,en2fr,2,fr,4,0.879
20,4,en2fr,2,fr,6,0.8664
20,4,en2fr,3,de,4,0.6261
20,4,en2fr,3,de,6,0.6167
20,4,en2fr,3,fr,4,0.8686
20,4,en2fr,3,fr,6,0.8685
20,4,en2fr,6,de,4,0.5957
20,4,en2fr,6,de,6,0.5881
20,4,en2fr,6,fr,4,0.8876
20,4,en2fr,6,fr,6,0.8652
20,4,en2fr,7,de,4,0.615
20,4,en2fr,7,de,6,0.5786
20,4,en2fr,7,fr,4,0.8769
20,4,en2fr,7,fr,6,0.88
20,4,en2fr,8,de,4,0.6185
20,4,en2fr,8,de,6,0.6021
20,4,en2fr,8,fr,4,0.8776
20,4,en2fr,8,fr,6,0.876
20,4,en2fr,9,de,4,0.6335
20,4,en2fr,9,de,6,0.6027
20,4,en2fr,9,fr,4,0.8755
20,4,en2fr,9,fr,6,0.8595
20,4,en2fr,0,de,4,0.6118
20,4,en2fr,0,de,6,0.5975
20,4,en2fr,0,fr,4,0.8722
20,4,en2fr,0,fr,6,0.8698
21,4,de2fr,2,de,4,0.6076
21,4,de2fr,2,de,6,0.5872
21,4,de2fr,2,fr,4,0.8455
21,4,de2fr,2,fr,6,0.8291
21,4,de2fr,3,de,4,0.6073
21,4,de2fr,3,de,6,0.5702
21,4,de2fr,3,fr,4,0.8785
21,4,de2fr,3,fr,6,0.8778
21,4,de2fr,6,de,4,0.6264
21,4,de2fr,6,de,6,0.6079
21,4,de2fr,6,fr,4,0.8676
21,4,de2fr,6,fr,6,0.8573
21,4,de2fr,7,de,4,0.5576
21,4,de2fr,7,de,6,0.5441
21,4,de2fr,7,fr,4,0.8432
21,4,de2fr,7,fr,6,0.8528
21,4,de2fr,8,de,4,0.622
21,4,de2fr,8,de,6,0.5969
21,4,de2fr,8,fr,4,0.8734
21,4,de2fr,8,fr,6,0.834
21,4,en2fr,2,de,4,0.5844
21,4,en2fr,2,de,6,0.5652
21,4,en2fr,2,fr,4,0.871
21,4,en2fr,2,fr,6,0.8638
21,4,en2fr,3,de,4,0.6237
21,4,en2fr,3,de,6,0.6031
21,4,en2fr,3,fr,4,0.8801
21,4,en2fr,3,fr,6,0.8596
21,4,en2fr,6,de,4,0.5856
21,4,en2fr,6,de,6,0.5648
21,4,en2fr,6,fr,4,0.8828
21,4,en2fr,6,fr,6,0.8739
21,4,en2fr,7,de,4,0.6458
21,4,en2fr,7,de,6,0.6055
21,4,en2fr,7,fr,4,0.898
21,4,en2fr,7,fr,6,0.8905
21,4,en2fr,8,de,4,0.617
21,4,en2fr,8,de,6,0.6073
21,4,en2fr,8,fr,4,0.8782
21,4,en2fr,8,fr,6,0.8895
21,4,en2fr,9,de,4,0.6505
21,4,en2fr,9,de,6,0.6032
21,4,en2fr,9,fr,4,0.8837
21,4,en2fr,9,fr,6,0.863
21,4,en2fr,0,de,4,0.6111
21,4,en2fr,0,de,6,0.5805
21,4,en2fr,0,fr,4,0.8735
21,4,en2fr,0,fr,6,0.8664
22,4,de2fr,2,de,4,0.5904
22,4,de2fr,2,de,6,0.6052
22,4,de2fr,2,fr,4,0.8637
22,4,de2fr,2,fr,6,0.8536
22,4,de2fr,3,de,4,0.6112
22,4,de2fr,3,de,6,0.6062
22,4,de2fr,3,fr,4,0.8177
22,4,de2fr,3,fr,6,0.8295
22,4,de2fr,6,de,4,0.5719
22,4,de2fr,6,de,6,0.6121
22,4,de2fr,6,fr,4,0.8516
22,4,de2fr,6,fr,6,0.8576
22,4,de2fr,7,de,4,0.5807
22,4,de2fr,7,de,6,0.5993
22,4,de2fr,7,fr,4,0.8694
22,4,de2fr,7,fr,6,0.8441
22,4,de2fr,8,de,4,0.6102
22,4,de2fr,8,de,6,0.6255
22,4,de2fr,8,fr,4,0.8832
22,4,de2fr,8,fr,6,0.8617
22,4,en2fr,2,de,4,0.5704
22,4,en2fr,2,de,6,0.5874
22,4,en2fr,2,fr,4,0.8786
22,4,en2fr,2,fr,6,0.8668
22,4,en2fr,3,de,4,0.6008
22,4,en2fr,3,de,6,0.6265
22,4,en2fr,3,fr,4,0.862
22,4,en2fr,3,fr,6,0.868
22,4,en2fr,6,de,4,0.6065
22,4,en2fr,6,de,6,0.6157
22,4,en2fr,6,fr,4,0.8857
22,4,en2fr,6,fr,6,0.8674
22,4,en2fr,7,de,4,0.5695
22,4,en2fr,7,de,6,0.5851
22,4,en2fr,7,fr,4,0.8699
22,4,en2fr,7,fr,6,0.8679
22,4,en2fr,8,de,4,0.6105
22,4,en2fr,8,de,6,0.6301
22,4,en2fr,8,fr,4,0.8841
22,4,en2fr,8,fr,6,0.8822
22,4,en2fr,9,de,4,0.5984
22,4,en2fr,9,de,6,0.6061
22,4,en2fr,9,fr,4,0.8798
22,4,en2fr,9,fr,6,0.8539
22,4,en2fr,0,de,4,0.604
22,4,en2fr,0,de,6,0.6178
22,4,en2fr,0,fr,4,0.8606
22,4,en2fr,0,fr,6,0.8642
23,4,de2fr,2,de,4,0.5534
23,4,de2fr,2,de,6,0.5943
23,4,de2fr,2,fr,4,0.8646
23,4,de2fr,2,fr,6,0.8498
23,4,de2fr,3,de,4,0.5702
23,4,de2fr,3,de,6,0.5953
23,4,de2fr,3,fr,4,0.8413
23,4,de2fr,3,fr,6,0.8493
23,4,de2fr,6,de,4,0.5557
23,4,de2fr,6,de,6,0.595
23,4,de2fr,6,fr,4,0.8349
23,4,de2fr,6,fr,6,0.8473
23,4,de2fr,7,de,4,0.5397
23,4,de2fr,7,de,6,0.5781
23,4,de2fr,7,fr,4,0.8671
23,4,de2fr,7,fr,6,0.8689
23,4,de2fr,8,de,4,0.5761
23,4,de2fr,8,de,6,0.5802
23,4,de2fr,8,fr,4,0.8724
23,4,de2fr,8,fr,6,0.8405
23,4,en2fr,2,de,4,0.55
23,4,en2fr,2,de,6,0.5833
23,4,en2fr,2,fr,4,0.8758
23,4,en2fr,2,fr,6,0.8806
23,4,en2fr,3,de,4,0.5678
23,4,en2fr,3,de,6,0.6166
23,4,en2fr,3,fr,4,0.8593
23,4,en2fr,3,fr,6,0.8729
23,4,en2fr,6,de,4,0.522
23,4,en2fr,6,de,6,0.5665
23,4,en2fr,6,fr,4,0.8674
23,4,en2fr,6,fr,6,0.8693
23,4,en2fr,7,de,4,0.5456
23,4,en2fr,7,de,6,0.5851
23,4,en2fr,7,fr,4,0.857
23,4,en2fr,7,fr,6,0.8702
23,4,en2fr,8,de,4,0.544
23,4,en2fr,8,de,6,0.5889
23,4,en2fr,8,fr,4,0.8886
23,4,en2fr,8,fr,6,0.8964
23,4,en2fr,9,de,4,0.5793
23,4,en2fr,9,de,6,0.606
23,4,en2fr,9,fr,4,0.8819
23,4,en2fr,9,fr,6,0.8774
23,4,en2fr,0,de,4,0.5664
23,4,en2fr,0,de,6,0.588
23,4,en2fr,0,fr,4,0.8456
23,4,en2fr,0,fr,6,0.8527
24,4,de2fr,2,de,4,0.5965
24,4,de2fr,2,de,6,0.6046
24,4,de2fr,2,fr,4,0.8651
24,4,de2fr,2,fr,6,0.8263
24,4,de2fr,3,de,4,0.6297
24,4,de2fr,3,de,6,0.6297
24,4,de2fr,3,fr,4,0.8485
24,4,de2fr,3,fr,6,0.8329
24,4,de2fr,6,de,4,0.5907
24,4,de2fr,6,de,6,0.5978
24,4,de2fr,6,fr,4,0.8516
24,4,de2fr,6,fr,6,0.8512
24,4,de2fr,7,de,4,0.5786
24,4,de2fr,7,de,6,0.592
24,4,de2fr,7,fr,4,0.844
24,4,de2fr,7,fr,6,0.8174
24,4,de2fr,8,de,4,0.6103
24,4,de2fr,8,de,6,0.6173
24,4,de2fr,8,fr,4,0.8534
24,4,de2fr,8,fr,6,0.8255
24,4,en2fr,2,de,4,0.604
24,4,en2fr,2,de,6,0.6096
24,4,en2fr,2,fr,4,0.8835
24,4,en2fr,2,fr,6,0.8677
24,4,en2fr,3,de,4,0.6299
24,4,en2fr,3,de,6,0.6344
24,4,en2fr,3,fr,4,0.8638
24,4,en2fr,3,fr,6,0.8532
24,4,en2fr,6,de,4,0.6142
24,4,en2fr,6,de,6,0.6172
24,4,en2fr,6,fr,4,0.9017
24,4,en2fr,6,fr,6,0.8817
24,4,en2fr,7,de,4,0.6243
24,4,en2fr,7,de,6,0.6219
24,4,en2fr,7,fr,4,0.8828
24,4,en2fr,7,fr,6,0.8698
24,4,en2fr,8,de,4,0.6393
24,4,en2fr,8,de,6,0.6484
24,4,en2fr,8,fr,4,0.8928
24,4,en2fr,8,fr,6,0.8769
24,4,en2fr,9,de,4,0.6311
24,4,en2fr,9,de,6,0.6388
24,4,en2fr,9,fr,4,0.8914
24,4,en2fr,9,fr,6,0.8568
24,4,en2fr,0,de,4,0.6316
24,4,en2fr,0,de,6,0.6264
24,4,en2fr,0,fr,4,0.8712
24,4,en2fr,0,fr,6,0.8614
25,4,de2fr,2,de,4,0.6198
25,4,de2fr,2,de,6,0.6334
25,4,de2fr,2,fr,4,0.874
25,4,de2fr,2,fr,6,0.8358
25,4,de2fr,3,de,4,0.6368
25,4,de2fr,3,de,6,0.6497
25,4,de2fr,3,fr,4,0.8952
25,4,de2fr,3,fr,6,0.871
25,4,de2fr,6,de,4,0.6199
25,4,de2fr,6,de,6,0.6224
25,4,de2fr,6,fr,4,0.8494
25,4,de2fr,6,fr,6,0.8427
25,4,de2fr,7,de,4,0.5796
25,4,de2fr,7,de,6,0.5895
25,4,de2fr,7,fr,4,0.8763
25,4,de2fr,7,fr,6,0.8547
25,4,de2fr,8,de,4,0.6083
25,4,de2fr,8,de,6,0.6016
25,4,de2fr,8,fr,4,0.8373
25,4,de2fr,8,fr,6,0.7911
25,4,en2fr,2,de,4,0.6054
25,4,en2fr,2,de,6,0.612
25,4,en2fr,2,fr,4,0.891
25,4,en2fr,2,fr,6,0.8754
25,4,en2fr,3,de,4,0.62
25,4,en2fr,3,de,6,0.6281
25,4,en2fr,3,fr,4,0.8688
25,4,en2fr,3,fr,6,0.8597
25,4,en2fr,6,de,4,0.6294
25,4,en2fr,6,de,6,0.6344
25,4,en2fr,6,fr,4,0.8942
25,4,en2fr,6,fr,6,0.873
25,4,en2fr,7,de,4,0.615
25,4,en2fr,7,de,6,0.616
25,4,en2fr,7,fr,4,0.8635
25,4,en2fr,7,fr,6,0.8626
25,4,en2fr,8,de,4,0.6374
25,4,en2fr,8,de,6,0.6463
25,4,en2fr,8,fr,4,0.8964
25,4,en2fr,8,fr,6,0.8747
25,4,en2fr,9,de,4,0.6454
25,4,en2fr,9,de,6,0.6461
25,4,en2fr,9,fr,4,0.8894
25,4,en2fr,9,fr,6,0.8615
25,4,en2fr,0,de,4,0.6167
25,4,en2fr,0,de,6,0.6176
25,4,en2fr,0,fr,4,0.8717
25,4,en2fr,0,fr,6,0.8506
26,4,de2fr,2,de,4,0.6186
26,4,de2fr,2,de,6,0.6228
26,4,de2fr,2,fr,4,0.8653
26,4,de2fr,2,fr,6,0.8391
26,4,de2fr,3,de,4,0.649
26,4,de2fr,3,de,6,0.6606
26,4,de2fr,3,fr,4,0.9134
26,4,de2fr,3,fr,6,0.8833
26,4,de2fr,6,de,4,0.627
26,4,de2fr,6,de,6,0.6287
26,4,de2fr,6,fr,4,0.8695
26,4,de2fr,6,fr,6,0.8582
26,4,de2fr,7,de,4,0.6006
26,4,de2fr,7,de,6,0.6111
26,4,de2fr,7,fr,4,0.8672
26,4,de2fr,7,fr,6,0.8378
26,4,de2fr,8,de,4,0.6072
26,4,de2fr,8,de,6,0.6061
26,4,de2fr,8,fr,4,0.8547
26,4,de2fr,8,fr,6,0.8147
26,4,en2fr,2,de,4,0.6088
26,4,en2fr,2,de,6,0.6086
26,4,en2fr,2,fr,4,0.8873
26,4,en2fr,2,fr,6,0.8704
26,4,en2fr,3,de,4,0.6289
26,4,en2fr,3,de,6,0.6289
26,4,en2fr,3,fr,4,0.8706
26,4,en2fr,3,fr,6,0.8611
26,4,en2fr,6,de,4,0.6102
26,4,en2fr,6,de,6,0.6173
26,4,en2fr,6,fr,4,0.898
26,4,en2fr,6,fr,6,0.8775
26,4,en2fr,7,de,4,0.6353
26,4,en2fr,7,de,6,0.6426
26,4,en2fr,7,fr,4,0.8837
26,4,en2fr,7,fr,6,0.8703
26,4,en2fr,8,de,4,0.6432
26,4,en2fr,8,de,6,0.6449
26,4,en2fr,8,fr,4,0.8866
26,4,en2fr,8,fr,6,0.8689
26,4,en2fr,9,de,4,0.6269
26,4,en2fr,9,de,6,0.6353
26,4,en2fr,9,fr,4,0.8856
26,4,en2fr,9,fr,6,0.8586
26,4,en2fr,0,de,4,0.5863
26,4,en2fr,0,de,6,0.5866
26,4,en2fr,0,fr,4,0.872
26,4,en2fr,0,fr,6,0.8649
27,4,de2fr,2,de,4,0.6052
27,4,de2fr,2,de,6,0.6011
27,4,de2fr,2,fr,4,0.8796
27,4,de2fr,2,fr,6,0.8603
27,4,de2fr,3,de,4,0.6569
27,4,de2fr,3,de,6,0.6714
27,4,de2fr,3,fr,4,0.9032
27,4,de2fr,3,fr,6,0.8728
27,4,de2fr,6,de,4,0.6059
27,4,de2fr,6,de,6,0.6045
27,4,de2fr,6,fr,4,0.8501
27,4,de2fr,6,fr,6,0.8467
27,4,de2fr,7,de,4,0.5697
27,4,de2fr,7,de,6,0.5832
27,4,de2fr,7,fr,4,0.8651
27,4,de2fr,7,fr,6,0.826
27,4,de2fr,8,de,4,0.6223
27,4,de2fr,8,de,6,0.6279
27,4,de2fr,8,fr,4,0.8774
27,4,de2fr,8,fr,6,0.8405
27,4,en2fr,2,de,4,0.6127
27,4,en2fr,2,de,6,0.6117
27,4,en2fr,2,fr,4,0.8782
27,4,en2fr,2,fr,6,0.8616
27,4,en2fr,3,de,4,0.6167
27,4,en2fr,3,de,6,0.6288
27,4,en2fr,3,fr,4,0.8816
27,4,en2fr,3,fr,6,0.8709
27,4,en2fr,6,de,4,0.6097
27,4,en2fr,6,de,6,0.6173
27,4,en2fr,6,fr,4,0.9008
27,4,en2fr,6,fr,6,0.8661
27,4,en2fr,7,de,4,0.589
27,4,en2fr,7,de,6,0.5948
27,4,en2fr,7,fr,4,0.8616
27,4,en2fr,7,fr,6,0.851
27,4,en2fr,8,de,4,0.6252
27,4,en2fr,8,de,6,0.6336
27,4,en2fr,8,fr,4,0.8957
27,4,en2fr,8,fr,6,0.8727
27,4,en2fr,9,de,4,0.624
27,4,en2fr,9,de,6,0.6343
27,4,en2fr,9,fr,4,0.892
27,4,en2fr,9,fr,6,0.8582
27,4,en2fr,0,de,4,0.6049
27,4,en2fr,0,de,6,0.6046
27,4,en2fr,0,fr,4,0.8824
27,4,en2fr,0,fr,6,0.8666
28,4,de2fr,2,de,4,0.5978
28,4,de2fr,2,de,6,0.6066
28,4,de2fr,2,fr,4,0.8705
28,4,de2fr,2,fr,6,0.8391
28,4,de2fr,3,de,4,0.6296
28,4,de2fr,3,de,6,0.6469
28,4,de2fr,3,fr,4,0.8992
28,4,de2fr,3,fr,6,0.8692
28,4,de2fr,6,de,4,0.6355
28,4,de2fr,6,de,6,0.6411
28,4,de2fr,6,fr,4,0.8721
28,4,de2fr,6,fr,6,0.8607
28,4,de2fr,7,de,4,0.6022
28,4,de2fr,7,de,6,0.6203
28,4,de2fr,7,fr,4,0.8587
28,4,de2fr,7,fr,6,0.8231
28,4,de2fr,8,de,4,0.6175
28,4,de2fr,8,de,6,0.6126
28,4,de2fr,8,fr,4,0.8611
28,4,de2fr,8,fr,6,0.8153
28,4,en2fr,2,de,4,0.6099
28,4,en2fr,2,de,6,0.6171
28,4,en2fr,2,fr,4,0.8974
28,4,en2fr,2,fr,6,0.869
28,4,en2fr,3,de,4,0.6132
28,4,en2fr,3,de,6,0.6204
28,4,en2fr,3,fr,4,0.8677
28,4,en2fr,3,fr,6,0.8591
28,4,en2fr,6,de,4,0.6087
28,4,en2fr,6,de,6,0.6063
28,4,en2fr,6,fr,4,0.8908
28,4,en2fr,6,fr,6,0.8583
28,4,en2fr,7,de,4,0.625
28,4,en2fr,7,de,6,0.6287
28,4,en2fr,7,fr,4,0.8754
28,4,en2fr,7,fr,6,0.8606
28,4,en2fr,8,de,4,0.6319
28,4,en2fr,8,de,6,0.6436
28,4,en2fr,8,fr,4,0.9
28,4,en2fr,8,fr,6,0.8787
28,4,en2fr,9,de,4,0.6563
28,4,en2fr,9,de,6,0.6559
28,4,en2fr,9,fr,4,0.8873
28,4,en2fr,9,fr,6,0.8591
28,4,en2fr,0,de,4,0.6237
28,4,en2fr,0,de,6,0.6205
28,4,en2fr,0,fr,4,0.8679
28,4,en2fr,0,fr,6,0.8516
29,4,de2fr,2,de,4,0.6261
29,4,de2fr,2,de,6,0.6251
29,4,de2fr,2,fr,4,0.8566
29,4,de2fr,2,fr,6,0.8225
29,4,de2fr,3,de,4,0.6265
29,4,de2fr,3,de,6,0.6421
29,4,de2fr,3,fr,4,0.9002
29,4,de2fr,3,fr,6,0.8683
29,4,de2fr,6,de,4,0.6249
29,4,de2fr,6,de,6,0.6191
29,4,de2fr,6,fr,4,0.8573
29,4,de2fr,6,fr,6,0.8469
29,4,de2fr,7,de,4,0.5884
29,4,de2fr,7,de,6,0.6009
29,4,de2fr,7,fr,4,0.8602
29,4,de2fr,7,fr,6,0.8253
29,4,de2fr,8,de,4,0.6205
29,4,de2fr,8,de,6,0.6167
29,4,de2fr,8,fr,4,0.8656
29,4,de2fr,8,fr,6,0.8147
29,4,en2fr,2,de,4,0.5816
29,4,en2fr,2,de,6,0.5978
29,4,en2fr,2,fr,4,0.8778
29,4,en2fr,2,fr,6,0.8528
29,4,en2fr,3,de,4,0.6242
29,4,en2fr,3,de,6,0.6366
29,4,en2fr,3,fr,4,0.878
29,4,en2fr,3,fr,6,0.8633
29,4,en2fr,6,de,4,0.6212
29,4,en2fr,6,de,6,0.6137
29,4,en2fr,6,fr,4,0.8841
29,4,en2fr,6,fr,6,0.8545
29,4,en2fr,7,de,4,0.6125
29,4,en2fr,7,de,6,0.6188
29,4,en2fr,7,fr,4,0.8793
29,4,en2fr,7,fr,6,0.8582
29,4,en2fr,8,de,4,0.6438
29,4,en2fr,8,de,6,0.6382
29,4,en2fr,8,fr,4,0.8805
29,4,en2fr,8,fr,6,0.8559
29,4,en2fr,9,de,4,0.6386
29,4,en2fr,9,de,6,0.6525
29,4,en2fr,9,fr,4,0.8872
29,4,en2fr,9,fr,6,0.8518
29,4,en2fr,0,de,4,0.5834
29,4,en2fr,0,de,6,0.5774
29,4,en2fr,0,fr,4,0.8498
29,4,en2fr,0,fr,6,0.8462
4,5,de2fr,2,de,4,0.8615
4,5,de2fr,2,de,6,0.8843
4,5,de2fr,2,fr,4,0.5975
4,5,de2fr,2,fr,6,0.5862
4,5,de2fr,3,de,4,0.8643
4,5,de2fr,3,de,6,0.863
4,5,de2fr,3,fr,4,0.5671
4,5,de2fr,3,fr,6,0.5498
4,5,de2fr,6,de,4,0.814
4,5,de2fr,6,de,6,0.8482
4,5,de2fr,6,fr,4,0.5357
4,5,de2fr,6,fr,6,0.5614
4,5,de2fr,7,de,4,0.8573
4,5,de2fr,7,de,6,0.8238
4,5,de2fr,7,fr,4,0.5434
4,5,de2fr,7,fr,6,0.5114
4,5,de2fr,8,de,4,0.7717
4,5,de2fr,8,de,6,0.8003
4,5,de2fr,8,fr,4,0.5944
4,5,de2fr,8,fr,6,0.5323
4,5,en2fr,2,de,4,0.5759
4,5,en2fr,2,de,6,0.6313
4,5,en2fr,2,fr,4,0.6544
4,5,en2fr,2,fr,6,0.623
4,5,en2fr,3,de,4,0.5633
4,5,en2fr,3,de,6,0.6171
4,5,en2fr,3,fr,4,0.6708
4,5,en2fr,3,fr,6,0.6997
4,5,en2fr,6,de,4,0.5764
4,5,en2fr,6,de,6,0.6187
4,5,en2fr,6,fr,4,0.6216
4,5,en2fr,6,fr,6,0.6186
4,5,en2fr,7,de,4,0.5588
4,5,en2fr,7,de,6,0.6306
4,5,en2fr,7,fr,4,0.6817
4,5,en2fr,7,fr,6,0.6976
4,5,en2fr,8,de,4,0.5901
4,5,en2fr,8,de,6,0.6494
4,5,en2fr,8,fr,4,0.6863
4,5,en2fr,8,fr,6,0.7204
4,5,en2fr,9,de,4,0.5717
4,5,en2fr,9,de,6,0.622
4,5,en2fr,9,fr,4,0.66
4,5,en2fr,9,fr,6,0.6843
4,5,en2fr,0,de,4,0.4817
4,5,en2fr,0,de,6,0.5579
4,5,en2fr,0,fr,4,0.6336
4,5,en2fr,0,fr,6,0.7234
5,5,de2fr,2,de,4,0.7415
5,5,de2fr,2,de,6,0.7172
5,5,de2fr,2,fr,4,0.7532
5,5,de2fr,2,fr,6,0.6571
5,5,de2fr,3,de,4,0.7475
5,5,de2fr,3,de,6,0.7215
5,5,de2fr,3,fr,4,0.7409
5,5,de2fr,3,fr,6,0.6493
5,5,de2fr,6,de,4,0.7794
5,5,de2fr,6,de,6,0.7764
5,5,de2fr,6,fr,4,0.7323
5,5,de2fr,6,fr,6,0.6596
5,5,de2fr,7,de,4,0.7605
5,5,de2fr,7,de,6,0.7152
5,5,de2fr,7,fr,4,0.7399
5,5,de2fr,7,fr,6,0.6401
5,5,de2fr,8,de,4,0.6565
5,5,de2fr,8,de,6,0.6294
5,5,de2fr,8,fr,4,0.6913
5,5,de2fr,8,fr,6,0.58
5,5,en2fr,2,de,4,0.5838
5,5,en2fr,2,de,6,0.5425
5,5,en2fr,2,fr,4,0.7417
5,5,en2fr,2,fr,6,0.6395
5,5,en2fr,3,de,4,0.6322
5,5,en2fr,3,de,6,0.623
5,5,en2fr,3,fr,4,0.809
5,5,en2fr,3,fr,6,0.7391
5,5,en2fr,6,de,4,0.6229
5,5,en2fr,6,de,6,0.5999
5,5,en2fr,6,fr,4,0.7822
5,5,en2fr,6,fr,6,0.6877
5,5,en2fr,7,de,4,0.6459
5,5,en2fr,7,de,6,0.6344
5,5,en2fr,7,fr,4,0.818
5,5,en2fr,7,fr,6,0.7604
5,5,en2fr,8,de,4,0.6342
5,5,en2fr,8,de,6,0.6314
5,5,en2fr,8,fr,4,0.8098
5,5,en2fr,8,fr,6,0.7388
5,5,en2fr,9,de,4,0.636
5,5,en2fr,9,de,6,0.6139
5,5,en2fr,9,fr,4,0.807
5,5,en2fr,9,fr,6,0.7129
5,5,en2fr,0,de,4,0.6297
5,5,en2fr,0,de,6,0.6192
5,5,en2fr,0,fr,4,0.831
5,5,en2fr,0,fr,6,0.7852
6,5,de2fr,2,de,4,0.6407
6,5,de2fr,2,de,6,0.6395
6,5,de2fr,2,fr,4,0.7418
6,5,de2fr,2,fr,6,0.6987
6,5,de2fr,3,de,4,0.6855
6,5,de2fr,3,de,6,0.6762
6,5,de2fr,3,fr,4,0.7181
6,5,de2fr,3,fr,6,0.6911
6,5,de2fr,6,de,4,0.6618
6,5,de2fr,6,de,6,0.6786
6,5,de2fr,6,fr,4,0.7583
6,5,de2fr,6,fr,6,0.7546
6,5,de2fr,7,de,4,0.6653
6,5,de2fr,7,de,6,0.6381
6,5,de2fr,7,fr,4,0.7286
6,5,de2fr,7,fr,6,0.6829
6,5,de2fr,8,de,4,0.5567
6,5,de2fr,8,de,6,0.5511
6,5,de2fr,8,fr,4,0.6846
6,5,de2fr,8,fr,6,0.6379
6,5,en2fr,2,de,4,0.5696
6,5,en2fr,2,de,6,0.5592
6,5,en2fr,2,fr,4,0.7546
6,5,en2fr,2,fr,6,0.7262
6,5,en2fr,3,de,4,0.583
6,5,en2fr,3,de,6,0.613
6,5,en2fr,3,fr,4,0.8032
6,5,en2fr,3,fr,6,0.7922
6,5,en2fr,6,de,4,0.5863
6,5,en2fr,6,de,6,0.5936
6,5,en2fr,6,fr,4,0.7493
6,5,en2fr,6,fr,6,0.7221
6,5,en2fr,7,de,4,0.567
6,5,en2fr,7,de,6,0.5904
6,5,en2fr,7,fr,4,0.7911
6,5,en2fr,7,fr,6,0.7858
6,5,en2fr,8,de,4,0.5773
6,5,en2fr,8,de,6,0.5993
6,5,en2fr,8,fr,4,0.7936
6,5,en2fr,8,fr,6,0.7945
6,5,en2fr,9,de,4,0.6047
6,5,en2fr,9,de,6,0.604
6,5,en2fr,9,fr,4,0.7807
6,5,en2fr,9,fr,6,0.7505
6,5,en2fr,0,de,4,0.5725
6,5,en2fr,0,de,6,0.6241
6,5,en2fr,0,fr,4,0.8039
6,5,en2fr,0,fr,6,0.815
7,5,de2fr,2,de,4,0.6028
7,5,de2fr,2,de,6,0.6342
7,5,de2fr,2,fr,4,0.7569
7,5,de2fr,2,fr,6,0.7207
7,5,de2fr,3,de,4,0.584
7,5,de2fr,3,de,6,0.6054
7,5,de2fr,3,fr,4,0.767
7,5,de2fr,3,fr,6,0.7301
7,5,de2fr,6,de,4,0.6544
7,5,de2fr,6,de,6,0.6637
7,5,de2fr,6,fr,4,0.8268
7,5,de2fr,6,fr,6,0.8113
7,5,de2fr,7,de,4,0.6168
7,5,de2fr,7,de,6,0.649
7,5,de2fr,7,fr,4,0.7516
7,5,de2fr,7,fr,6,0.7064
7,5,de2fr,8,de,4,0.4979
7,5,de2fr,8,de,6,0.5268
7,5,de2fr,8,fr,4,0.7262
7,5,de2fr,8,fr,6,0.6533
7,5,en2fr,2,de,4,0.5912
7,5,en2fr,2,de,6,0.6115
7,5,en2fr,2,fr,4,0.7687
7,5,en2fr,2,fr,6,0.7446
7,5,en2fr,3,de,4,0.581
7,5,en2fr,3,de,6,0.6069
7,5,en2fr,3,fr,4,0.7908
7,5,en2fr,3,fr,6,0.7874
7,5,en2fr,6,de,4,0.5811
7,5,en2fr,6,de,6,0.5934
7,5,en2fr,6,fr,4,0.7809
7,5,en2fr,6,fr,6,0.7441
7,5,en2fr,7,de,4,0.5627
7,5,en2fr,7,de,6,0.5842
7,5,en2fr,7,fr,4,0.8078
7,5,en2fr,7,fr,6,0.7846
7,5,en2fr,8,de,4,0.5476
7,5,en2fr,8,de,6,0.5829
7,5,en2fr,8,fr,4,0.7839
7,5,en2fr,8,fr,6,0.774
7,5,en2fr,9,de,4,0.6111
7,5,en2fr,9,de,6,0.634
7,5,en2fr,9,fr,4,0.7799
7,5,en2fr,9,fr,6,0.7605
7,5,en2fr,0,de,4,0.6033
7,5,en2fr,0,de,6,0.6309
7,5,en2fr,0,fr,4,0.8366
7,5,en2fr,0,fr,6,0.8372
8,5,de2fr,2,de,4,0.5949
8,5,de2fr,2,de,6,0.5831
8,5,de2fr,2,fr,4,0.8128
8,5,de2fr,2,fr,6,0.7579
8,5,de2fr,3,de,4,0.571
8,5,de2fr,3,de,6,0.5642
8,5,de2fr,3,fr,4,0.7778
8,5,de2fr,3,fr,6,0.7181
8,5,de2fr,6,de,4,0.6293
8,5,de2fr,6,de,6,0.6229
8,5,de2fr,6,fr,4,0.8311
8,5,de2fr,6,fr,6,0.8029
8,5,de2fr,7,de,4,0.5041
8,5,de2fr,7,de,6,0.4976
8,5,de2fr,7,fr,4,0.6998
8,5,de2fr,7,fr,6,0.6327
8,5,de2fr,8,de,4,0.4723
8,5,de2fr,8,de,6,0.4455
8,5,de2fr,8,fr,4,0.6953
8,5,de2fr,8,fr,6,0.6105
8,5,en2fr,2,de,4,0.5812
8,5,en2fr,2,de,6,0.589
8,5,en2fr,2,fr,4,0.8183
8,5,en2fr,2,fr,6,0.7866
8,5,en2fr,3,de,4,0.5755
8,5,en2fr,3,de,6,0.578
8,5,en2fr,3,fr,4,0.8076
8,5,en2fr,3,fr,6,0.8031
8,5,en2fr,6,de,4,0.6242
8,5,en2fr,6,de,6,0.6056
8,5,en2fr,6,fr,4,0.8057
8,5,en2fr,6,fr,6,0.7649
8,5,en2fr,7,de,4,0.5383
8,5,en2fr,7,de,6,0.5335
8,5,en2fr,7,fr,4,0.7913
8,5,en2fr,7,fr,6,0.7495
8,5,en2fr,8,de,4,0.6231
8,5,en2fr,8,de,6,0.6378
8,5,en2fr,8,fr,4,0.8519
8,5,en2fr,8,fr,6,0.8387
8,5,en2fr,9,de,4,0.5825
8,5,en2fr,9,de,6,0.587
8,5,en2fr,9,fr,4,0.7739
8,5,en2fr,9,fr,6,0.7254
8,5,en2fr,0,de,4,0.5822
8,5,en2fr,0,de,6,0.573
8,5,en2fr,0,fr,4,0.8132
8,5,en2fr,0,fr,6,0.8066
9,5,de2fr,2,de,4,0.5343
9,5,de2fr,2,de,6,0.5464
9,5,de2fr,2,fr,4,0.7816
9,5,de2fr,2,fr,6,0.7298
9,5,de2fr,3,de,4,0.5402
9,5,de2fr,3,de,6,0.5306
9,5,de2fr,3,fr,4,0.789
9,5,de2fr,3,fr,6,0.7216
9,5,de2fr,6,de,4,0.631
9,5,de2fr,6,de,6,0.6275
9,5,de2fr,6,fr,4,0.8344
9,5,de2fr,6,fr,6,0.8103
9,5,de2fr,7,de,4,0.4995
9,5,de2fr,7,de,6,0.4896
9,5,de2fr,7,fr,4,0.741
9,5,de2fr,7,fr,6,0.6743
9,5,de2fr,8,de,4,0.5027
9,5,de2fr,8,de,6,0.5042
9,5,de2fr,8,fr,4,0.765
9,5,de2fr,8,fr,6,0.7025
9,5,en2fr,2,de,4,0.5548
9,5,en2fr,2,de,6,0.5512
9,5,en2fr,2,fr,4,0.8058
9,5,en2fr,2,fr,6,0.7834
9,5,en2fr,3,de,4,0.5689
9,5,en2fr,3,de,6,0.5803
9,5,en2fr,3,fr,4,0.7865
9,5,en2fr,3,fr,6,0.7922
9,5,en2fr,6,de,4,0.5881
9,5,en2fr,6,de,6,0.5899
9,5,en2fr,6,fr,4,0.807
9,5,en2fr,6,fr,6,0.7907
9,5,en2fr,7,de,4,0.6059
9,5,en2fr,7,de,6,0.5886
9,5,en2fr,7,fr,4,0.8423
9,5,en2fr,7,fr,6,0.8267
9,5,en2fr,8,de,4,0.5521
9,5,en2fr,8,de,6,0.5451
9,5,en2fr,8,fr,4,0.8299
9,5,en2fr,8,fr,6,0.8182
9,5,en2fr,9,de,4,0.5495
9,5,en2fr,9,de,6,0.5309
9,5,en2fr,9,fr,4,0.7511
9,5,en2fr,9,fr,6,0.7164
9,5,en2fr,0,de,4,0.5611
9,5,en2fr,0,de,6,0.5714
9,5,en2fr,0,fr,4,0.803
9,5,en2fr,0,fr,6,0.8036
10,5,de2fr,2,de,4,0.5731
10,5,de2fr,2,de,6,0.5494
10,5,de2fr,2,fr,4,0.7944
10,5,de2fr,2,fr,6,0.7552
10,5,de2fr,3,de,4,0.5894
10,5,de2fr,3,de,6,0.5486
10,5,de2fr,3,fr,4,0.793
10,5,de2fr,3,fr,6,0.7719
10,5,de2fr,6,de,4,0.6596
10,5,de2fr,6,de,6,0.6354
10,5,de2fr,6,fr,4,0.8368
10,5,de2fr,6,fr,6,0.8194
10,5,de2fr,7,de,4,0.5799
10,5,de2fr,7,de,6,0.5296
10,5,de2fr,7,fr,4,0.7515
10,5,de2fr,7,fr,6,0.709
10,5,de2fr,8,de,4,0.5696
10,5,de2fr,8,de,6,0.5233
10,5,de2fr,8,fr,4,0.8062
10,5,de2fr,8,fr,6,0.7301
10,5,en2fr,2,de,4,0.5728
10,5,en2fr,2,de,6,0.5487
10,5,en2fr,2,fr,4,0.792
10,5,en2fr,2,fr,6,0.786
10,5,en2fr,3,de,4,0.6312
10,5,en2fr,3,de,6,0.6007
10,5,en2fr,3,fr,4,0.825
10,5,en2fr,3,fr,6,0.8239
10,5,en2fr,6,de,4,0.6569
10,5,en2fr,6,de,6,0.6306
10,5,en2fr,6,fr,4,0.8199
10,5,en2fr,6,fr,6,0.8159
10,5,en2fr,7,de,4,0.5921
10,5,en2fr,7,de,6,0.5473
10,5,en2fr,7,fr,4,0.8116
10,5,en2fr,7,fr,6,0.8192
10,5,en2fr,8,de,4,0.6673
10,5,en2fr,8,de,6,0.6281
10,5,en2fr,8,fr,4,0.8306
10,5,en2fr,8,fr,6,0.8299
10,5,en2fr,9,de,4,0.6612
10,5,en2fr,9,de,6,0.6194
10,5,en2fr,9,fr,4,0.7931
10,5,en2fr,9,fr,6,0.7731
10,5,en2fr,0,de,4,0.6251
10,5,en2fr,0,de,6,0.6103
10,5,en2fr,0,fr,4,0.8507
10,5,en2fr,0,fr,6,0.827
11,5,de2fr,2,de,4,0.5913
11,5,de2fr,2,de,6,0.5829
11,5,de2fr,2,fr,4,0.8112
11,5,de2fr,2,fr,6,0.7842
11,5,de2fr,3,de,4,0.5708
11,5,de2fr,3,de,6,0.5478
11,5,de2fr,3,fr,4,0.8148
11,5,de2fr,3,fr,6,0.7797
11,5,de2fr,6,de,4,0.6397
11,5,de2fr,6,de,6,0.6405
11,5,de2fr,6,fr,4,0.8197
11,5,de2fr,6,fr,6,0.8133
11,5,de2fr,7,de,4,0.6034
11,5,de2fr,7,de,6,0.5803
11,5,de2fr,7,fr,4,0.8193
11,5,de2fr,7,fr,6,0.7809
11,5,de2fr,8,de,4,0.5566
11,5,de2fr,8,de,6,0.5207
11,5,de2fr,8,fr,4,0.8148
11,5,de2fr,8,fr,6,0.7684
11,5,en2fr,2,de,4,0.5768
11,5,en2fr,2,de,6,0.5769
11,5,en2fr,2,fr,4,0.8108
11,5,en2fr,2,fr,6,0.8153
11,5,en2fr,3,de,4,0.5924
11,5,en2fr,3,de,6,0.5888
11,5,en2fr,3,fr,4,0.81
11,5,en2fr,3,fr,6,0.8042
11,5,en2fr,6,de,4,0.6193
11,5,en2fr,6,de,6,0.5991
11,5,en2fr,6,fr,4,0.8213
11,5,en2fr,6,fr,6,0.7954
11,5,en2fr,7,de,4,0.621
11,5,en2fr,7,de,6,0.6043
11,5,en2fr,7,fr,4,0.8211
11,5,en2fr,7,fr,6,0.8426
11,5,en2fr,8,de,4,0.6394
11,5,en2fr,8,de,6,0.6379
11,5,en2fr,8,fr,4,0.8388
11,5,en2fr,8,fr,6,0.8549
11,5,en2fr,9,de,4,0.6225
11,5,en2fr,9,de,6,0.6024
11,5,en2fr,9,fr,4,0.8156
11,5,en2fr,9,fr,6,0.7722
11,5,en2fr,0,de,4,0.5858
11,5,en2fr,0,de,6,0.5862
11,5,en2fr,0,fr,4,0.8166
11,5,en2fr,0,fr,6,0.819
12,5,de2fr,2,de,4,0.5571
12,5,de2fr,2,de,6,0.5213
12,5,de2fr,2,fr,4,0.7643
12,5,de2fr,2,fr,6,0.7575
12,5,de2fr,3,de,4,0.6263
12,5,de2fr,3,de,6,0.5741
12,5,de2fr,3,fr,4,0.7893
12,5,de2fr,3,fr,6,0.7689
12,5,de2fr,6,de,4,0.6207
12,5,de2fr,6,de,6,0.5771
12,5,de2fr,6,fr,4,0.7955
12,5,de2fr,6,fr,6,0.7983
12,5,de2fr,7,de,4,0.6323
12,5,de2fr,7,de,6,0.5893
12,5,de2fr,7,fr,4,0.8144
12,5,de2fr,7,fr,6,0.7928
12,5,de2fr,8,de,4,0.5866
12,5,de2fr,8,de,6,0.5305
12,5,de2fr,8,fr,4,0.8044
12,5,de2fr,8,fr,6,0.7736
12,5,en2fr,2,de,4,0.6324
12,5,en2fr,2,de,6,0.5969
12,5,en2fr,2,fr,4,0.822
12,5,en2fr,2,fr,6,0.827
12,5,en2fr,3,de,4,0.6437
12,5,en2fr,3,de,6,0.6279
12,5,en2fr,3,fr,4,0.8119
12,5,en2fr,3,fr,6,0.8471
12,5,en2fr,6,de,4,0.6447
12,5,en2fr,6,de,6,0.6037
12,5,en2fr,6,fr,4,0.8296
12,5,en2fr,6,fr,6,0.8152
12,5,en2fr,7,de,4,0.6576
12,5,en2fr,7,de,6,0.6181
12,5,en2fr,7,fr,4,0.8452
12,5,en2fr,7,fr,6,0.8546
12,5,en2fr,8,de,4,0.6719
12,5,en2fr,8,de,6,0.6352
12,5,en2fr,8,fr,4,0.853
12,5,en2fr,8,fr,6,0.8792
12,5,en2fr,9,de,4,0.6691
12,5,en2fr,9,de,6,0.6385
12,5,en2fr,9,fr,4,0.8343
12,5,en2fr,9,fr,6,0.8253
12,5,en2fr,0,de,4,0.6322
12,5,en2fr,0,de,6,0.5965
12,5,en2fr,0,fr,4,0.8406
12,5,en2fr,0,fr,6,0.8473
13,5,de2fr,2,de,4,0.5369
13,5,de2fr,2,de,6,0.5505
13,5,de2fr,2,fr,4,0.8024
13,5,de2fr,2,fr,6,0.7803
13,5,de2fr,3,de,4,0.5188
13,5,de2fr,3,de,6,0.5357
13,5,de2fr,3,fr,4,0.7493
13,5,de2fr,3,fr,6,0.7353
13,5,de2fr,6,de,4,0.5901
13,5,de2fr,6,de,6,0.5869
13,5,de2fr,6,fr,4,0.8083
13,5,de2fr,6,fr,6,0.805
13,5,de2fr,7,de,4,0.5826
13,5,de2fr,7,de,6,0.5838
13,5,de2fr,7,fr,4,0.8482
13,5,de2fr,7,fr,6,0.8151
13,5,de2fr,8,de,4,0.5097
13,5,de2fr,8,de,6,0.5209
13,5,de2fr,8,fr,4,0.822
13,5,de2fr,8,fr,6,0.7862
13,5,en2fr,2,de,4,0.5433
13,5,en2fr,2,de,6,0.5581
13,5,en2fr,2,fr,4,0.827
13,5,en2fr,2,fr,6,0.8205
13,5,en2fr,3,de,4,0.5976
13,5,en2fr,3,de,6,0.6017
13,5,en2fr,3,fr,4,0.8363
13,5,en2fr,3,fr,6,0.8338
13,5,en2fr,6,de,4,0.5852
13,5,en2fr,6,de,6,0.5853
13,5,en2fr,6,fr,4,0.8287
13,5,en2fr,6,fr,6,0.7932
13,5,en2fr,7,de,4,0.5975
13,5,en2fr,7,de,6,0.5834
13,5,en2fr,7,fr,4,0.8292
13,5,en2fr,7,fr,6,0.8338
13,5,en2fr,8,de,4,0.579
13,5,en2fr,8,de,6,0.5894
13,5,en2fr,8,fr,4,0.8505
13,5,en2fr,8,fr,6,0.849
13,5,en2fr,9,de,4,0.588
13,5,en2fr,9,de,6,0.583
13,5,en2fr,9,fr,4,0.8357
13,5,en2fr,9,fr,6,0.7985
13,5,en2fr,0,de,4,0.5743
13,5,en2fr,0,de,6,0.5727
13,5,en2fr,0,fr,4,0.8274
13,5,en2fr,0,fr,6,0.8237
14,5,de2fr,2,de,4,0.5847
14,5,de2fr,2,de,6,0.5343
14,5,de2fr,2,fr,4,0.7874
14,5,de2fr,2,fr,6,0.7468
14,5,de2fr,3,de,4,0.5589
14,5,de2fr,3,de,6,0.5101
14,5,de2fr,3,fr,4,0.7994
14,5,de2fr,3,fr,6,0.7619
14,5,de2fr,6,de,4,0.5804
14,5,de2fr,6,de,6,0.5367
14,5,de2fr,6,fr,4,0.8268
14,5,de2fr,6,fr,6,0.8084
14,5,de2fr,7,de,4,0.6092
14,5,de2fr,7,de,6,0.5464
14,5,de2fr,7,fr,4,0.8358
14,5,de2fr,7,fr,6,0.7986
14,5,de2fr,8,de,4,0.5534
14,5,de2fr,8,de,6,0.4817
14,5,de2fr,8,fr,4,0.8201
14,5,de2fr,8,fr,6,0.7684
14,5,en2fr,2,de,4,0.5792
14,5,en2fr,2,de,6,0.5376
14,5,en2fr,2,fr,4,0.8403
14,5,en2fr,2,fr,6,0.823
14,5,en2fr,3,de,4,0.5998
14,5,en2fr,3,de,6,0.577
14,5,en2fr,3,fr,4,0.8243
14,5,en2fr,3,fr,6,0.809
14,5,en2fr,6,de,4,0.6079
14,5,en2fr,6,de,6,0.545
14,5,en2fr,6,fr,4,0.8343
14,5,en2fr,6,fr,6,0.7836
14,5,en2fr,7,de,4,0.5986
14,5,en2fr,7,de,6,0.5544
14,5,en2fr,7,fr,4,0.8412
14,5,en2fr,7,fr,6,0.8373
14,5,en2fr,8,de,4,0.6163
14,5,en2fr,8,de,6,0.5665
14,5,en2fr,8,fr,4,0.8517
14,5,en2fr,8,fr,6,0.849
14,5,en2fr,9,de,4,0.6286
14,5,en2fr,9,de,6,0.5839
14,5,en2fr,9,fr,4,0.8412
14,5,en2fr,9,fr,6,0.8147
14,5,en2fr,0,de,4,0.5866
14,5,en2fr,0,de,6,0.5437
14,5,en2fr,0,fr,4,0.8519
14,5,en2fr,0,fr,6,0.8138
15,5,de2fr,2,de,4,0.5718
15,5,de2fr,2,de,6,0.5162
15,5,de2fr,2,fr,4,0.7896
15,5,de2fr,2,fr,6,0.7429
15,5,de2fr,3,de,4,0.5906
15,5,de2fr,3,de,6,0.5546
15,5,de2fr,3,fr,4,0.7716
15,5,de2fr,3,fr,6,0.7659
15,5,de2fr,6,de,4,0.6085
15,5,de2fr,6,de,6,0.5655
15,5,de2fr,6,fr,4,0.8308
15,5,de2fr,6,fr,6,0.8319
15,5,de2fr,7,de,4,0.613
15,5,de2fr,7,de,6,0.5732
15,5,de2fr,7,fr,4,0.8232
15,5,de2fr,7,fr,6,0.7831
15,5,de2fr,8,de,4,0.5902
15,5,de2fr,8,de,6,0.5285
15,5,de2fr,8,fr,4,0.8455
15,5,de2fr,8,fr,6,0.7903
15,5,en2fr,2,de,4,0.594
15,5,en2fr,2,de,6,0.5612
15,5,en2fr,2,fr,4,0.8411
15,5,en2fr,2,fr,6,0.8095
15,5,en2fr,3,de,4,0.6128
15,5,en2fr,3,de,6,0.5863
15,5,en2fr,3,fr,4,0.8304
15,5,en2fr,3,fr,6,0.8384
15,5,en2fr,6,de,4,0.5893
15,5,en2fr,6,de,6,0.5373
15,5,en2fr,6,fr,4,0.8297
15,5,en2fr,6,fr,6,0.7876
15,5,en2fr,7,de,4,0.6409
15,5,en2fr,7,de,6,0.5952
15,5,en2fr,7,fr,4,0.8638
15,5,en2fr,7,fr,6,0.8564
15,5,en2fr,8,de,4,0.5972
15,5,en2fr,8,de,6,0.5602
15,5,en2fr,8,fr,4,0.8413
15,5,en2fr,8,fr,6,0.8427
15,5,en2fr,9,de,4,0.6382
15,5,en2fr,9,de,6,0.5946
15,5,en2fr,9,fr,4,0.841
15,5,en2fr,9,fr,6,0.8003
15,5,en2fr,0,de,4,0.6194
15,5,en2fr,0,de,6,0.5867
15,5,en2fr,0,fr,4,0.8329
15,5,en2fr,0,fr,6,0.8216
16,5,de2fr,2,de,4,0.5427
16,5,de2fr,2,de,6,0.5253
16,5,de2fr,2,fr,4,0.7847
16,5,de2fr,2,fr,6,0.7327
16,5,de2fr,3,de,4,0.5553
16,5,de2fr,3,de,6,0.552
16,5,de2fr,3,fr,4,0.7994
16,5,de2fr,3,fr,6,0.758
16,5,de2fr,6,de,4,0.5378
16,5,de2fr,6,de,6,0.5235
16,5,de2fr,6,fr,4,0.8027
16,5,de2fr,6,fr,6,0.7648
16,5,de2fr,7,de,4,0.5936
16,5,de2fr,7,de,6,0.5851
16,5,de2fr,7,fr,4,0.8482
16,5,de2fr,7,fr,6,0.7882
16,5,de2fr,8,de,4,0.5629
16,5,de2fr,8,de,6,0.5383
16,5,de2fr,8,fr,4,0.8361
16,5,de2fr,8,fr,6,0.7742
16,5,en2fr,2,de,4,0.562
16,5,en2fr,2,de,6,0.5434
16,5,en2fr,2,fr,4,0.8189
16,5,en2fr,2,fr,6,0.801
16,5,en2fr,3,de,4,0.5527
16,5,en2fr,3,de,6,0.551
16,5,en2fr,3,fr,4,0.8262
16,5,en2fr,3,fr,6,0.8174
16,5,en2fr,6,de,4,0.5743
16,5,en2fr,6,de,6,0.5626
16,5,en2fr,6,fr,4,0.8413
16,5,en2fr,6,fr,6,0.7825
16,5,en2fr,7,de,4,0.5813
16,5,en2fr,7,de,6,0.5662
16,5,en2fr,7,fr,4,0.8407
16,5,en2fr,7,fr,6,0.8457
16,5,en2fr,8,de,4,0.6063
16,5,en2fr,8,de,6,0.598
16,5,en2fr,8,fr,4,0.8667
16,5,en2fr,8,fr,6,0.8651
16,5,en2fr,9,de,4,0.6226
16,5,en2fr,9,de,6,0.6012
16,5,en2fr,9,fr,4,0.8538
16,5,en2fr,9,fr,6,0.8142
16,5,en2fr,0,de,4,0.5736
16,5,en2fr,0,de,6,0.5505
16,5,en2fr,0,fr,4,0.8396
16,5,en2fr,0,fr,6,0.825
17,5,de2fr,2,de,4,0.4796
17,5,de2fr,2,de,6,0.484
17,5,de2fr,2,fr,4,0.7504
17,5,de2fr,2,fr,6,0.6851
17,5,de2fr,3,de,4,0.5769
17,5,de2fr,3,de,6,0.5804
17,5,de2fr,3,fr,4,0.8078
17,5,de2fr,3,fr,6,0.75
17,5,de2fr,6,de,4,0.5678
17,5,de2fr,6,de,6,0.5686
17,5,de2fr,6,fr,4,0.8224
17,5,de2fr,6,fr,6,0.7917
17,5,de2fr,7,de,4,0.5729
17,5,de2fr,7,de,6,0.5733
17,5,de2fr,7,fr,4,0.8281
17,5,de2fr,7,fr,6,0.7674
17,5,de2fr,8,de,4,0.5685
17,5,de2fr,8,de,6,0.5608
17,5,de2fr,8,fr,4,0.8528
17,5,de2fr,8,fr,6,0.7721
17,5,en2fr,2,de,4,0.5496
17,5,en2fr,2,de,6,0.5509
17,5,en2fr,2,fr,4,0.8288
17,5,en2fr,2,fr,6,0.7944
17,5,en2fr,3,de,4,0.5657
17,5,en2fr,3,de,6,0.58
17,5,en2fr,3,fr,4,0.8264
17,5,en2fr,3,fr,6,0.7901
17,5,en2fr,6,de,4,0.5964
17,5,en2fr,6,de,6,0.5811
17,5,en2fr,6,fr,4,0.8366
17,5,en2fr,6,fr,6,0.7727
17,5,en2fr,7,de,4,0.6196
17,5,en2fr,7,de,6,0.6029
17,5,en2fr,7,fr,4,0.8713
17,5,en2fr,7,fr,6,0.851
17,5,en2fr,8,de,4,0.5907
17,5,en2fr,8,de,6,0.5837
17,5,en2fr,8,fr,4,0.8458
17,5,en2fr,8,fr,6,0.8328
17,5,en2fr,9,de,4,0.6299
17,5,en2fr,9,de,6,0.6228
17,5,en2fr,9,fr,4,0.8418
17,5,en2fr,9,fr,6,0.8016
17,5,en2fr,0,de,4,0.5894
17,5,en2fr,0,de,6,0.5929
17,5,en2fr,0,fr,4,0.8539
17,5,en2fr,0,fr,6,0.8313
18,5,de2fr,2,de,4,0.5494
18,5,de2fr,2,de,6,0.5014
18,5,de2fr,2,fr,4,0.7613
18,5,de2fr,2,fr,6,0.6558
18,5,de2fr,3,de,4,0.6134
18,5,de2fr,3,de,6,0.5492
18,5,de2fr,3,fr,4,0.8054
18,5,de2fr,3,fr,6,0.7406
18,5,de2fr,6,de,4,0.5724
18,5,de2fr,6,de,6,0.5289
18,5,de2fr,6,fr,4,0.7912
18,5,de2fr,6,fr,6,0.7499
18,5,de2fr,7,de,4,0.6206
18,5,de2fr,7,de,6,0.5633
18,5,de2fr,7,fr,4,0.8348
18,5,de2fr,7,fr,6,0.7731
18,5,de2fr,8,de,4,0.6173
18,5,de2fr,8,de,6,0.5426
18,5,de2fr,8,fr,4,0.8511
18,5,de2fr,8,fr,6,0.7723
18,5,en2fr,2,de,4,0.6029
18,5,en2fr,2,de,6,0.5471
18,5,en2fr,2,fr,4,0.8298
18,5,en2fr,2,fr,6,0.7826
18,5,en2fr,3,de,4,0.6023
18,5,en2fr,3,de,6,0.5464
18,5,en2fr,3,fr,4,0.8342
18,5,en2fr,3,fr,6,0.8105
18,5,en2fr,6,de,4,0.607
18,5,en2fr,6,de,6,0.5371
18,5,en2fr,6,fr,4,0.8376
18,5,en2fr,6,fr,6,0.7491
18,5,en2fr,7,de,4,0.6586
18,5,en2fr,7,de,6,0.5854
18,5,en2fr,7,fr,4,0.8669
18,5,en2fr,7,fr,6,0.848
18,5,en2fr,8,de,4,0.6276
18,5,en2fr,8,de,6,0.5491
18,5,en2fr,8,fr,4,0.8516
18,5,en2fr,8,fr,6,0.8308
18,5,en2fr,9,de,4,0.6426
18,5,en2fr,9,de,6,0.5729
18,5,en2fr,9,fr,4,0.8521
18,5,en2fr,9,fr,6,0.7923
18,5,en2fr,0,de,4,0.6061
18,5,en2fr,0,de,6,0.5595
18,5,en2fr,0,fr,4,0.8237
18,5,en2fr,0,fr,6,0.8023
19,5,de2fr,2,de,4,0.4488
19,5,de2fr,2,de,6,0.3905
19,5,de2fr,2,fr,4,0.699
19,5,de2fr,2,fr,6,0.6378
19,5,de2fr,3,de,4,0.4699
19,5,de2fr,3,de,6,0.4347
19,5,de2fr,3,fr,4,0.7217
19,5,de2fr,3,fr,6,0.6537
19,5,de2fr,6,de,4,0.5062
19,5,de2fr,6,de,6,0.4981
19,5,de2fr,6,fr,4,0.7931
19,5,de2fr,6,fr,6,0.7562
19,5,de2fr,7,de,4,0.5591
19,5,de2fr,7,de,6,0.5136
19,5,de2fr,7,fr,4,0.7971
19,5,de2fr,7,fr,6,0.7567
19,5,de2fr,8,de,4,0.5942
19,5,de2fr,8,de,6,0.5498
19,5,de2fr,8,fr,4,0.8509
19,5,de2fr,8,fr,6,0.8095
19,5,en2fr,2,de,4,0.5642
19,5,en2fr,2,de,6,0.5226
19,5,en2fr,2,fr,4,0.8325
19,5,en2fr,2,fr,6,0.8055
19,5,en2fr,3,de,4,0.5832
19,5,en2fr,3,de,6,0.5605
19,5,en2fr,3,fr,4,0.8553
19,5,en2fr,3,fr,6,0.84
19,5,en2fr,6,de,4,0.5653
19,5,en2fr,6,de,6,0.5258
19,5,en2fr,6,fr,4,0.8239
19,5,en2fr,6,fr,6,0.7843
19,5,en2fr,7,de,4,0.6293
19,5,en2fr,7,de,6,0.6044
19,5,en2fr,7,fr,4,0.87
19,5,en2fr,7,fr,6,0.8615
19,5,en2fr,8,de,4,0.6006
19,5,en2fr,8,de,6,0.5658
19,5,en2fr,8,fr,4,0.862
19,5,en2fr,8,fr,6,0.8596
19,5,en2fr,9,de,4,0.5988
19,5,en2fr,9,de,6,0.5636
19,5,en2fr,9,fr,4,0.8557
19,5,en2fr,9,fr,6,0.8428
19,5,en2fr,0,de,4,0.588
19,5,en2fr,0,de,6,0.5848
19,5,en2fr,0,fr,4,0.8398
19,5,en2fr,0,fr,6,0.8561
20,5,de2fr,2,de,4,0.4685
20,5,de2fr,2,de,6,0.4479
20,5,de2fr,2,fr,4,0.6975
20,5,de2fr,2,fr,6,0.621
20,5,de2fr,3,de,4,0.5498
20,5,de2fr,3,de,6,0.5269
20,5,de2fr,3,fr,4,0.7687
20,5,de2fr,3,fr,6,0.7075
20,5,de2fr,6,de,4,0.5407
20,5,de2fr,6,de,6,0.5198
20,5,de2fr,6,fr,4,0.8067
20,5,de2fr,6,fr,6,0.7668
20,5,de2fr,7,de,4,0.5465
20,5,de2fr,7,de,6,0.5137
20,5,de2fr,7,fr,4,0.7943
20,5,de2fr,7,fr,6,0.7224
20,5,de2fr,8,de,4,0.5877
20,5,de2fr,8,de,6,0.5516
20,5,de2fr,8,fr,4,0.8437
20,5,de2fr,8,fr,6,0.769
20,5,en2fr,2,de,4,0.5569
20,5,en2fr,2,de,6,0.5293
20,5,en2fr,2,fr,4,0.8029
20,5,en2fr,2,fr,6,0.7639
20,5,en2fr,3,de,4,0.6215
20,5,en2fr,3,de,6,0.6129
20,5,en2fr,3,fr,4,0.8582
20,5,en2fr,3,fr,6,0.8142
20,5,en2fr,6,de,4,0.5319
20,5,en2fr,6,de,6,0.4989
20,5,en2fr,6,fr,4,0.7809
20,5,en2fr,6,fr,6,0.7085
20,5,en2fr,7,de,4,0.6307
20,5,en2fr,7,de,6,0.6057
20,5,en2fr,7,fr,4,0.8659
20,5,en2fr,7,fr,6,0.8644
20,5,en2fr,8,de,4,0.6051
20,5,en2fr,8,de,6,0.5749
20,5,en2fr,8,fr,4,0.8548
20,5,en2fr,8,fr,6,0.8379
20,5,en2fr,9,de,4,0.6274
20,5,en2fr,9,de,6,0.5958
20,5,en2fr,9,fr,4,0.8471
20,5,en2fr,9,fr,6,0.8066
20,5,en2fr,0,de,4,0.5946
20,5,en2fr,0,de,6,0.5755
20,5,en2fr,0,fr,4,0.8618
20,5,en2fr,0,fr,6,0.837
21,5,de2fr,2,de,4,0.472
21,5,de2fr,2,de,6,0.4665
21,5,de2fr,2,fr,4,0.7014
21,5,de2fr,2,fr,6,0.6853
21,5,de2fr,3,de,4,0.5049
21,5,de2fr,3,de,6,0.4779
21,5,de2fr,3,fr,4,0.7477
21,5,de2fr,3,fr,6,0.733
21,5,de2fr,6,de,4,0.526
21,5,de2fr,6,de,6,0.5181
21,5,de2fr,6,fr,4,0.8131
21,5,de2fr,6,fr,6,0.7973
21,5,de2fr,7,de,4,0.577
21,5,de2fr,7,de,6,0.5365
21,5,de2fr,7,fr,4,0.8443
21,5,de2fr,7,fr,6,0.8161
21,5,de2fr,8,de,4,0.5951
21,5,de2fr,8,de,6,0.5613
21,5,de2fr,8,fr,4,0.8693
21,5,de2fr,8,fr,6,0.8092
21,5,en2fr,2,de,4,0.5616
21,5,en2fr,2,de,6,0.5172
21,5,en2fr,2,fr,4,0.8245
21,5,en2fr,2,fr,6,0.8051
21,5,en2fr,3,de,4,0.573
21,5,en2fr,3,de,6,0.5542
21,5,en2fr,3,fr,4,0.8468
21,5,en2fr,3,fr,6,0.824
21,5,en2fr,6,de,4,0.5209
21,5,en2fr,6,de,6,0.4931
21,5,en2fr,6,fr,4,0.8078
21,5,en2fr,6,fr,6,0.7687
21,5,en2fr,7,de,4,0.6263
21,5,en2fr,7,de,6,0.5783
21,5,en2fr,7,fr,4,0.8823
21,5,en2fr,7,fr,6,0.8908
21,5,en2fr,8,de,4,0.5469
21,5,en2fr,8,de,6,0.5187
21,5,en2fr,8,fr,4,0.8332
21,5,en2fr,8,fr,6,0.8421
21,5,en2fr,9,de,4,0.6207
21,5,en2fr,9,de,6,0.5555
21,5,en2fr,9,fr,4,0.8518
21,5,en2fr,9,fr,6,0.8224
21,5,en2fr,0,de,4,0.5666
21,5,en2fr,0,de,6,0.5353
21,5,en2fr,0,fr,4,0.8431
21,5,en2fr,0,fr,6,0.8269
22,5,de2fr,2,de,4,0.4489
22,5,de2fr,2,de,6,0.4325
22,5,de2fr,2,fr,4,0.7106
22,5,de2fr,2,fr,6,0.6338
22,5,de2fr,3,de,4,0.5096
22,5,de2fr,3,de,6,0.5034
22,5,de2fr,3,fr,4,0.7531
22,5,de2fr,3,fr,6,0.703
22,5,de2fr,6,de,4,0.5426
22,5,de2fr,6,de,6,0.5339
22,5,de2fr,6,fr,4,0.8137
22,5,de2fr,6,fr,6,0.7787
22,5,de2fr,7,de,4,0.5791
22,5,de2fr,7,de,6,0.5562
22,5,de2fr,7,fr,4,0.853
22,5,de2fr,7,fr,6,0.7939
22,5,de2fr,8,de,4,0.6001
22,5,de2fr,8,de,6,0.5622
22,5,de2fr,8,fr,4,0.856
22,5,de2fr,8,fr,6,0.7982
22,5,en2fr,2,de,4,0.5454
22,5,en2fr,2,de,6,0.5293
22,5,en2fr,2,fr,4,0.8155
22,5,en2fr,2,fr,6,0.7704
22,5,en2fr,3,de,4,0.5902
22,5,en2fr,3,de,6,0.5789
22,5,en2fr,3,fr,4,0.839
22,5,en2fr,3,fr,6,0.8052
22,5,en2fr,6,de,4,0.578
22,5,en2fr,6,de,6,0.5468
22,5,en2fr,6,fr,4,0.85
22,5,en2fr,6,fr,6,0.7575
22,5,en2fr,7,de,4,0.5877
22,5,en2fr,7,de,6,0.5815
22,5,en2fr,7,fr,4,0.8582
22,5,en2fr,7,fr,6,0.8516
22,5,en2fr,8,de,4,0.5809
22,5,en2fr,8,de,6,0.5556
22,5,en2fr,8,fr,4,0.851
22,5,en2fr,8,fr,6,0.8386
22,5,en2fr,9,de,4,0.585
22,5,en2fr,9,de,6,0.5505
22,5,en2fr,9,fr,4,0.8305
22,5,en2fr,9,fr,6,0.7843
22,5,en2fr,0,de,4,0.5775
22,5,en2fr,0,de,6,0.5727
22,5,en2fr,0,fr,4,0.852
22,5,en2fr,0,fr,6,0.8488
23,5,de2fr,2,de,4,0.4079
23,5,de2fr,2,de,6,0.3986
23,5,de2fr,2,fr,4,0.7059
23,5,de2fr,2,fr,6,0.6497
23,5,de2fr,3,de,4,0.4437
23,5,de2fr,3,de,6,0.4527
23,5,de2fr,3,fr,4,0.7388
23,5,de2fr,3,fr,6,0.7006
23,5,de2fr,6,de,4,0.5241
23,5,de2fr,6,de,6,0.5122
23,5,de2fr,6,fr,4,0.8166
23,5,de2fr,6,fr,6,0.7921
23,5,de2fr,7,de,4,0.5339
23,5,de2fr,7,de,6,0.5273
23,5,de2fr,7,fr,4,0.8198
23,5,de2fr,7,fr,6,0.7704
23,5,de2fr,8,de,4,0.5676
23,5,de2fr,8,de,6,0.5387
23,5,de2fr,8,fr,4,0.8723
23,5,de2fr,8,fr,6,0.8026
23,5,en2fr,2,de,4,0.5182
23,5,en2fr,2,de,6,0.5055
23,5,en2fr,2,fr,4,0.8087
23,5,en2fr,2,fr,6,0.7801
23,5,en2fr,3,de,4,0.5545
23,5,en2fr,3,de,6,0.5519
23,5,en2fr,3,fr,4,0.8197
23,5,en2fr,3,fr,6,0.8085
23,5,en2fr,6,de,4,0.494
23,5,en2fr,6,de,6,0.4788
23,5,en2fr,6,fr,4,0.7889
23,5,en2fr,6,fr,6,0.7427
23,5,en2fr,7,de,4,0.5761
23,5,en2fr,7,de,6,0.5767
23,5,en2fr,7,fr,4,0.8552
23,5,en2fr,7,fr,6,0.8569
23,5,en2fr,8,de,4,0.5522
23,5,en2fr,8,de,6,0.5461
23,5,en2fr,8,fr,4,0.8695
23,5,en2fr,8,fr,6,0.8682
23,5,en2fr,9,de,4,0.5764
23,5,en2fr,9,de,6,0.5703
23,5,en2fr,9,fr,4,0.8652
23,5,en2fr,9,fr,6,0.8311
23,5,en2fr,0,de,4,0.5691
23,5,en2fr,0,de,6,0.5698
23,5,en2fr,0,fr,4,0.8456
23,5,en2fr,0,fr,6,0.8486
24,5,de2fr,2,de,4,0.4249
24,5,de2fr,2,de,6,0.3776
24,5,de2fr,2,fr,4,0.6774
24,5,de2fr,2,fr,6,0.5982
24,5,de2fr,3,de,4,0.5476
24,5,de2fr,3,de,6,0.5141
24,5,de2fr,3,fr,4,0.7684
24,5,de2fr,3,fr,6,0.7312
24,5,de2fr,6,de,4,0.4944
24,5,de2fr,6,de,6,0.4535
24,5,de2fr,6,fr,4,0.7846
24,5,de2fr,6,fr,6,0.7174
24,5,de2fr,7,de,4,0.5824
24,5,de2fr,7,de,6,0.5401
24,5,de2fr,7,fr,4,0.8435
24,5,de2fr,7,fr,6,0.7756
24,5,de2fr,8,de,4,0.6111
24,5,de2fr,8,de,6,0.5534
24,5,de2fr,8,fr,4,0.8518
24,5,de2fr,8,fr,6,0.7932
24,5,en2fr,2,de,4,0.5761
24,5,en2fr,2,de,6,0.5408
24,5,en2fr,2,fr,4,0.8306
24,5,en2fr,2,fr,6,0.7904
24,5,en2fr,3,de,4,0.6337
24,5,en2fr,3,de,6,0.5976
24,5,en2fr,3,fr,4,0.8637
24,5,en2fr,3,fr,6,0.8254
24,5,en2fr,6,de,4,0.5459
24,5,en2fr,6,de,6,0.4934
24,5,en2fr,6,fr,4,0.8128
24,5,en2fr,6,fr,6,0.7396
24,5,en2fr,7,de,4,0.6482
24,5,en2fr,7,de,6,0.6172
24,5,en2fr,7,fr,4,0.8732
24,5,en2fr,7,fr,6,0.8559
24,5,en2fr,8,de,4,0.5912
24,5,en2fr,8,de,6,0.5512
24,5,en2fr,8,fr,4,0.8675
24,5,en2fr,8,fr,6,0.83
24,5,en2fr,9,de,4,0.6238
24,5,en2fr,9,de,6,0.5926
24,5,en2fr,9,fr,4,0.8583
24,5,en2fr,9,fr,6,0.812
24,5,en2fr,0,de,4,0.6028
24,5,en2fr,0,de,6,0.5661
24,5,en2fr,0,fr,4,0.8432
24,5,en2fr,0,fr,6,0.8309
25,5,de2fr,2,de,4,0.5338
25,5,de2fr,2,de,6,0.4836
25,5,de2fr,2,fr,4,0.7577
25,5,de2fr,2,fr,6,0.6768
25,5,de2fr,3,de,4,0.4772
25,5,de2fr,3,de,6,0.4354
25,5,de2fr,3,fr,4,0.7458
25,5,de2fr,3,fr,6,0.6609
25,5,de2fr,6,de,4,0.5022
25,5,de2fr,6,de,6,0.4612
25,5,de2fr,6,fr,4,0.7822
25,5,de2fr,6,fr,6,0.7131
25,5,de2fr,7,de,4,0.6109
25,5,de2fr,7,de,6,0.5684
25,5,de2fr,7,fr,4,0.8473
25,5,de2fr,7,fr,6,0.8007
25,5,de2fr,8,de,4,0.587
25,5,de2fr,8,de,6,0.5263
25,5,de2fr,8,fr,4,0.8391
25,5,de2fr,8,fr,6,0.7666
25,5,en2fr,2,de,4,0.5655
25,5,en2fr,2,de,6,0.5367
25,5,en2fr,2,fr,4,0.8223
25,5,en2fr,2,fr,6,0.7866
25,5,en2fr,3,de,4,0.6074
25,5,en2fr,3,de,6,0.5662
25,5,en2fr,3,fr,4,0.8584
25,5,en2fr,3,fr,6,0.8097
25,5,en2fr,6,de,4,0.579
25,5,en2fr,6,de,6,0.5342
25,5,en2fr,6,fr,4,0.8413
25,5,en2fr,6,fr,6,0.7665
25,5,en2fr,7,de,4,0.6368
25,5,en2fr,7,de,6,0.6136
25,5,en2fr,7,fr,4,0.8458
25,5,en2fr,7,fr,6,0.8513
25,5,en2fr,8,de,4,0.6308
25,5,en2fr,8,de,6,0.5886
25,5,en2fr,8,fr,4,0.8816
25,5,en2fr,8,fr,6,0.8566
25,5,en2fr,9,de,4,0.614
25,5,en2fr,9,de,6,0.5811
25,5,en2fr,9,fr,4,0.8612
25,5,en2fr,9,fr,6,0.796
25,5,en2fr,0,de,4,0.608
25,5,en2fr,0,de,6,0.5748
25,5,en2fr,0,fr,4,0.8613
25,5,en2fr,0,fr,6,0.8414
26,5,de2fr,2,de,4,0.4937
26,5,de2fr,2,de,6,0.4382
26,5,de2fr,2,fr,4,0.7406
26,5,de2fr,2,fr,6,0.6541
26,5,de2fr,3,de,4,0.5609
26,5,de2fr,3,de,6,0.5196
26,5,de2fr,3,fr,4,0.8146
26,5,de2fr,3,fr,6,0.7538
26,5,de2fr,6,de,4,0.5808
26,5,de2fr,6,de,6,0.5455
26,5,de2fr,6,fr,4,0.8402
26,5,de2fr,6,fr,6,0.7953
26,5,de2fr,7,de,4,0.5867
26,5,de2fr,7,de,6,0.5361
26,5,de2fr,7,fr,4,0.8523
26,5,de2fr,7,fr,6,0.7854
26,5,de2fr,8,de,4,0.6118
26,5,de2fr,8,de,6,0.5582
26,5,de2fr,8,fr,4,0.8662
26,5,de2fr,8,fr,6,0.8023
26,5,en2fr,2,de,4,0.6076
26,5,en2fr,2,de,6,0.5667
26,5,en2fr,2,fr,4,0.8522
26,5,en2fr,2,fr,6,0.8165
26,5,en2fr,3,de,4,0.6005
26,5,en2fr,3,de,6,0.5608
26,5,en2fr,3,fr,4,0.8521
26,5,en2fr,3,fr,6,0.8307
26,5,en2fr,6,de,4,0.5592
26,5,en2fr,6,de,6,0.5153
26,5,en2fr,6,fr,4,0.8202
26,5,en2fr,6,fr,6,0.7452
26,5,en2fr,7,de,4,0.6442
26,5,en2fr,7,de,6,0.6225
26,5,en2fr,7,fr,4,0.8757
26,5,en2fr,7,fr,6,0.8699
26,5,en2fr,8,de,4,0.5946
26,5,en2fr,8,de,6,0.5502
26,5,en2fr,8,fr,4,0.8618
26,5,en2fr,8,fr,6,0.8372
26,5,en2fr,9,de,4,0.6107
26,5,en2fr,9,de,6,0.5823
26,5,en2fr,9,fr,4,0.8463
26,5,en2fr,9,fr,6,0.8084
26,5,en2fr,0,de,4,0.5954
26,5,en2fr,0,de,6,0.5604
26,5,en2fr,0,fr,4,0.8505
26,5,en2fr,0,fr,6,0.8316
27,5,de2fr,2,de,4,0.5212
27,5,de2fr,2,de,6,0.4683
27,5,de2fr,2,fr,4,0.7823
27,5,de2fr,2,fr,6,0.7126
27,5,de2fr,3,de,4,0.6161
27,5,de2fr,3,de,6,0.5823
27,5,de2fr,3,fr,4,0.8455
27,5,de2fr,3,fr,6,0.7695
27,5,de2fr,6,de,4,0.4624
27,5,de2fr,6,de,6,0.4248
27,5,de2fr,6,fr,4,0.7448
27,5,de2fr,6,fr,6,0.6902
27,5,de2fr,7,de,4,0.5574
27,5,de2fr,7,de,6,0.5096
27,5,de2fr,7,fr,4,0.8211
27,5,de2fr,7,fr,6,0.7493
27,5,de2fr,8,de,4,0.6121
27,5,de2fr,8,de,6,0.5549
27,5,de2fr,8,fr,4,0.8588
27,5,de2fr,8,fr,6,0.7915
27,5,en2fr,2,de,4,0.6278
27,5,en2fr,2,de,6,0.5846
27,5,en2fr,2,fr,4,0.8562
27,5,en2fr,2,fr,6,0.8095
27,5,en2fr,3,de,4,0.5997
27,5,en2fr,3,de,6,0.566
27,5,en2fr,3,fr,4,0.8527
27,5,en2fr,3,fr,6,0.8205
27,5,en2fr,6,de,4,0.5384
27,5,en2fr,6,de,6,0.5013
27,5,en2fr,6,fr,4,0.8052
27,5,en2fr,6,fr,6,0.7107
27,5,en2fr,7,de,4,0.6063
27,5,en2fr,7,de,6,0.5792
27,5,en2fr,7,fr,4,0.8504
27,5,en2fr,7,fr,6,0.8402
27,5,en2fr,8,de,4,0.6244
27,5,en2fr,8,de,6,0.5841
27,5,en2fr,8,fr,4,0.8702
27,5,en2fr,8,fr,6,0.841
27,5,en2fr,9,de,4,0.6116
27,5,en2fr,9,de,6,0.5774
27,5,en2fr,9,fr,4,0.8587
27,5,en2fr,9,fr,6,0.8066
27,5,en2fr,0,de,4,0.6109
27,5,en2fr,0,de,6,0.5748
27,5,en2fr,0,fr,4,0.8608
27,5,en2fr,0,fr,6,0.8444
28,5,de2fr,2,de,4,0.5275
28,5,de2fr,2,de,6,0.4805
28,5,de2fr,2,fr,4,0.7754
28,5,de2fr,2,fr,6,0.6799
28,5,de2fr,3,de,4,0.5527
28,5,de2fr,3,de,6,0.517
28,5,de2fr,3,fr,4,0.7928
28,5,de2fr,3,fr,6,0.7265
28,5,de2fr,6,de,4,0.5679
28,5,de2fr,6,de,6,0.5281
28,5,de2fr,6,fr,4,0.8236
28,5,de2fr,6,fr,6,0.7752
28,5,de2fr,7,de,4,0.622
28,5,de2fr,7,de,6,0.5751
28,5,de2fr,7,fr,4,0.8591
28,5,de2fr,7,fr,6,0.7931
28,5,de2fr,8,de,4,0.6125
28,5,de2fr,8,de,6,0.551
28,5,de2fr,8,fr,4,0.8708
28,5,de2fr,8,fr,6,0.8056
28,5,en2fr,2,de,4,0.6221
28,5,en2fr,2,de,6,0.5822
28,5,en2fr,2,fr,4,0.8687
28,5,en2fr,2,fr,6,0.8345
28,5,en2fr,3,de,4,0.6032
28,5,en2fr,3,de,6,0.5659
28,5,en2fr,3,fr,4,0.8541
28,5,en2fr,3,fr,6,0.8216
28,5,en2fr,6,de,4,0.5371
28,5,en2fr,6,de,6,0.4883
28,5,en2fr,6,fr,4,0.82
28,5,en2fr,6,fr,6,0.7425
28,5,en2fr,7,de,4,0.6448
28,5,en2fr,7,de,6,0.6181
28,5,en2fr,7,fr,4,0.8721
28,5,en2fr,7,fr,6,0.8617
28,5,en2fr,8,de,4,0.6009
28,5,en2fr,8,de,6,0.5545
28,5,en2fr,8,fr,4,0.8534
28,5,en2fr,8,fr,6,0.8278
28,5,en2fr,9,de,4,0.6355
28,5,en2fr,9,de,6,0.5998
28,5,en2fr,9,fr,4,0.8461
28,5,en2fr,9,fr,6,0.7979
28,5,en2fr,0,de,4,0.6135
28,5,en2fr,0,de,6,0.576
28,5,en2fr,0,fr,4,0.8442
28,5,en2fr,0,fr,6,0.8279
29,5,de2fr,2,de,4,0.5074
29,5,de2fr,2,de,6,0.4592
29,5,de2fr,2,fr,4,0.737
29,5,de2fr,2,fr,6,0.6575
29,5,de2fr,3,de,4,0.5572
29,5,de2fr,3,de,6,0.5226
29,5,de2fr,3,fr,4,0.8123
29,5,de2fr,3,fr,6,0.7425
29,5,de2fr,6,de,4,0.5334
29,5,de2fr,6,de,6,0.4938
29,5,de2fr,6,fr,4,0.8057
29,5,de2fr,6,fr,6,0.7434
29,5,de2fr,7,de,4,0.5654
29,5,de2fr,7,de,6,0.5202
29,5,de2fr,7,fr,4,0.8257
29,5,de2fr,7,fr,6,0.7386
29,5,de2fr,8,de,4,0.5791
29,5,de2fr,8,de,6,0.5145
29,5,de2fr,8,fr,4,0.8496
29,5,de2fr,8,fr,6,0.7726
29,5,en2fr,2,de,4,0.5925
29,5,en2fr,2,de,6,0.5557
29,5,en2fr,2,fr,4,0.8429
29,5,en2fr,2,fr,6,0.7992
29,5,en2fr,3,de,4,0.6033
29,5,en2fr,3,de,6,0.5685
29,5,en2fr,3,fr,4,0.852
29,5,en2fr,3,fr,6,0.8012
29,5,en2fr,6,de,4,0.5298
29,5,en2fr,6,de,6,0.4865
29,5,en2fr,6,fr,4,0.7972
29,5,en2fr,6,fr,6,0.7155
29,5,en2fr,7,de,4,0.6426
29,5,en2fr,7,de,6,0.6162
29,5,en2fr,7,fr,4,0.8756
29,5,en2fr,7,fr,6,0.8664
29,5,en2fr,8,de,4,0.6266
29,5,en2fr,8,de,6,0.5812
29,5,en2fr,8,fr,4,0.8552
29,5,en2fr,8,fr,6,0.8236
29,5,en2fr,9,de,4,0.6351
29,5,en2fr,9,de,6,0.6053
29,5,en2fr,9,fr,4,0.8544
29,5,en2fr,9,fr,6,0.8226
29,5,en2fr,0,de,4,0.5873
29,5,en2fr,0,de,6,0.5518
29,5,en2fr,0,fr,4,0.8383
29,5,en2fr,0,fr,6,0.8396
4,6,de2fr,2,de,4,0.8509
4,6,de2fr,2,de,6,0.8555
4,6,de2fr,2,fr,4,0.6547
4,6,de2fr,2,fr,6,0.6216
4,6,de2fr,3,de,4,0.8527
4,6,de2fr,3,de,6,0.8656
4,6,de2fr,3,fr,4,0.6044
4,6,de2fr,3,fr,6,0.6044
4,6,de2fr,6,de,4,0.8622
4,6,de2fr,6,de,6,0.8703
4,6,de2fr,6,fr,4,0.5899
4,6,de2fr,6,fr,6,0.6211
4,6,de2fr,7,de,4,0.8589
4,6,de2fr,7,de,6,0.8613
4,6,de2fr,7,fr,4,0.5853
4,6,de2fr,7,fr,6,0.5828
4,6,de2fr,8,de,4,0.8248
4,6,de2fr,8,de,6,0.8398
4,6,de2fr,8,fr,4,0.618
4,6,de2fr,8,fr,6,0.5853
4,6,en2fr,2,de,4,0.6935
4,6,en2fr,2,de,6,0.697
4,6,en2fr,2,fr,4,0.6678
4,6,en2fr,2,fr,6,0.6227
4,6,en2fr,3,de,4,0.7059
4,6,en2fr,3,de,6,0.712
4,6,en2fr,3,fr,4,0.6741
4,6,en2fr,3,fr,6,0.6681
4,6,en2fr,6,de,4,0.7051
4,6,en2fr,6,de,6,0.7241
4,6,en2fr,6,fr,4,0.6753
4,6,en2fr,6,fr,6,0.6614
4,6,en2fr,7,de,4,0.6855
4,6,en2fr,7,de,6,0.6908
4,6,en2fr,7,fr,4,0.6863
4,6,en2fr,7,fr,6,0.6525
4,6,en2fr,8,de,4,0.6711
4,6,en2fr,8,de,6,0.6949
4,6,en2fr,8,fr,4,0.6649
4,6,en2fr,8,fr,6,0.6676
4,6,en2fr,9,de,4,0.6561
4,6,en2fr,9,de,6,0.665
4,6,en2fr,9,fr,4,0.6513
4,6,en2fr,9,fr,6,0.6214
4,6,en2fr,0,de,4,0.5857
4,6,en2fr,0,de,6,0.6267
4,6,en2fr,0,fr,4,0.6085
4,6,en2fr,0,fr,6,0.6811
5,6,de2fr,2,de,4,0.7587
5,6,de2fr,2,de,6,0.6774
5,6,de2fr,2,fr,4,0.7026
5,6,de2fr,2,fr,6,0.6153
5,6,de2fr,3,de,4,0.779
5,6,de2fr,3,de,6,0.7273
5,6,de2fr,3,fr,4,0.7162
5,6,de2fr,3,fr,6,0.6301
5,6,de2fr,6,de,4,0.7804
5,6,de2fr,6,de,6,0.7602
5,6,de2fr,6,fr,4,0.7094
5,6,de2fr,6,fr,6,0.6421
5,6,de2fr,7,de,4,0.7872
5,6,de2fr,7,de,6,0.7321
5,6,de2fr,7,fr,4,0.7024
5,6,de2fr,7,fr,6,0.6226
5,6,de2fr,8,de,4,0.7598
5,6,de2fr,8,de,6,0.7112
5,6,de2fr,8,fr,4,0.6829
5,6,de2fr,8,fr,6,0.5769
5,6,en2fr,2,de,4,0.6882
5,6,en2fr,2,de,6,0.6276
5,6,en2fr,2,fr,4,0.7425
5,6,en2fr,2,fr,6,0.6151
5,6,en2fr,3,de,4,0.7148
5,6,en2fr,3,de,6,0.6808
5,6,en2fr,3,fr,4,0.7589
5,6,en2fr,3,fr,6,0.6876
5,6,en2fr,6,de,4,0.7029
5,6,en2fr,6,de,6,0.6519
5,6,en2fr,6,fr,4,0.7481
5,6,en2fr,6,fr,6,0.6735
5,6,en2fr,7,de,4,0.7149
5,6,en2fr,7,de,6,0.6805
5,6,en2fr,7,fr,4,0.7356
5,6,en2fr,7,fr,6,0.6856
5,6,en2fr,8,de,4,0.7115
5,6,en2fr,8,de,6,0.6892
5,6,en2fr,8,fr,4,0.7372
5,6,en2fr,8,fr,6,0.6826
5,6,en2fr,9,de,4,0.6816
5,6,en2fr,9,de,6,0.6385
5,6,en2fr,9,fr,4,0.7616
5,6,en2fr,9,fr,6,0.6428
5,6,en2fr,0,de,4,0.6799
5,6,en2fr,0,de,6,0.6559
5,6,en2fr,0,fr,4,0.7416
5,6,en2fr,0,fr,6,0.7236
6,6,de2fr,2,de,4,0.6708
6,6,de2fr,2,de,6,0.6068
6,6,de2fr,2,fr,4,0.7293
6,6,de2fr,2,fr,6,0.6727
6,6,de2fr,3,de,4,0.759
6,6,de2fr,3,de,6,0.7179
6,6,de2fr,3,fr,4,0.7316
6,6,de2fr,3,fr,6,0.7035
6,6,de2fr,6,de,4,0.7518
6,6,de2fr,6,de,6,0.7103
6,6,de2fr,6,fr,4,0.7645
6,6,de2fr,6,fr,6,0.7379
6,6,de2fr,7,de,4,0.7221
6,6,de2fr,7,de,6,0.6837
6,6,de2fr,7,fr,4,0.7297
6,6,de2fr,7,fr,6,0.679
6,6,de2fr,8,de,4,0.6974
6,6,de2fr,8,de,6,0.6588
6,6,de2fr,8,fr,4,0.7315
6,6,de2fr,8,fr,6,0.6588
6,6,en2fr,2,de,4,0.6658
6,6,en2fr,2,de,6,0.6207
6,6,en2fr,2,fr,4,0.7528
6,6,en2fr,2,fr,6,0.6846
6,6,en2fr,3,de,4,0.6673
6,6,en2fr,3,de,6,0.6727
6,6,en2fr,3,fr,4,0.7792
6,6,en2fr,3,fr,6,0.7571
6,6,en2fr,6,de,4,0.6844
6,6,en2fr,6,de,6,0.6687
6,6,en2fr,6,fr,4,0.7401
6,6,en2fr,6,fr,6,0.7358
6,6,en2fr,7,de,4,0.6574
6,6,en2fr,7,de,6,0.637
6,6,en2fr,7,fr,4,0.7624
6,6,en2fr,7,fr,6,0.7303
6,6,en2fr,8,de,4,0.6618
6,6,en2fr,8,de,6,0.6713
6,6,en2fr,8,fr,4,0.7689
6,6,en2fr,8,fr,6,0.7368
6,6,en2fr,9,de,4,0.6714
6,6,en2fr,9,de,6,0.6435
6,6,en2fr,9,fr,4,0.7768
6,6,en2fr,9,fr,6,0.7232
6,6,en2fr,0,de,4,0.6357
6,6,en2fr,0,de,6,0.6694
6,6,en2fr,0,fr,4,0.7592
6,6,en2fr,0,fr,6,0.7581
7,6,de2fr,2,de,4,0.6543
7,6,de2fr,2,de,6,0.6202
7,6,de2fr,2,fr,4,0.7106
7,6,de2fr,2,fr,6,0.6439
7,6,de2fr,3,de,4,0.6793
7,6,de2fr,3,de,6,0.6489
7,6,de2fr,3,fr,4,0.7425
7,6,de2fr,3,fr,6,0.6946
7,6,de2fr,6,de,4,0.7376
7,6,de2fr,6,de,6,0.7079
7,6,de2fr,6,fr,4,0.7438
7,6,de2fr,6,fr,6,0.7566
7,6,de2fr,7,de,4,0.6746
7,6,de2fr,7,de,6,0.6415
7,6,de2fr,7,fr,4,0.6952
7,6,de2fr,7,fr,6,0.6532
7,6,de2fr,8,de,4,0.6454
7,6,de2fr,8,de,6,0.6156
7,6,de2fr,8,fr,4,0.7075
7,6,de2fr,8,fr,6,0.608
7,6,en2fr,2,de,4,0.6715
7,6,en2fr,2,de,6,0.65
7,6,en2fr,2,fr,4,0.7103
7,6,en2fr,2,fr,6,0.692
7,6,en2fr,3,de,4,0.6765
7,6,en2fr,3,de,6,0.6664
7,6,en2fr,3,fr,4,0.7339
7,6,en2fr,3,fr,6,0.732
7,6,en2fr,6,de,4,0.6769
7,6,en2fr,6,de,6,0.6446
7,6,en2fr,6,fr,4,0.7462
7,6,en2fr,6,fr,6,0.7504
7,6,en2fr,7,de,4,0.6348
7,6,en2fr,7,de,6,0.6034
7,6,en2fr,7,fr,4,0.737
7,6,en2fr,7,fr,6,0.6772
7,6,en2fr,8,de,4,0.612
7,6,en2fr,8,de,6,0.5992
7,6,en2fr,8,fr,4,0.687
7,6,en2fr,8,fr,6,0.7111
7,6,en2fr,9,de,4,0.6834
7,6,en2fr,9,de,6,0.6633
7,6,en2fr,9,fr,4,0.7106
7,6,en2fr,9,fr,6,0.6914
7,6,en2fr,0,de,4,0.6618
7,6,en2fr,0,de,6,0.6624
7,6,en2fr,0,fr,4,0.7331
7,6,en2fr,0,fr,6,0.7606
8,6,de2fr,2,de,4,0.6444
8,6,de2fr,2,de,6,0.5681
8,6,de2fr,2,fr,4,0.7743
8,6,de2fr,2,fr,6,0.7006
8,6,de2fr,3,de,4,0.6796
8,6,de2fr,3,de,6,0.6161
8,6,de2fr,3,fr,4,0.7736
8,6,de2fr,3,fr,6,0.7305
8,6,de2fr,6,de,4,0.7229
8,6,de2fr,6,de,6,0.6715
8,6,de2fr,6,fr,4,0.7592
8,6,de2fr,6,fr,6,0.7977
8,6,de2fr,7,de,4,0.6093
8,6,de2fr,7,de,6,0.5483
8,6,de2fr,7,fr,4,0.7517
8,6,de2fr,7,fr,6,0.6785
8,6,de2fr,8,de,4,0.6151
8,6,de2fr,8,de,6,0.5334
8,6,de2fr,8,fr,4,0.7743
8,6,de2fr,8,fr,6,0.6646
8,6,en2fr,2,de,4,0.6527
8,6,en2fr,2,de,6,0.6086
8,6,en2fr,2,fr,4,0.7706
8,6,en2fr,2,fr,6,0.7603
8,6,en2fr,3,de,4,0.6797
8,6,en2fr,3,de,6,0.6431
8,6,en2fr,3,fr,4,0.7748
8,6,en2fr,3,fr,6,0.8016
8,6,en2fr,6,de,4,0.7156
8,6,en2fr,6,de,6,0.6514
8,6,en2fr,6,fr,4,0.7795
8,6,en2fr,6,fr,6,0.7829
8,6,en2fr,7,de,4,0.6119
8,6,en2fr,7,de,6,0.5503
8,6,en2fr,7,fr,4,0.7654
8,6,en2fr,7,fr,6,0.7146
8,6,en2fr,8,de,4,0.6982
8,6,en2fr,8,de,6,0.6747
8,6,en2fr,8,fr,4,0.741
8,6,en2fr,8,fr,6,0.7727
8,6,en2fr,9,de,4,0.6726
8,6,en2fr,9,de,6,0.6328
8,6,en2fr,9,fr,4,0.7343
8,6,en2fr,9,fr,6,0.7419
8,6,en2fr,0,de,4,0.6231
8,6,en2fr,0,de,6,0.5761
8,6,en2fr,0,fr,4,0.7499
8,6,en2fr,0,fr,6,0.7765
9,6,de2fr,2,de,4,0.5989
9,6,de2fr,2,de,6,0.5607
9,6,de2fr,2,fr,4,0.782
9,6,de2fr,2,fr,6,0.7325
9,6,de2fr,3,de,4,0.6134
9,6,de2fr,3,de,6,0.5578
9,6,de2fr,3,fr,4,0.7751
9,6,de2fr,3,fr,6,0.7206
9,6,de2fr,6,de,4,0.7064
9,6,de2fr,6,de,6,0.6595
9,6,de2fr,6,fr,4,0.7519
9,6,de2fr,6,fr,6,0.7941
9,6,de2fr,7,de,4,0.5844
9,6,de2fr,7,de,6,0.5249
9,6,de2fr,7,fr,4,0.7507
9,6,de2fr,7,fr,6,0.68
9,6,de2fr,8,de,4,0.6118
9,6,de2fr,8,de,6,0.5522
9,6,de2fr,8,fr,4,0.7555
9,6,de2fr,8,fr,6,0.6856
9,6,en2fr,2,de,4,0.6213
9,6,en2fr,2,de,6,0.5766
9,6,en2fr,2,fr,4,0.7792
9,6,en2fr,2,fr,6,0.7807
9,6,en2fr,3,de,4,0.6649
9,6,en2fr,3,de,6,0.636
9,6,en2fr,3,fr,4,0.7322
9,6,en2fr,3,fr,6,0.7704
9,6,en2fr,6,de,4,0.6662
9,6,en2fr,6,de,6,0.611
9,6,en2fr,6,fr,4,0.7656
9,6,en2fr,6,fr,6,0.7824
9,6,en2fr,7,de,4,0.6499
9,6,en2fr,7,de,6,0.5964
9,6,en2fr,7,fr,4,0.79
9,6,en2fr,7,fr,6,0.7646
9,6,en2fr,8,de,4,0.6246
9,6,en2fr,8,de,6,0.5768
9,6,en2fr,8,fr,4,0.7747
9,6,en2fr,8,fr,6,0.7843
9,6,en2fr,9,de,4,0.6047
9,6,en2fr,9,de,6,0.554
9,6,en2fr,9,fr,4,0.7329
9,6,en2fr,9,fr,6,0.7071
9,6,en2fr,0,de,4,0.582
9,6,en2fr,0,de,6,0.5618
9,6,en2fr,0,fr,4,0.6917
9,6,en2fr,0,fr,6,0.7454
10,6,de2fr,2,de,4,0.5872
10,6,de2fr,2,de,6,0.5211
10,6,de2fr,2,fr,4,0.7763
10,6,de2fr,2,fr,6,0.713
10,6,de2fr,3,de,4,0.674
10,6,de2fr,3,de,6,0.5978
10,6,de2fr,3,fr,4,0.7556
10,6,de2fr,3,fr,6,0.7585
10,6,de2fr,6,de,4,0.7057
10,6,de2fr,6,de,6,0.676
10,6,de2fr,6,fr,4,0.7088
10,6,de2fr,6,fr,6,0.7808
10,6,de2fr,7,de,4,0.5945
10,6,de2fr,7,de,6,0.5015
10,6,de2fr,7,fr,4,0.7623
10,6,de2fr,7,fr,6,0.6902
10,6,de2fr,8,de,4,0.6433
10,6,de2fr,8,de,6,0.551
10,6,de2fr,8,fr,4,0.7875
10,6,de2fr,8,fr,6,0.6973
10,6,en2fr,2,de,4,0.5846
10,6,en2fr,2,de,6,0.5489
10,6,en2fr,2,fr,4,0.7317
10,6,en2fr,2,fr,6,0.7453
10,6,en2fr,3,de,4,0.6842
10,6,en2fr,3,de,6,0.6544
10,6,en2fr,3,fr,4,0.7229
10,6,en2fr,3,fr,6,0.7691
10,6,en2fr,6,de,4,0.7101
10,6,en2fr,6,de,6,0.6452
10,6,en2fr,6,fr,4,0.7445
10,6,en2fr,6,fr,6,0.7712
10,6,en2fr,7,de,4,0.6295
10,6,en2fr,7,de,6,0.5685
10,6,en2fr,7,fr,4,0.7841
10,6,en2fr,7,fr,6,0.7659
10,6,en2fr,8,de,4,0.6696
10,6,en2fr,8,de,6,0.6265
10,6,en2fr,8,fr,4,0.7359
10,6,en2fr,8,fr,6,0.7666
10,6,en2fr,9,de,4,0.6772
10,6,en2fr,9,de,6,0.622
10,6,en2fr,9,fr,4,0.7344
10,6,en2fr,9,fr,6,0.7313
10,6,en2fr,0,de,4,0.6388
10,6,en2fr,0,de,6,0.6325
10,6,en2fr,0,fr,4,0.6708
10,6,en2fr,0,fr,6,0.7559
11,6,de2fr,2,de,4,0.596
11,6,de2fr,2,de,6,0.5611
11,6,de2fr,2,fr,4,0.6992
11,6,de2fr,2,fr,6,0.7154
11,6,de2fr,3,de,4,0.6584
11,6,de2fr,3,de,6,0.5984
11,6,de2fr,3,fr,4,0.7344
11,6,de2fr,3,fr,6,0.7556
11,6,de2fr,6,de,4,0.6762
11,6,de2fr,6,de,6,0.6729
11,6,de2fr,6,fr,4,0.6179
11,6,de2fr,6,fr,6,0.76
11,6,de2fr,7,de,4,0.6422
11,6,de2fr,7,de,6,0.5856
11,6,de2fr,7,fr,4,0.7361
11,6,de2fr,7,fr,6,0.7502
11,6,de2fr,8,de,4,0.6154
11,6,de2fr,8,de,6,0.5554
11,6,de2fr,8,fr,4,0.7471
11,6,de2fr,8,fr,6,0.7032
11,6,en2fr,2,de,4,0.5998
11,6,en2fr,2,de,6,0.5772
11,6,en2fr,2,fr,4,0.7222
11,6,en2fr,2,fr,6,0.7814
11,6,en2fr,3,de,4,0.6536
11,6,en2fr,3,de,6,0.6495
11,6,en2fr,3,fr,4,0.6747
11,6,en2fr,3,fr,6,0.7543
11,6,en2fr,6,de,4,0.6688
11,6,en2fr,6,de,6,0.6395
11,6,en2fr,6,fr,4,0.7003
11,6,en2fr,6,fr,6,0.7786
11,6,en2fr,7,de,4,0.6336
11,6,en2fr,7,de,6,0.6006
11,6,en2fr,7,fr,4,0.7377
11,6,en2fr,7,fr,6,0.7697
11,6,en2fr,8,de,4,0.6693
11,6,en2fr,8,de,6,0.6665
11,6,en2fr,8,fr,4,0.6545
11,6,en2fr,8,fr,6,0.7771
11,6,en2fr,9,de,4,0.6577
11,6,en2fr,9,de,6,0.6122
11,6,en2fr,9,fr,4,0.7062
11,6,en2fr,9,fr,6,0.7282
11,6,en2fr,0,de,4,0.5856
11,6,en2fr,0,de,6,0.5915
11,6,en2fr,0,fr,4,0.6543
11,6,en2fr,0,fr,6,0.7371
12,6,de2fr,2,de,4,0.6167
12,6,de2fr,2,de,6,0.5288
12,6,de2fr,2,fr,4,0.7747
12,6,de2fr,2,fr,6,0.7317
12,6,de2fr,3,de,4,0.7021
12,6,de2fr,3,de,6,0.6265
12,6,de2fr,3,fr,4,0.7644
12,6,de2fr,3,fr,6,0.7681
12,6,de2fr,6,de,4,0.6783
12,6,de2fr,6,de,6,0.6219
12,6,de2fr,6,fr,4,0.7228
12,6,de2fr,6,fr,6,0.7725
12,6,de2fr,7,de,4,0.7038
12,6,de2fr,7,de,6,0.6153
12,6,de2fr,7,fr,4,0.7878
12,6,de2fr,7,fr,6,0.749
12,6,de2fr,8,de,4,0.6539
12,6,de2fr,8,de,6,0.552
12,6,de2fr,8,fr,4,0.7904
12,6,de2fr,8,fr,6,0.7333
12,6,en2fr,2,de,4,0.6795
12,6,en2fr,2,de,6,0.6161
12,6,en2fr,2,fr,4,0.7739
12,6,en2fr,2,fr,6,0.7937
12,6,en2fr,3,de,4,0.7141
12,6,en2fr,3,de,6,0.6854
12,6,en2fr,3,fr,4,0.7249
12,6,en2fr,3,fr,6,0.7738
12,6,en2fr,6,de,4,0.7146
12,6,en2fr,6,de,6,0.6574
12,6,en2fr,6,fr,4,0.7706
12,6,en2fr,6,fr,6,0.7872
12,6,en2fr,7,de,4,0.7001
12,6,en2fr,7,de,6,0.6404
12,6,en2fr,7,fr,4,0.7777
12,6,en2fr,7,fr,6,0.7845
12,6,en2fr,8,de,4,0.7098
12,6,en2fr,8,de,6,0.6855
12,6,en2fr,8,fr,4,0.704
12,6,en2fr,8,fr,6,0.7618
12,6,en2fr,9,de,4,0.7103
12,6,en2fr,9,de,6,0.6488
12,6,en2fr,9,fr,4,0.7875
12,6,en2fr,9,fr,6,0.7713
12,6,en2fr,0,de,4,0.6255
12,6,en2fr,0,de,6,0.5812
12,6,en2fr,0,fr,4,0.7405
12,6,en2fr,0,fr,6,0.7886
13,6,de2fr,2,de,4,0.5658
13,6,de2fr,2,de,6,0.5199
13,6,de2fr,2,fr,4,0.7439
13,6,de2fr,2,fr,6,0.6486
13,6,de2fr,3,de,4,0.6134
13,6,de2fr,3,de,6,0.5758
13,6,de2fr,3,fr,4,0.7376
13,6,de2fr,3,fr,6,0.72
13,6,de2fr,6,de,4,0.6613
13,6,de2fr,6,de,6,0.6429
13,6,de2fr,6,fr,4,0.6134
13,6,de2fr,6,fr,6,0.6728
13,6,de2fr,7,de,4,0.6383
13,6,de2fr,7,de,6,0.5918
13,6,de2fr,7,fr,4,0.7405
13,6,de2fr,7,fr,6,0.7113
13,6,de2fr,8,de,4,0.5366
13,6,de2fr,8,de,6,0.4971
13,6,de2fr,8,fr,4,0.7615
13,6,de2fr,8,fr,6,0.645
13,6,en2fr,2,de,4,0.6012
13,6,en2fr,2,de,6,0.5804
13,6,en2fr,2,fr,4,0.7542
13,6,en2fr,2,fr,6,0.7257
13,6,en2fr,3,de,4,0.6753
13,6,en2fr,3,de,6,0.6609
13,6,en2fr,3,fr,4,0.6543
13,6,en2fr,3,fr,6,0.7062
13,6,en2fr,6,de,4,0.6503
13,6,en2fr,6,de,6,0.6199
13,6,en2fr,6,fr,4,0.7094
13,6,en2fr,6,fr,6,0.7142
13,6,en2fr,7,de,4,0.6643
13,6,en2fr,7,de,6,0.6334
13,6,en2fr,7,fr,4,0.7076
13,6,en2fr,7,fr,6,0.7204
13,6,en2fr,8,de,4,0.6346
13,6,en2fr,8,de,6,0.6216
13,6,en2fr,8,fr,4,0.7105
13,6,en2fr,8,fr,6,0.7184
13,6,en2fr,9,de,4,0.6418
13,6,en2fr,9,de,6,0.6021
13,6,en2fr,9,fr,4,0.7109
13,6,en2fr,9,fr,6,0.6692
13,6,en2fr,0,de,4,0.6176
13,6,en2fr,0,de,6,0.6149
13,6,en2fr,0,fr,4,0.6358
13,6,en2fr,0,fr,6,0.7003
14,6,de2fr,2,de,4,0.5939
14,6,de2fr,2,de,6,0.5116
14,6,de2fr,2,fr,4,0.7835
14,6,de2fr,2,fr,6,0.7122
14,6,de2fr,3,de,4,0.641
14,6,de2fr,3,de,6,0.5488
14,6,de2fr,3,fr,4,0.7852
14,6,de2fr,3,fr,6,0.7607
14,6,de2fr,6,de,4,0.6586
14,6,de2fr,6,de,6,0.5925
14,6,de2fr,6,fr,4,0.7084
14,6,de2fr,6,fr,6,0.7299
14,6,de2fr,7,de,4,0.6302
14,6,de2fr,7,de,6,0.5382
14,6,de2fr,7,fr,4,0.7654
14,6,de2fr,7,fr,6,0.7252
14,6,de2fr,8,de,4,0.5161
14,6,de2fr,8,de,6,0.4369
14,6,de2fr,8,fr,4,0.7625
14,6,de2fr,8,fr,6,0.6664
14,6,en2fr,2,de,4,0.6057
14,6,en2fr,2,de,6,0.5392
14,6,en2fr,2,fr,4,0.7766
14,6,en2fr,2,fr,6,0.7681
14,6,en2fr,3,de,4,0.694
14,6,en2fr,3,de,6,0.6628
14,6,en2fr,3,fr,4,0.7302
14,6,en2fr,3,fr,6,0.7369
14,6,en2fr,6,de,4,0.6663
14,6,en2fr,6,de,6,0.5962
14,6,en2fr,6,fr,4,0.769
14,6,en2fr,6,fr,6,0.7542
14,6,en2fr,7,de,4,0.6466
14,6,en2fr,7,de,6,0.5712
14,6,en2fr,7,fr,4,0.782
14,6,en2fr,7,fr,6,0.7647
14,6,en2fr,8,de,4,0.6658
14,6,en2fr,8,de,6,0.5992
14,6,en2fr,8,fr,4,0.7793
14,6,en2fr,8,fr,6,0.7745
14,6,en2fr,9,de,4,0.6466
14,6,en2fr,9,de,6,0.5739
14,6,en2fr,9,fr,4,0.7785
14,6,en2fr,9,fr,6,0.7533
14,6,en2fr,0,de,4,0.6483
14,6,en2fr,0,de,6,0.5933
14,6,en2fr,0,fr,4,0.7318
14,6,en2fr,0,fr,6,0.7231
15,6,de2fr,2,de,4,0.6034
15,6,de2fr,2,de,6,0.5427
15,6,de2fr,2,fr,4,0.7916
15,6,de2fr,2,fr,6,0.6819
15,6,de2fr,3,de,4,0.6404
15,6,de2fr,3,de,6,0.5878
15,6,de2fr,3,fr,4,0.7231
15,6,de2fr,3,fr,6,0.7576
15,6,de2fr,6,de,4,0.641
15,6,de2fr,6,de,6,0.6181
15,6,de2fr,6,fr,4,0.6861
15,6,de2fr,6,fr,6,0.693
15,6,de2fr,7,de,4,0.5871
15,6,de2fr,7,de,6,0.5504
15,6,de2fr,7,fr,4,0.7352
15,6,de2fr,7,fr,6,0.6828
15,6,de2fr,8,de,4,0.5412
15,6,de2fr,8,de,6,0.4611
15,6,de2fr,8,fr,4,0.8016
15,6,de2fr,8,fr,6,0.6728
15,6,en2fr,2,de,4,0.562
15,6,en2fr,2,de,6,0.5314
15,6,en2fr,2,fr,4,0.7445
15,6,en2fr,2,fr,6,0.748
15,6,en2fr,3,de,4,0.6892
15,6,en2fr,3,de,6,0.6669
15,6,en2fr,3,fr,4,0.7263
15,6,en2fr,3,fr,6,0.719
15,6,en2fr,6,de,4,0.6265
15,6,en2fr,6,de,6,0.5845
15,6,en2fr,6,fr,4,0.7721
15,6,en2fr,6,fr,6,0.728
15,6,en2fr,7,de,4,0.6172
15,6,en2fr,7,de,6,0.5794
15,6,en2fr,7,fr,4,0.7636
15,6,en2fr,7,fr,6,0.7301
15,6,en2fr,8,de,4,0.6256
15,6,en2fr,8,de,6,0.5778
15,6,en2fr,8,fr,4,0.79
15,6,en2fr,8,fr,6,0.7398
15,6,en2fr,9,de,4,0.6422
15,6,en2fr,9,de,6,0.5934
15,6,en2fr,9,fr,4,0.7707
15,6,en2fr,9,fr,6,0.7197
15,6,en2fr,0,de,4,0.5996
15,6,en2fr,0,de,6,0.5853
15,6,en2fr,0,fr,4,0.6818
15,6,en2fr,0,fr,6,0.7237
16,6,de2fr,2,de,4,0.5721
16,6,de2fr,2,de,6,0.5151
16,6,de2fr,2,fr,4,0.7266
16,6,de2fr,2,fr,6,0.6989
16,6,de2fr,3,de,4,0.6629
16,6,de2fr,3,de,6,0.6011
16,6,de2fr,3,fr,4,0.7514
16,6,de2fr,3,fr,6,0.7587
16,6,de2fr,6,de,4,0.6247
16,6,de2fr,6,de,6,0.5892
16,6,de2fr,6,fr,4,0.6967
16,6,de2fr,6,fr,6,0.7469
16,6,de2fr,7,de,4,0.6111
16,6,de2fr,7,de,6,0.5559
16,6,de2fr,7,fr,4,0.7283
16,6,de2fr,7,fr,6,0.7019
16,6,de2fr,8,de,4,0.505
16,6,de2fr,8,de,6,0.4457
16,6,de2fr,8,fr,4,0.7942
16,6,de2fr,8,fr,6,0.67
16,6,en2fr,2,de,4,0.5913
16,6,en2fr,2,de,6,0.5387
16,6,en2fr,2,fr,4,0.755
16,6,en2fr,2,fr,6,0.7603
16,6,en2fr,3,de,4,0.6503
16,6,en2fr,3,de,6,0.6145
16,6,en2fr,3,fr,4,0.7157
16,6,en2fr,3,fr,6,0.7886
16,6,en2fr,6,de,4,0.6427
16,6,en2fr,6,de,6,0.5914
16,6,en2fr,6,fr,4,0.7516
16,6,en2fr,6,fr,6,0.7681
16,6,en2fr,7,de,4,0.6042
16,6,en2fr,7,de,6,0.555
16,6,en2fr,7,fr,4,0.7387
16,6,en2fr,7,fr,6,0.7649
16,6,en2fr,8,de,4,0.6621
16,6,en2fr,8,de,6,0.6192
16,6,en2fr,8,fr,4,0.7282
16,6,en2fr,8,fr,6,0.7728
16,6,en2fr,9,de,4,0.6882
16,6,en2fr,9,de,6,0.619
16,6,en2fr,9,fr,4,0.7178
16,6,en2fr,9,fr,6,0.7628
16,6,en2fr,0,de,4,0.6211
16,6,en2fr,0,de,6,0.5729
16,6,en2fr,0,fr,4,0.7123
16,6,en2fr,0,fr,6,0.7677
17,6,de2fr,2,de,4,0.5437
17,6,de2fr,2,de,6,0.5111
17,6,de2fr,2,fr,4,0.7733
17,6,de2fr,2,fr,6,0.6851
17,6,de2fr,3,de,4,0.6463
17,6,de2fr,3,de,6,0.6114
17,6,de2fr,3,fr,4,0.7713
17,6,de2fr,3,fr,6,0.7422
17,6,de2fr,6,de,4,0.6382
17,6,de2fr,6,de,6,0.6084
17,6,de2fr,6,fr,4,0.7508
17,6,de2fr,6,fr,6,0.7394
17,6,de2fr,7,de,4,0.5838
17,6,de2fr,7,de,6,0.5413
17,6,de2fr,7,fr,4,0.797
17,6,de2fr,7,fr,6,0.6846
17,6,de2fr,8,de,4,0.417
17,6,de2fr,8,de,6,0.3713
17,6,de2fr,8,fr,4,0.7438
17,6,de2fr,8,fr,6,0.5804
17,6,en2fr,2,de,4,0.5461
17,6,en2fr,2,de,6,0.5168
17,6,en2fr,2,fr,4,0.7692
17,6,en2fr,2,fr,6,0.7188
17,6,en2fr,3,de,4,0.643
17,6,en2fr,3,de,6,0.6309
17,6,en2fr,3,fr,4,0.7872
17,6,en2fr,3,fr,6,0.7505
17,6,en2fr,6,de,4,0.6565
17,6,en2fr,6,de,6,0.6128
17,6,en2fr,6,fr,4,0.8033
17,6,en2fr,6,fr,6,0.7445
17,6,en2fr,7,de,4,0.6125
17,6,en2fr,7,de,6,0.583
17,6,en2fr,7,fr,4,0.7859
17,6,en2fr,7,fr,6,0.7559
17,6,en2fr,8,de,4,0.6325
17,6,en2fr,8,de,6,0.6017
17,6,en2fr,8,fr,4,0.7839
17,6,en2fr,8,fr,6,0.758
17,6,en2fr,9,de,4,0.6577
17,6,en2fr,9,de,6,0.6288
17,6,en2fr,9,fr,4,0.7745
17,6,en2fr,9,fr,6,0.7125
17,6,en2fr,0,de,4,0.6025
17,6,en2fr,0,de,6,0.5915
17,6,en2fr,0,fr,4,0.7449
17,6,en2fr,0,fr,6,0.7578
18,6,de2fr,2,de,4,0.5653
18,6,de2fr,2,de,6,0.4891
18,6,de2fr,2,fr,4,0.7589
18,6,de2fr,2,fr,6,0.6892
18,6,de2fr,3,de,4,0.6836
18,6,de2fr,3,de,6,0.5971
18,6,de2fr,3,fr,4,0.7528
18,6,de2fr,3,fr,6,0.7508
18,6,de2fr,6,de,4,0.6238
18,6,de2fr,6,de,6,0.5556
18,6,de2fr,6,fr,4,0.6952
18,6,de2fr,6,fr,6,0.7218
18,6,de2fr,7,de,4,0.6193
18,6,de2fr,7,de,6,0.5409
18,6,de2fr,7,fr,4,0.7724
18,6,de2fr,7,fr,6,0.6796
18,6,de2fr,8,de,4,0.5639
18,6,de2fr,8,de,6,0.4837
18,6,de2fr,8,fr,4,0.7888
18,6,de2fr,8,fr,6,0.6772
18,6,en2fr,2,de,4,0.6306
18,6,en2fr,2,de,6,0.5551
18,6,en2fr,2,fr,4,0.7534
18,6,en2fr,2,fr,6,0.7415
18,6,en2fr,3,de,4,0.6722
18,6,en2fr,3,de,6,0.6132
18,6,en2fr,3,fr,4,0.7014
18,6,en2fr,3,fr,6,0.7527
18,6,en2fr,6,de,4,0.6521
18,6,en2fr,6,de,6,0.5621
18,6,en2fr,6,fr,4,0.7576
18,6,en2fr,6,fr,6,0.7232
18,6,en2fr,7,de,4,0.6462
18,6,en2fr,7,de,6,0.5673
18,6,en2fr,7,fr,4,0.7745
18,6,en2fr,7,fr,6,0.7571
18,6,en2fr,8,de,4,0.6524
18,6,en2fr,8,de,6,0.5803
18,6,en2fr,8,fr,4,0.7572
18,6,en2fr,8,fr,6,0.755
18,6,en2fr,9,de,4,0.6245
18,6,en2fr,9,de,6,0.5399
18,6,en2fr,9,fr,4,0.7612
18,6,en2fr,9,fr,6,0.716
18,6,en2fr,0,de,4,0.5959
18,6,en2fr,0,de,6,0.5303
18,6,en2fr,0,fr,4,0.7164
18,6,en2fr,0,fr,6,0.7337
19,6,de2fr,2,de,4,0.5511
19,6,de2fr,2,de,6,0.4462
19,6,de2fr,2,fr,4,0.7217
19,6,de2fr,2,fr,6,0.7345
19,6,de2fr,3,de,4,0.6004
19,6,de2fr,3,de,6,0.5203
19,6,de2fr,3,fr,4,0.749
19,6,de2fr,3,fr,6,0.7536
19,6,de2fr,6,de,4,0.5784
19,6,de2fr,6,de,6,0.5249
19,6,de2fr,6,fr,4,0.6919
19,6,de2fr,6,fr,6,0.7568
19,6,de2fr,7,de,4,0.5656
19,6,de2fr,7,de,6,0.4743
19,6,de2fr,7,fr,4,0.7357
19,6,de2fr,7,fr,6,0.7613
19,6,de2fr,8,de,4,0.4953
19,6,de2fr,8,de,6,0.4192
19,6,de2fr,8,fr,4,0.7474
19,6,de2fr,8,fr,6,0.7165
19,6,en2fr,2,de,4,0.5395
19,6,en2fr,2,de,6,0.4731
19,6,en2fr,2,fr,4,0.7506
19,6,en2fr,2,fr,6,0.7846
19,6,en2fr,3,de,4,0.6828
19,6,en2fr,3,de,6,0.6311
19,6,en2fr,3,fr,4,0.6817
19,6,en2fr,3,fr,6,0.7592
19,6,en2fr,6,de,4,0.6239
19,6,en2fr,6,de,6,0.5523
19,6,en2fr,6,fr,4,0.7349
19,6,en2fr,6,fr,6,0.7646
19,6,en2fr,7,de,4,0.623
19,6,en2fr,7,de,6,0.5462
19,6,en2fr,7,fr,4,0.7015
19,6,en2fr,7,fr,6,0.7701
19,6,en2fr,8,de,4,0.6626
19,6,en2fr,8,de,6,0.6064
19,6,en2fr,8,fr,4,0.6968
19,6,en2fr,8,fr,6,0.7534
19,6,en2fr,9,de,4,0.6393
19,6,en2fr,9,de,6,0.5492
19,6,en2fr,9,fr,4,0.7388
19,6,en2fr,9,fr,6,0.7691
19,6,en2fr,0,de,4,0.6099
19,6,en2fr,0,de,6,0.5744
19,6,en2fr,0,fr,4,0.6411
19,6,en2fr,0,fr,6,0.7263
20,6,de2fr,2,de,4,0.5196
20,6,de2fr,2,de,6,0.4447
20,6,de2fr,2,fr,4,0.7474
20,6,de2fr,2,fr,6,0.6937
20,6,de2fr,3,de,4,0.666
20,6,de2fr,3,de,6,0.5893
20,6,de2fr,3,fr,4,0.7683
20,6,de2fr,3,fr,6,0.7415
20,6,de2fr,6,de,4,0.6105
20,6,de2fr,6,de,6,0.5436
20,6,de2fr,6,fr,4,0.7498
20,6,de2fr,6,fr,6,0.7367
20,6,de2fr,7,de,4,0.5919
20,6,de2fr,7,de,6,0.5182
20,6,de2fr,7,fr,4,0.7704
20,6,de2fr,7,fr,6,0.6834
20,6,de2fr,8,de,4,0.6029
20,6,de2fr,8,de,6,0.5255
20,6,de2fr,8,fr,4,0.7731
20,6,de2fr,8,fr,6,0.692
20,6,en2fr,2,de,4,0.5989
20,6,en2fr,2,de,6,0.5257
20,6,en2fr,2,fr,4,0.7649
20,6,en2fr,2,fr,6,0.7617
20,6,en2fr,3,de,4,0.6975
20,6,en2fr,3,de,6,0.6622
20,6,en2fr,3,fr,4,0.7406
20,6,en2fr,3,fr,6,0.7333
20,6,en2fr,6,de,4,0.5385
20,6,en2fr,6,de,6,0.4715
20,6,en2fr,6,fr,4,0.7603
20,6,en2fr,6,fr,6,0.7548
20,6,en2fr,7,de,4,0.5412
20,6,en2fr,7,de,6,0.4754
20,6,en2fr,7,fr,4,0.7563
20,6,en2fr,7,fr,6,0.7381
20,6,en2fr,8,de,4,0.6483
20,6,en2fr,8,de,6,0.601
20,6,en2fr,8,fr,4,0.7642
20,6,en2fr,8,fr,6,0.7456
20,6,en2fr,9,de,4,0.6758
20,6,en2fr,9,de,6,0.6073
20,6,en2fr,9,fr,4,0.7749
20,6,en2fr,9,fr,6,0.7345
20,6,en2fr,0,de,4,0.6562
20,6,en2fr,0,de,6,0.5926
20,6,en2fr,0,fr,4,0.71
20,6,en2fr,0,fr,6,0.7402
21,6,de2fr,2,de,4,0.5709
21,6,de2fr,2,de,6,0.5239
21,6,de2fr,2,fr,4,0.7419
21,6,de2fr,2,fr,6,0.7412
21,6,de2fr,3,de,4,0.5816
21,6,de2fr,3,de,6,0.5282
21,6,de2fr,3,fr,4,0.748
21,6,de2fr,3,fr,6,0.7759
21,6,de2fr,6,de,4,0.6056
21,6,de2fr,6,de,6,0.573
21,6,de2fr,6,fr,4,0.7353
21,6,de2fr,6,fr,6,0.7599
21,6,de2fr,7,de,4,0.6263
21,6,de2fr,7,de,6,0.5691
21,6,de2fr,7,fr,4,0.7645
21,6,de2fr,7,fr,6,0.7698
21,6,de2fr,8,de,4,0.5443
21,6,de2fr,8,de,6,0.5088
21,6,de2fr,8,fr,4,0.818
21,6,de2fr,8,fr,6,0.7467
21,6,en2fr,2,de,4,0.5779
21,6,en2fr,2,de,6,0.5321
21,6,en2fr,2,fr,4,0.7648
21,6,en2fr,2,fr,6,0.8006
21,6,en2fr,3,de,4,0.6459
21,6,en2fr,3,de,6,0.6206
21,6,en2fr,3,fr,4,0.7171
21,6,en2fr,3,fr,6,0.7685
21,6,en2fr,6,de,4,0.5788
21,6,en2fr,6,de,6,0.5309
21,6,en2fr,6,fr,4,0.7566
21,6,en2fr,6,fr,6,0.7844
21,6,en2fr,7,de,4,0.5143
21,6,en2fr,7,de,6,0.4831
21,6,en2fr,7,fr,4,0.7756
21,6,en2fr,7,fr,6,0.7823
21,6,en2fr,8,de,4,0.5938
21,6,en2fr,8,de,6,0.5627
21,6,en2fr,8,fr,4,0.7467
21,6,en2fr,8,fr,6,0.7775
21,6,en2fr,9,de,4,0.6191
21,6,en2fr,9,de,6,0.5611
21,6,en2fr,9,fr,4,0.7765
21,6,en2fr,9,fr,6,0.794
21,6,en2fr,0,de,4,0.5985
21,6,en2fr,0,de,6,0.5628
21,6,en2fr,0,fr,4,0.6966
21,6,en2fr,0,fr,6,0.74
22,6,de2fr,2,de,4,0.4821
22,6,de2fr,2,de,6,0.4129
22,6,de2fr,2,fr,4,0.785
22,6,de2fr,2,fr,6,0.6867
22,6,de2fr,3,de,4,0.5673
22,6,de2fr,3,de,6,0.5013
22,6,de2fr,3,fr,4,0.74
22,6,de2fr,3,fr,6,0.7092
22,6,de2fr,6,de,4,0.632
22,6,de2fr,6,de,6,0.5888
22,6,de2fr,6,fr,4,0.7602
22,6,de2fr,6,fr,6,0.7371
22,6,de2fr,7,de,4,0.6194
22,6,de2fr,7,de,6,0.5338
22,6,de2fr,7,fr,4,0.8015
22,6,de2fr,7,fr,6,0.7491
22,6,de2fr,8,de,4,0.5443
22,6,de2fr,8,de,6,0.4543
22,6,de2fr,8,fr,4,0.8211
22,6,de2fr,8,fr,6,0.7176
22,6,en2fr,2,de,4,0.5415
22,6,en2fr,2,de,6,0.4776
22,6,en2fr,2,fr,4,0.7672
22,6,en2fr,2,fr,6,0.765
22,6,en2fr,3,de,4,0.6605
22,6,en2fr,3,de,6,0.64
22,6,en2fr,3,fr,4,0.7572
22,6,en2fr,3,fr,6,0.7722
22,6,en2fr,6,de,4,0.6476
22,6,en2fr,6,de,6,0.5833
22,6,en2fr,6,fr,4,0.7963
22,6,en2fr,6,fr,6,0.7506
22,6,en2fr,7,de,4,0.5357
22,6,en2fr,7,de,6,0.4786
22,6,en2fr,7,fr,4,0.7926
22,6,en2fr,7,fr,6,0.7348
22,6,en2fr,8,de,4,0.639
22,6,en2fr,8,de,6,0.5863
22,6,en2fr,8,fr,4,0.7662
22,6,en2fr,8,fr,6,0.7416
22,6,en2fr,9,de,4,0.6406
22,6,en2fr,9,de,6,0.5657
22,6,en2fr,9,fr,4,0.7964
22,6,en2fr,9,fr,6,0.7524
22,6,en2fr,0,de,4,0.6128
22,6,en2fr,0,de,6,0.5905
22,6,en2fr,0,fr,4,0.717
22,6,en2fr,0,fr,6,0.7637
23,6,de2fr,2,de,4,0.4607
23,6,de2fr,2,de,6,0.3924
23,6,de2fr,2,fr,4,0.7442
23,6,de2fr,2,fr,6,0.7428
23,6,de2fr,3,de,4,0.5517
23,6,de2fr,3,de,6,0.4858
23,6,de2fr,3,fr,4,0.738
23,6,de2fr,3,fr,6,0.7608
23,6,de2fr,6,de,4,0.5951
23,6,de2fr,6,de,6,0.5169
23,6,de2fr,6,fr,4,0.6949
23,6,de2fr,6,fr,6,0.758
23,6,de2fr,7,de,4,0.5432
23,6,de2fr,7,de,6,0.4776
23,6,de2fr,7,fr,4,0.7031
23,6,de2fr,7,fr,6,0.7443
23,6,de2fr,8,de,4,0.5557
23,6,de2fr,8,de,6,0.459
23,6,de2fr,8,fr,4,0.8003
23,6,de2fr,8,fr,6,0.7625
23,6,en2fr,2,de,4,0.5246
23,6,en2fr,2,de,6,0.4501
23,6,en2fr,2,fr,4,0.7709
23,6,en2fr,2,fr,6,0.8091
23,6,en2fr,3,de,4,0.6411
23,6,en2fr,3,de,6,0.5961
23,6,en2fr,3,fr,4,0.7289
23,6,en2fr,3,fr,6,0.7738
23,6,en2fr,6,de,4,0.5457
23,6,en2fr,6,de,6,0.4741
23,6,en2fr,6,fr,4,0.7787
23,6,en2fr,6,fr,6,0.7658
23,6,en2fr,7,de,4,0.4978
23,6,en2fr,7,de,6,0.4379
23,6,en2fr,7,fr,4,0.7571
23,6,en2fr,7,fr,6,0.7851
23,6,en2fr,8,de,4,0.611
23,6,en2fr,8,de,6,0.5527
23,6,en2fr,8,fr,4,0.7646
23,6,en2fr,8,fr,6,0.7824
23,6,en2fr,9,de,4,0.6225
23,6,en2fr,9,de,6,0.5433
23,6,en2fr,9,fr,4,0.7754
23,6,en2fr,9,fr,6,0.7791
23,6,en2fr,0,de,4,0.6372
23,6,en2fr,0,de,6,0.585
23,6,en2fr,0,fr,4,0.6647
23,6,en2fr,0,fr,6,0.7344
24,6,de2fr,2,de,4,0.5285
24,6,de2fr,2,de,6,0.3927
24,6,de2fr,2,fr,4,0.7434
24,6,de2fr,2,fr,6,0.7326
24,6,de2fr,3,de,4,0.6393
24,6,de2fr,3,de,6,0.5382
24,6,de2fr,3,fr,4,0.7111
24,6,de2fr,3,fr,6,0.7238
24,6,de2fr,6,de,4,0.5764
24,6,de2fr,6,de,6,0.4723
24,6,de2fr,6,fr,4,0.756
24,6,de2fr,6,fr,6,0.7249
24,6,de2fr,7,de,4,0.63
24,6,de2fr,7,de,6,0.5057
24,6,de2fr,7,fr,4,0.7932
24,6,de2fr,7,fr,6,0.7222
24,6,de2fr,8,de,4,0.4845
24,6,de2fr,8,de,6,0.3708
24,6,de2fr,8,fr,4,0.7839
24,6,de2fr,8,fr,6,0.7207
24,6,en2fr,2,de,4,0.5905
24,6,en2fr,2,de,6,0.4975
24,6,en2fr,2,fr,4,0.7653
24,6,en2fr,2,fr,6,0.7709
24,6,en2fr,3,de,4,0.664
24,6,en2fr,3,de,6,0.5752
24,6,en2fr,3,fr,4,0.7578
24,6,en2fr,3,fr,6,0.7607
24,6,en2fr,6,de,4,0.5956
24,6,en2fr,6,de,6,0.4808
24,6,en2fr,6,fr,4,0.7883
24,6,en2fr,6,fr,6,0.7582
24,6,en2fr,7,de,4,0.6049
24,6,en2fr,7,de,6,0.5058
24,6,en2fr,7,fr,4,0.7847
24,6,en2fr,7,fr,6,0.7645
24,6,en2fr,8,de,4,0.5218
24,6,en2fr,8,de,6,0.4267
24,6,en2fr,8,fr,4,0.7893
24,6,en2fr,8,fr,6,0.7633
24,6,en2fr,9,de,4,0.6387
24,6,en2fr,9,de,6,0.5464
24,6,en2fr,9,fr,4,0.7684
24,6,en2fr,9,fr,6,0.7396
24,6,en2fr,0,de,4,0.6608
24,6,en2fr,0,de,6,0.5598
24,6,en2fr,0,fr,4,0.6705
24,6,en2fr,0,fr,6,0.7031
25,6,de2fr,2,de,4,0.5863
25,6,de2fr,2,de,6,0.4654
25,6,de2fr,2,fr,4,0.7549
25,6,de2fr,2,fr,6,0.7211
25,6,de2fr,3,de,4,0.5922
25,6,de2fr,3,de,6,0.4881
25,6,de2fr,3,fr,4,0.7989
25,6,de2fr,3,fr,6,0.783
25,6,de2fr,6,de,4,0.6096
25,6,de2fr,6,de,6,0.5212
25,6,de2fr,6,fr,4,0.7852
25,6,de2fr,6,fr,6,0.7211
25,6,de2fr,7,de,4,0.6354
25,6,de2fr,7,de,6,0.5014
25,6,de2fr,7,fr,4,0.7408
25,6,de2fr,7,fr,6,0.7315
25,6,de2fr,8,de,4,0.5073
25,6,de2fr,8,de,6,0.3966
25,6,de2fr,8,fr,4,0.8119
25,6,de2fr,8,fr,6,0.7192
25,6,en2fr,2,de,4,0.597
25,6,en2fr,2,de,6,0.5119
25,6,en2fr,2,fr,4,0.7855
25,6,en2fr,2,fr,6,0.7664
25,6,en2fr,3,de,4,0.6487
25,6,en2fr,3,de,6,0.5585
25,6,en2fr,3,fr,4,0.745
25,6,en2fr,3,fr,6,0.7352
25,6,en2fr,6,de,4,0.691
25,6,en2fr,6,de,6,0.5742
25,6,en2fr,6,fr,4,0.7901
25,6,en2fr,6,fr,6,0.7721
25,6,en2fr,7,de,4,0.6211
25,6,en2fr,7,de,6,0.5309
25,6,en2fr,7,fr,4,0.78
25,6,en2fr,7,fr,6,0.7538
25,6,en2fr,8,de,4,0.6215
25,6,en2fr,8,de,6,0.5359
25,6,en2fr,8,fr,4,0.7978
25,6,en2fr,8,fr,6,0.7809
25,6,en2fr,9,de,4,0.6335
25,6,en2fr,9,de,6,0.5323
25,6,en2fr,9,fr,4,0.8062
25,6,en2fr,9,fr,6,0.7628
25,6,en2fr,0,de,4,0.6555
25,6,en2fr,0,de,6,0.5434
25,6,en2fr,0,fr,4,0.7037
25,6,en2fr,0,fr,6,0.7285
26,6,de2fr,2,de,4,0.574
26,6,de2fr,2,de,6,0.4435
26,6,de2fr,2,fr,4,0.7961
26,6,de2fr,2,fr,6,0.7548
26,6,de2fr,3,de,4,0.6583
26,6,de2fr,3,de,6,0.5514
26,6,de2fr,3,fr,4,0.7754
26,6,de2fr,3,fr,6,0.7818
26,6,de2fr,6,de,4,0.6495
26,6,de2fr,6,de,6,0.5565
26,6,de2fr,6,fr,4,0.7332
26,6,de2fr,6,fr,6,0.7171
26,6,de2fr,7,de,4,0.6088
26,6,de2fr,7,de,6,0.4732
26,6,de2fr,7,fr,4,0.7811
26,6,de2fr,7,fr,6,0.756
26,6,de2fr,8,de,4,0.539
26,6,de2fr,8,de,6,0.429
26,6,de2fr,8,fr,4,0.8012
26,6,de2fr,8,fr,6,0.7411
26,6,en2fr,2,de,4,0.6023
26,6,en2fr,2,de,6,0.492
26,6,en2fr,2,fr,4,0.7812
26,6,en2fr,2,fr,6,0.7777
26,6,en2fr,3,de,4,0.6599
26,6,en2fr,3,de,6,0.5752
26,6,en2fr,3,fr,4,0.7325
26,6,en2fr,3,fr,6,0.7456
26,6,en2fr,6,de,4,0.659
26,6,en2fr,6,de,6,0.5459
26,6,en2fr,6,fr,4,0.7769
26,6,en2fr,6,fr,6,0.7464
26,6,en2fr,7,de,4,0.5048
26,6,en2fr,7,de,6,0.408
26,6,en2fr,7,fr,4,0.7698
26,6,en2fr,7,fr,6,0.7459
26,6,en2fr,8,de,4,0.6063
26,6,en2fr,8,de,6,0.5203
26,6,en2fr,8,fr,4,0.7713
26,6,en2fr,8,fr,6,0.7497
26,6,en2fr,9,de,4,0.6454
26,6,en2fr,9,de,6,0.5572
26,6,en2fr,9,fr,4,0.7749
26,6,en2fr,9,fr,6,0.7484
26,6,en2fr,0,de,4,0.6678
26,6,en2fr,0,de,6,0.5587
26,6,en2fr,0,fr,4,0.6962
26,6,en2fr,0,fr,6,0.7366
27,6,de2fr,2,de,4,0.5994
27,6,de2fr,2,de,6,0.4602
27,6,de2fr,2,fr,4,0.7883
27,6,de2fr,2,fr,6,0.7429
27,6,de2fr,3,de,4,0.6788
27,6,de2fr,3,de,6,0.5914
27,6,de2fr,3,fr,4,0.769
27,6,de2fr,3,fr,6,0.7643
27,6,de2fr,6,de,4,0.5495
27,6,de2fr,6,de,6,0.4561
27,6,de2fr,6,fr,4,0.7445
27,6,de2fr,6,fr,6,0.7206
27,6,de2fr,7,de,4,0.5706
27,6,de2fr,7,de,6,0.4401
27,6,de2fr,7,fr,4,0.7638
27,6,de2fr,7,fr,6,0.7376
27,6,de2fr,8,de,4,0.5091
27,6,de2fr,8,de,6,0.3972
27,6,de2fr,8,fr,4,0.7942
27,6,de2fr,8,fr,6,0.7178
27,6,en2fr,2,de,4,0.6492
27,6,en2fr,2,de,6,0.5536
27,6,en2fr,2,fr,4,0.7648
27,6,en2fr,2,fr,6,0.7584
27,6,en2fr,3,de,4,0.6376
27,6,en2fr,3,de,6,0.5586
27,6,en2fr,3,fr,4,0.7774
27,6,en2fr,3,fr,6,0.7755
27,6,en2fr,6,de,4,0.6403
27,6,en2fr,6,de,6,0.5302
27,6,en2fr,6,fr,4,0.8095
27,6,en2fr,6,fr,6,0.7486
27,6,en2fr,7,de,4,0.5828
27,6,en2fr,7,de,6,0.487
27,6,en2fr,7,fr,4,0.7614
27,6,en2fr,7,fr,6,0.7556
27,6,en2fr,8,de,4,0.6268
27,6,en2fr,8,de,6,0.5416
27,6,en2fr,8,fr,4,0.7721
27,6,en2fr,8,fr,6,0.762
27,6,en2fr,9,de,4,0.6278
27,6,en2fr,9,de,6,0.5363
27,6,en2fr,9,fr,4,0.784
27,6,en2fr,9,fr,6,0.7717
27,6,en2fr,0,de,4,0.674
27,6,en2fr,0,de,6,0.5736
27,6,en2fr,0,fr,4,0.7128
27,6,en2fr,0,fr,6,0.7356
28,6,de2fr,2,de,4,0.5774
28,6,de2fr,2,de,6,0.4417
28,6,de2fr,2,fr,4,0.7697
28,6,de2fr,2,fr,6,0.7303
28,6,de2fr,3,de,4,0.6479
28,6,de2fr,3,de,6,0.5504
28,6,de2fr,3,fr,4,0.7947
28,6,de2fr,3,fr,6,0.7835
28,6,de2fr,6,de,4,0.6378
28,6,de2fr,6,de,6,0.5442
28,6,de2fr,6,fr,4,0.7075
28,6,de2fr,6,fr,6,0.719
28,6,de2fr,7,de,4,0.6305
28,6,de2fr,7,de,6,0.5035
28,6,de2fr,7,fr,4,0.7765
28,6,de2fr,7,fr,6,0.75
28,6,de2fr,8,de,4,0.5157
28,6,de2fr,8,de,6,0.3928
28,6,de2fr,8,fr,4,0.7876
28,6,de2fr,8,fr,6,0.7467
28,6,en2fr,2,de,4,0.6418
28,6,en2fr,2,de,6,0.5398
28,6,en2fr,2,fr,4,0.7666
28,6,en2fr,2,fr,6,0.777
28,6,en2fr,3,de,4,0.6512
28,6,en2fr,3,de,6,0.5765
28,6,en2fr,3,fr,4,0.7509
28,6,en2fr,3,fr,6,0.7724
28,6,en2fr,6,de,4,0.6321
28,6,en2fr,6,de,6,0.519
28,6,en2fr,6,fr,4,0.7906
28,6,en2fr,6,fr,6,0.7561
28,6,en2fr,7,de,4,0.6541
28,6,en2fr,7,de,6,0.56
28,6,en2fr,7,fr,4,0.7356
28,6,en2fr,7,fr,6,0.7589
28,6,en2fr,8,de,4,0.6006
28,6,en2fr,8,de,6,0.522
28,6,en2fr,8,fr,4,0.7844
28,6,en2fr,8,fr,6,0.7511
28,6,en2fr,9,de,4,0.6545
28,6,en2fr,9,de,6,0.5697
28,6,en2fr,9,fr,4,0.7915
28,6,en2fr,9,fr,6,0.7332
28,6,en2fr,0,de,4,0.6708
28,6,en2fr,0,de,6,0.5596
28,6,en2fr,0,fr,4,0.7107
28,6,en2fr,0,fr,6,0.7244
29,6,de2fr,2,de,4,0.5349
29,6,de2fr,2,de,6,0.408
29,6,de2fr,2,fr,4,0.7568
29,6,de2fr,2,fr,6,0.7351
29,6,de2fr,3,de,4,0.6488
29,6,de2fr,3,de,6,0.5529
29,6,de2fr,3,fr,4,0.7984
29,6,de2fr,3,fr,6,0.7732
29,6,de2fr,6,de,4,0.6563
29,6,de2fr,6,de,6,0.558
29,6,de2fr,6,fr,4,0.7157
29,6,de2fr,6,fr,6,0.7291
29,6,de2fr,7,de,4,0.5571
29,6,de2fr,7,de,6,0.4326
29,6,de2fr,7,fr,4,0.7911
29,6,de2fr,7,fr,6,0.7178
29,6,de2fr,8,de,4,0.4731
29,6,de2fr,8,de,6,0.3532
29,6,de2fr,8,fr,4,0.7647
29,6,de2fr,8,fr,6,0.6895
29,6,en2fr,2,de,4,0.64
29,6,en2fr,2,de,6,0.5448
29,6,en2fr,2,fr,4,0.7843
29,6,en2fr,2,fr,6,0.7883
29,6,en2fr,3,de,4,0.6605
29,6,en2fr,3,de,6,0.5778
29,6,en2fr,3,fr,4,0.7732
29,6,en2fr,3,fr,6,0.7565
29,6,en2fr,6,de,4,0.6352
29,6,en2fr,6,de,6,0.5298
29,6,en2fr,6,fr,4,0.7837
29,6,en2fr,6,fr,6,0.7509
29,6,en2fr,7,de,4,0.6265
29,6,en2fr,7,de,6,0.5316
29,6,en2fr,7,fr,4,0.7828
29,6,en2fr,7,fr,6,0.7652
29,6,en2fr,8,de,4,0.5798
29,6,en2fr,8,de,6,0.4744
29,6,en2fr,8,fr,4,0.7484
29,6,en2fr,8,fr,6,0.7201
29,6,en2fr,9,de,4,0.6559
29,6,en2fr,9,de,6,0.5746
29,6,en2fr,9,fr,4,0.7797
29,6,en2fr,9,fr,6,0.745
29,6,en2fr,0,de,4,0.6487
29,6,en2fr,0,de,6,0.5414
29,6,en2fr,0,fr,4,0.6956
29,6,en2fr,0,fr,6,0.7393
4,7,de2fr,2,de,4,0.8484
4,7,de2fr,2,de,6,0.8732
4,7,de2fr,2,fr,4,0.6738
4,7,de2fr,2,fr,6,0.6714
4,7,de2fr,3,de,4,0.8436
4,7,de2fr,3,de,6,0.8807
4,7,de2fr,3,fr,4,0.6531
4,7,de2fr,3,fr,6,0.6712
4,7,de2fr,6,de,4,0.8452
4,7,de2fr,6,de,6,0.8586
4,7,de2fr,6,fr,4,0.6492
4,7,de2fr,6,fr,6,0.6485
4,7,de2fr,7,de,4,0.8629
4,7,de2fr,7,de,6,0.8795
4,7,de2fr,7,fr,4,0.6622
4,7,de2fr,7,fr,6,0.6711
4,7,de2fr,8,de,4,0.8445
4,7,de2fr,8,de,6,0.8699
4,7,de2fr,8,fr,4,0.6765
4,7,de2fr,8,fr,6,0.6583
4,7,en2fr,2,de,4,0.7226
4,7,en2fr,2,de,6,0.7489
4,7,en2fr,2,fr,4,0.7052
4,7,en2fr,2,fr,6,0.7064
4,7,en2fr,3,de,4,0.697
4,7,en2fr,3,de,6,0.7396
4,7,en2fr,3,fr,4,0.6615
4,7,en2fr,3,fr,6,0.6598
4,7,en2fr,6,de,4,0.7019
4,7,en2fr,6,de,6,0.7387
4,7,en2fr,6,fr,4,0.7191
4,7,en2fr,6,fr,6,0.7053
4,7,en2fr,7,de,4,0.721
4,7,en2fr,7,de,6,0.7402
4,7,en2fr,7,fr,4,0.7133
4,7,en2fr,7,fr,6,0.6894
4,7,en2fr,8,de,4,0.6928
4,7,en2fr,8,de,6,0.7405
4,7,en2fr,8,fr,4,0.6959
4,7,en2fr,8,fr,6,0.7035
4,7,en2fr,9,de,4,0.7017
4,7,en2fr,9,de,6,0.7344
4,7,en2fr,9,fr,4,0.6991
4,7,en2fr,9,fr,6,0.6803
4,7,en2fr,0,de,4,0.6538
4,7,en2fr,0,de,6,0.6922
4,7,en2fr,0,fr,4,0.6643
4,7,en2fr,0,fr,6,0.6973
5,7,de2fr,2,de,4,0.7699
5,7,de2fr,2,de,6,0.7325
5,7,de2fr,2,fr,4,0.7258
5,7,de2fr,2,fr,6,0.6322
5,7,de2fr,3,de,4,0.7799
5,7,de2fr,3,de,6,0.77
5,7,de2fr,3,fr,4,0.7193
5,7,de2fr,3,fr,6,0.6529
5,7,de2fr,6,de,4,0.7653
5,7,de2fr,6,de,6,0.7556
5,7,de2fr,6,fr,4,0.7139
5,7,de2fr,6,fr,6,0.6298
5,7,de2fr,7,de,4,0.7691
5,7,de2fr,7,de,6,0.7464
5,7,de2fr,7,fr,4,0.7008
5,7,de2fr,7,fr,6,0.632
5,7,de2fr,8,de,4,0.7652
5,7,de2fr,8,de,6,0.7529
5,7,de2fr,8,fr,4,0.7179
5,7,de2fr,8,fr,6,0.6281
5,7,en2fr,2,de,4,0.7025
5,7,en2fr,2,de,6,0.6904
5,7,en2fr,2,fr,4,0.7565
5,7,en2fr,2,fr,6,0.6399
5,7,en2fr,3,de,4,0.7133
5,7,en2fr,3,de,6,0.7223
5,7,en2fr,3,fr,4,0.7237
5,7,en2fr,3,fr,6,0.64
5,7,en2fr,6,de,4,0.6719
5,7,en2fr,6,de,6,0.644
5,7,en2fr,6,fr,4,0.7592
5,7,en2fr,6,fr,6,0.6289
5,7,en2fr,7,de,4,0.725
5,7,en2fr,7,de,6,0.7099
5,7,en2fr,7,fr,4,0.7686
5,7,en2fr,7,fr,6,0.6717
5,7,en2fr,8,de,4,0.7014
5,7,en2fr,8,de,6,0.7093
5,7,en2fr,8,fr,4,0.7397
5,7,en2fr,8,fr,6,0.6554
5,7,en2fr,9,de,4,0.6955
5,7,en2fr,9,de,6,0.6854
5,7,en2fr,9,fr,4,0.765
5,7,en2fr,9,fr,6,0.6461
5,7,en2fr,0,de,4,0.7024
5,7,en2fr,0,de,6,0.6821
5,7,en2fr,0,fr,4,0.7631
5,7,en2fr,0,fr,6,0.6983
6,7,de2fr,2,de,4,0.7446
6,7,de2fr,2,de,6,0.6935
6,7,de2fr,2,fr,4,0.7695
6,7,de2fr,2,fr,6,0.7134
6,7,de2fr,3,de,4,0.7465
6,7,de2fr,3,de,6,0.7212
6,7,de2fr,3,fr,4,0.751
6,7,de2fr,3,fr,6,0.7086
6,7,de2fr,6,de,4,0.776
6,7,de2fr,6,de,6,0.7351
6,7,de2fr,6,fr,4,0.7636
6,7,de2fr,6,fr,6,0.7363
6,7,de2fr,7,de,4,0.7337
6,7,de2fr,7,de,6,0.7057
6,7,de2fr,7,fr,4,0.7605
6,7,de2fr,7,fr,6,0.7008
6,7,de2fr,8,de,4,0.742
6,7,de2fr,8,de,6,0.7064
6,7,de2fr,8,fr,4,0.7577
6,7,de2fr,8,fr,6,0.7058
6,7,en2fr,2,de,4,0.707
6,7,en2fr,2,de,6,0.6542
6,7,en2fr,2,fr,4,0.7601
6,7,en2fr,2,fr,6,0.7298
6,7,en2fr,3,de,4,0.6995
6,7,en2fr,3,de,6,0.6854
6,7,en2fr,3,fr,4,0.7772
6,7,en2fr,3,fr,6,0.7303
6,7,en2fr,6,de,4,0.6957
6,7,en2fr,6,de,6,0.6126
6,7,en2fr,6,fr,4,0.7412
6,7,en2fr,6,fr,6,0.7277
6,7,en2fr,7,de,4,0.7121
6,7,en2fr,7,de,6,0.6693
6,7,en2fr,7,fr,4,0.7883
6,7,en2fr,7,fr,6,0.7411
6,7,en2fr,8,de,4,0.6966
6,7,en2fr,8,de,6,0.6945
6,7,en2fr,8,fr,4,0.8013
6,7,en2fr,8,fr,6,0.7576
6,7,en2fr,9,de,4,0.6917
6,7,en2fr,9,de,6,0.6621
6,7,en2fr,9,fr,4,0.7944
6,7,en2fr,9,fr,6,0.7374
6,7,en2fr,0,de,4,0.6876
6,7,en2fr,0,de,6,0.6946
6,7,en2fr,0,fr,4,0.806
6,7,en2fr,0,fr,6,0.7821
7,7,de2fr,2,de,4,0.7036
7,7,de2fr,2,de,6,0.6847
7,7,de2fr,2,fr,4,0.7064
7,7,de2fr,2,fr,6,0.6607
7,7,de2fr,3,de,4,0.715
7,7,de2fr,3,de,6,0.6804
7,7,de2fr,3,fr,4,0.7431
7,7,de2fr,3,fr,6,0.7037
7,7,de2fr,6,de,4,0.7503
7,7,de2fr,6,de,6,0.711
7,7,de2fr,6,fr,4,0.7304
7,7,de2fr,6,fr,6,0.6781
7,7,de2fr,7,de,4,0.6937
7,7,de2fr,7,de,6,0.6518
7,7,de2fr,7,fr,4,0.736
7,7,de2fr,7,fr,6,0.6713
7,7,de2fr,8,de,4,0.6962
7,7,de2fr,8,de,6,0.656
7,7,de2fr,8,fr,4,0.7259
7,7,de2fr,8,fr,6,0.6452
7,7,en2fr,2,de,4,0.6987
7,7,en2fr,2,de,6,0.6799
7,7,en2fr,2,fr,4,0.7179
7,7,en2fr,2,fr,6,0.6842
7,7,en2fr,3,de,4,0.6807
7,7,en2fr,3,de,6,0.6718
7,7,en2fr,3,fr,4,0.7077
7,7,en2fr,3,fr,6,0.6689
7,7,en2fr,6,de,4,0.6664
7,7,en2fr,6,de,6,0.5874
7,7,en2fr,6,fr,4,0.7289
7,7,en2fr,6,fr,6,0.6931
7,7,en2fr,7,de,4,0.6713
7,7,en2fr,7,de,6,0.6118
7,7,en2fr,7,fr,4,0.7167
7,7,en2fr,7,fr,6,0.6758
7,7,en2fr,8,de,4,0.6611
7,7,en2fr,8,de,6,0.6452
7,7,en2fr,8,fr,4,0.7236
7,7,en2fr,8,fr,6,0.7287
7,7,en2fr,9,de,4,0.6957
7,7,en2fr,9,de,6,0.6733
7,7,en2fr,9,fr,4,0.7417
7,7,en2fr,9,fr,6,0.693
7,7,en2fr,0,de,4,0.7003
7,7,en2fr,0,de,6,0.6635
7,7,en2fr,0,fr,4,0.7758
7,7,en2fr,0,fr,6,0.7364
8,7,de2fr,2,de,4,0.7136
8,7,de2fr,2,de,6,0.6415
8,7,de2fr,2,fr,4,0.7809
8,7,de2fr,2,fr,6,0.705
8,7,de2fr,3,de,4,0.7067
8,7,de2fr,3,de,6,0.6478
8,7,de2fr,3,fr,4,0.7952
8,7,de2fr,3,fr,6,0.7366
8,7,de2fr,6,de,4,0.7215
8,7,de2fr,6,de,6,0.6835
8,7,de2fr,6,fr,4,0.7799
8,7,de2fr,6,fr,6,0.7469
8,7,de2fr,7,de,4,0.6602
8,7,de2fr,7,de,6,0.604
8,7,de2fr,7,fr,4,0.7698
8,7,de2fr,7,fr,6,0.6962
8,7,de2fr,8,de,4,0.6947
8,7,de2fr,8,de,6,0.6275
8,7,de2fr,8,fr,4,0.7892
8,7,de2fr,8,fr,6,0.7079
8,7,en2fr,2,de,4,0.6783
8,7,en2fr,2,de,6,0.6465
8,7,en2fr,2,fr,4,0.7891
8,7,en2fr,2,fr,6,0.742
8,7,en2fr,3,de,4,0.6781
8,7,en2fr,3,de,6,0.6503
8,7,en2fr,3,fr,4,0.774
8,7,en2fr,3,fr,6,0.7396
8,7,en2fr,6,de,4,0.6782
8,7,en2fr,6,de,6,0.6082
8,7,en2fr,6,fr,4,0.787
8,7,en2fr,6,fr,6,0.7423
8,7,en2fr,7,de,4,0.6464
8,7,en2fr,7,de,6,0.5759
8,7,en2fr,7,fr,4,0.7861
8,7,en2fr,7,fr,6,0.7099
8,7,en2fr,8,de,4,0.6936
8,7,en2fr,8,de,6,0.6896
8,7,en2fr,8,fr,4,0.7669
8,7,en2fr,8,fr,6,0.7429
8,7,en2fr,9,de,4,0.6677
8,7,en2fr,9,de,6,0.6493
8,7,en2fr,9,fr,4,0.7439
8,7,en2fr,9,fr,6,0.7248
8,7,en2fr,0,de,4,0.6485
8,7,en2fr,0,de,6,0.6067
8,7,en2fr,0,fr,4,0.7833
8,7,en2fr,0,fr,6,0.7765
9,7,de2fr,2,de,4,0.6608
9,7,de2fr,2,de,6,0.6044
9,7,de2fr,2,fr,4,0.7975
9,7,de2fr,2,fr,6,0.7226
9,7,de2fr,3,de,4,0.6552
9,7,de2fr,3,de,6,0.5692
9,7,de2fr,3,fr,4,0.7934
9,7,de2fr,3,fr,6,0.7101
9,7,de2fr,6,de,4,0.7156
9,7,de2fr,6,de,6,0.6648
9,7,de2fr,6,fr,4,0.7935
9,7,de2fr,6,fr,6,0.7376
9,7,de2fr,7,de,4,0.6326
9,7,de2fr,7,de,6,0.5568
9,7,de2fr,7,fr,4,0.7915
9,7,de2fr,7,fr,6,0.6917
9,7,de2fr,8,de,4,0.6837
9,7,de2fr,8,de,6,0.595
9,7,de2fr,8,fr,4,0.769
9,7,de2fr,8,fr,6,0.6916
9,7,en2fr,2,de,4,0.6513
9,7,en2fr,2,de,6,0.5937
9,7,en2fr,2,fr,4,0.79
9,7,en2fr,2,fr,6,0.7387
9,7,en2fr,3,de,4,0.6613
9,7,en2fr,3,de,6,0.6113
9,7,en2fr,3,fr,4,0.7446
9,7,en2fr,3,fr,6,0.6865
9,7,en2fr,6,de,4,0.636
9,7,en2fr,6,de,6,0.531
9,7,en2fr,6,fr,4,0.761
9,7,en2fr,6,fr,6,0.7149
9,7,en2fr,7,de,4,0.6713
9,7,en2fr,7,de,6,0.5698
9,7,en2fr,7,fr,4,0.7802
9,7,en2fr,7,fr,6,0.6983
9,7,en2fr,8,de,4,0.6785
9,7,en2fr,8,de,6,0.628
9,7,en2fr,8,fr,4,0.7839
9,7,en2fr,8,fr,6,0.7613
9,7,en2fr,9,de,4,0.6194
9,7,en2fr,9,de,6,0.5863
9,7,en2fr,9,fr,4,0.7435
9,7,en2fr,9,fr,6,0.6988
9,7,en2fr,0,de,4,0.6058
9,7,en2fr,0,de,6,0.5912
9,7,en2fr,0,fr,4,0.755
9,7,en2fr,0,fr,6,0.7502
10,7,de2fr,2,de,4,0.6545
10,7,de2fr,2,de,6,0.5811
10,7,de2fr,2,fr,4,0.7984
10,7,de2fr,2,fr,6,0.7251
10,7,de2fr,3,de,4,0.6885
10,7,de2fr,3,de,6,0.5942
10,7,de2fr,3,fr,4,0.7976
10,7,de2fr,3,fr,6,0.7673
10,7,de2fr,6,de,4,0.6847
10,7,de2fr,6,de,6,0.6647
10,7,de2fr,6,fr,4,0.7867
10,7,de2fr,6,fr,6,0.7566
10,7,de2fr,7,de,4,0.6532
10,7,de2fr,7,de,6,0.5758
10,7,de2fr,7,fr,4,0.8167
10,7,de2fr,7,fr,6,0.7468
10,7,de2fr,8,de,4,0.6656
10,7,de2fr,8,de,6,0.5808
10,7,de2fr,8,fr,4,0.7975
10,7,de2fr,8,fr,6,0.7189
10,7,en2fr,2,de,4,0.618
10,7,en2fr,2,de,6,0.5677
10,7,en2fr,2,fr,4,0.7802
10,7,en2fr,2,fr,6,0.7466
10,7,en2fr,3,de,4,0.6498
10,7,en2fr,3,de,6,0.5975
10,7,en2fr,3,fr,4,0.7794
10,7,en2fr,3,fr,6,0.731
10,7,en2fr,6,de,4,0.6658
10,7,en2fr,6,de,6,0.5559
10,7,en2fr,6,fr,4,0.7865
10,7,en2fr,6,fr,6,0.7487
10,7,en2fr,7,de,4,0.6129
10,7,en2fr,7,de,6,0.5234
10,7,en2fr,7,fr,4,0.8062
10,7,en2fr,7,fr,6,0.739
10,7,en2fr,8,de,4,0.6855
10,7,en2fr,8,de,6,0.6503
10,7,en2fr,8,fr,4,0.7516
10,7,en2fr,8,fr,6,0.7464
10,7,en2fr,9,de,4,0.6621
10,7,en2fr,9,de,6,0.6195
10,7,en2fr,9,fr,4,0.7428
10,7,en2fr,9,fr,6,0.7201
10,7,en2fr,0,de,4,0.6246
10,7,en2fr,0,de,6,0.6287
10,7,en2fr,0,fr,4,0.7376
10,7,en2fr,0,fr,6,0.7501
11,7,de2fr,2,de,4,0.6402
11,7,de2fr,2,de,6,0.6181
11,7,de2fr,2,fr,4,0.7426
11,7,de2fr,2,fr,6,0.7344
11,7,de2fr,3,de,4,0.641
11,7,de2fr,3,de,6,0.5656
11,7,de2fr,3,fr,4,0.7779
11,7,de2fr,3,fr,6,0.7513
11,7,de2fr,6,de,4,0.6573
11,7,de2fr,6,de,6,0.6645
11,7,de2fr,6,fr,4,0.7107
11,7,de2fr,6,fr,6,0.7244
11,7,de2fr,7,de,4,0.6448
11,7,de2fr,7,de,6,0.5756
11,7,de2fr,7,fr,4,0.7764
11,7,de2fr,7,fr,6,0.7468
11,7,de2fr,8,de,4,0.6379
11,7,de2fr,8,de,6,0.5994
11,7,de2fr,8,fr,4,0.7522
11,7,de2fr,8,fr,6,0.7111
11,7,en2fr,2,de,4,0.6094
11,7,en2fr,2,de,6,0.581
11,7,en2fr,2,fr,4,0.7568
11,7,en2fr,2,fr,6,0.7722
11,7,en2fr,3,de,4,0.6407
11,7,en2fr,3,de,6,0.6213
11,7,en2fr,3,fr,4,0.7329
11,7,en2fr,3,fr,6,0.713
11,7,en2fr,6,de,4,0.6416
11,7,en2fr,6,de,6,0.6038
11,7,en2fr,6,fr,4,0.7675
11,7,en2fr,6,fr,6,0.771
11,7,en2fr,7,de,4,0.6289
11,7,en2fr,7,de,6,0.5596
11,7,en2fr,7,fr,4,0.7734
11,7,en2fr,7,fr,6,0.7276
11,7,en2fr,8,de,4,0.6614
11,7,en2fr,8,de,6,0.6718
11,7,en2fr,8,fr,4,0.72
11,7,en2fr,8,fr,6,0.7395
11,7,en2fr,9,de,4,0.6363
11,7,en2fr,9,de,6,0.6179
11,7,en2fr,9,fr,4,0.7265
11,7,en2fr,9,fr,6,0.7244
11,7,en2fr,0,de,4,0.5881
11,7,en2fr,0,de,6,0.6002
11,7,en2fr,0,fr,4,0.7102
11,7,en2fr,0,fr,6,0.7183
12,7,de2fr,2,de,4,0.6829
12,7,de2fr,2,de,6,0.606
12,7,de2fr,2,fr,4,0.7663
12,7,de2fr,2,fr,6,0.7371
12,7,de2fr,3,de,4,0.6818
12,7,de2fr,3,de,6,0.5736
12,7,de2fr,3,fr,4,0.8077
12,7,de2fr,3,fr,6,0.7912
12,7,de2fr,6,de,4,0.6494
12,7,de2fr,6,de,6,0.5864
12,7,de2fr,6,fr,4,0.746
12,7,de2fr,6,fr,6,0.7512
12,7,de2fr,7,de,4,0.7153
12,7,de2fr,7,de,6,0.6047
12,7,de2fr,7,fr,4,0.8295
12,7,de2fr,7,fr,6,0.7871
12,7,de2fr,8,de,4,0.6831
12,7,de2fr,8,de,6,0.5968
12,7,de2fr,8,fr,4,0.7864
12,7,de2fr,8,fr,6,0.742
12,7,en2fr,2,de,4,0.6631
12,7,en2fr,2,de,6,0.57
12,7,en2fr,2,fr,4,0.7884
12,7,en2fr,2,fr,6,0.7759
12,7,en2fr,3,de,4,0.6878
12,7,en2fr,3,de,6,0.6329
12,7,en2fr,3,fr,4,0.7326
12,7,en2fr,3,fr,6,0.7351
12,7,en2fr,6,de,4,0.6891
12,7,en2fr,6,de,6,0.5889
12,7,en2fr,6,fr,4,0.7898
12,7,en2fr,6,fr,6,0.7788
12,7,en2fr,7,de,4,0.6502
12,7,en2fr,7,de,6,0.5366
12,7,en2fr,7,fr,4,0.78
12,7,en2fr,7,fr,6,0.7599
12,7,en2fr,8,de,4,0.6986
12,7,en2fr,8,de,6,0.6812
12,7,en2fr,8,fr,4,0.7251
12,7,en2fr,8,fr,6,0.7461
12,7,en2fr,9,de,4,0.6999
12,7,en2fr,9,de,6,0.6455
12,7,en2fr,9,fr,4,0.7599
12,7,en2fr,9,fr,6,0.7665
12,7,en2fr,0,de,4,0.6185
12,7,en2fr,0,de,6,0.5593
12,7,en2fr,0,fr,4,0.781
12,7,en2fr,0,fr,6,0.7807
13,7,de2fr,2,de,4,0.6599
13,7,de2fr,2,de,6,0.5988
13,7,de2fr,2,fr,4,0.7706
13,7,de2fr,2,fr,6,0.6777
13,7,de2fr,3,de,4,0.5816
13,7,de2fr,3,de,6,0.4998
13,7,de2fr,3,fr,4,0.7677
13,7,de2fr,3,fr,6,0.6982
13,7,de2fr,6,de,4,0.6592
13,7,de2fr,6,de,6,0.6464
13,7,de2fr,6,fr,4,0.6949
13,7,de2fr,6,fr,6,0.6365
13,7,de2fr,7,de,4,0.6839
13,7,de2fr,7,de,6,0.6249
13,7,de2fr,7,fr,4,0.7904
13,7,de2fr,7,fr,6,0.6937
13,7,de2fr,8,de,4,0.6166
13,7,de2fr,8,de,6,0.5666
13,7,de2fr,8,fr,4,0.778
13,7,de2fr,8,fr,6,0.6696
13,7,en2fr,2,de,4,0.6031
13,7,en2fr,2,de,6,0.5569
13,7,en2fr,2,fr,4,0.7787
13,7,en2fr,2,fr,6,0.6932
13,7,en2fr,3,de,4,0.6638
13,7,en2fr,3,de,6,0.6459
13,7,en2fr,3,fr,4,0.6921
13,7,en2fr,3,fr,6,0.6551
13,7,en2fr,6,de,4,0.6413
13,7,en2fr,6,de,6,0.5926
13,7,en2fr,6,fr,4,0.7688
13,7,en2fr,6,fr,6,0.6976
13,7,en2fr,7,de,4,0.6188
13,7,en2fr,7,de,6,0.5539
13,7,en2fr,7,fr,4,0.7831
13,7,en2fr,7,fr,6,0.6789
13,7,en2fr,8,de,4,0.6591
13,7,en2fr,8,de,6,0.6498
13,7,en2fr,8,fr,4,0.7427
13,7,en2fr,8,fr,6,0.6905
13,7,en2fr,9,de,4,0.6308
13,7,en2fr,9,de,6,0.6119
13,7,en2fr,9,fr,4,0.728
13,7,en2fr,9,fr,6,0.6529
13,7,en2fr,0,de,4,0.6192
13,7,en2fr,0,de,6,0.6131
13,7,en2fr,0,fr,4,0.7105
13,7,en2fr,0,fr,6,0.6808
14,7,de2fr,2,de,4,0.6729
14,7,de2fr,2,de,6,0.5974
14,7,de2fr,2,fr,4,0.7928
14,7,de2fr,2,fr,6,0.7362
14,7,de2fr,3,de,4,0.6652
14,7,de2fr,3,de,6,0.5578
14,7,de2fr,3,fr,4,0.8169
14,7,de2fr,3,fr,6,0.7576
14,7,de2fr,6,de,4,0.6786
14,7,de2fr,6,de,6,0.6126
14,7,de2fr,6,fr,4,0.7448
14,7,de2fr,6,fr,6,0.724
14,7,de2fr,7,de,4,0.6419
14,7,de2fr,7,de,6,0.5653
14,7,de2fr,7,fr,4,0.7749
14,7,de2fr,7,fr,6,0.7356
14,7,de2fr,8,de,4,0.6402
14,7,de2fr,8,de,6,0.5666
14,7,de2fr,8,fr,4,0.7814
14,7,de2fr,8,fr,6,0.7157
14,7,en2fr,2,de,4,0.6158
14,7,en2fr,2,de,6,0.5391
14,7,en2fr,2,fr,4,0.8135
14,7,en2fr,2,fr,6,0.7641
14,7,en2fr,3,de,4,0.6675
14,7,en2fr,3,de,6,0.6568
14,7,en2fr,3,fr,4,0.7441
14,7,en2fr,3,fr,6,0.7326
14,7,en2fr,6,de,4,0.646
14,7,en2fr,6,de,6,0.5653
14,7,en2fr,6,fr,4,0.8027
14,7,en2fr,6,fr,6,0.776
14,7,en2fr,7,de,4,0.6243
14,7,en2fr,7,de,6,0.5292
14,7,en2fr,7,fr,4,0.8291
14,7,en2fr,7,fr,6,0.7708
14,7,en2fr,8,de,4,0.681
14,7,en2fr,8,de,6,0.6214
14,7,en2fr,8,fr,4,0.7774
14,7,en2fr,8,fr,6,0.7665
14,7,en2fr,9,de,4,0.6477
14,7,en2fr,9,de,6,0.6219
14,7,en2fr,9,fr,4,0.725
14,7,en2fr,9,fr,6,0.7249
14,7,en2fr,0,de,4,0.6224
14,7,en2fr,0,de,6,0.5609
14,7,en2fr,0,fr,4,0.7688
14,7,en2fr,0,fr,6,0.7441
15,7,de2fr,2,de,4,0.7001
15,7,de2fr,2,de,6,0.6366
15,7,de2fr,2,fr,4,0.7798
15,7,de2fr,2,fr,6,0.6876
15,7,de2fr,3,de,4,0.677
15,7,de2fr,3,de,6,0.6054
15,7,de2fr,3,fr,4,0.7713
15,7,de2fr,3,fr,6,0.7612
15,7,de2fr,6,de,4,0.6244
15,7,de2fr,6,de,6,0.6376
15,7,de2fr,6,fr,4,0.7477
15,7,de2fr,6,fr,6,0.6833
15,7,de2fr,7,de,4,0.6453
15,7,de2fr,7,de,6,0.6029
15,7,de2fr,7,fr,4,0.8071
15,7,de2fr,7,fr,6,0.7184
15,7,de2fr,8,de,4,0.6481
15,7,de2fr,8,de,6,0.573
15,7,de2fr,8,fr,4,0.8123
15,7,de2fr,8,fr,6,0.7058
15,7,en2fr,2,de,4,0.6284
15,7,en2fr,2,de,6,0.5868
15,7,en2fr,2,fr,4,0.7937
15,7,en2fr,2,fr,6,0.7292
15,7,en2fr,3,de,4,0.673
15,7,en2fr,3,de,6,0.6307
15,7,en2fr,3,fr,4,0.7488
15,7,en2fr,3,fr,6,0.6934
15,7,en2fr,6,de,4,0.6271
15,7,en2fr,6,de,6,0.5581
15,7,en2fr,6,fr,4,0.8085
15,7,en2fr,6,fr,6,0.7182
15,7,en2fr,7,de,4,0.5658
15,7,en2fr,7,de,6,0.5063
15,7,en2fr,7,fr,4,0.824
15,7,en2fr,7,fr,6,0.6781
15,7,en2fr,8,de,4,0.6522
15,7,en2fr,8,de,6,0.6276
15,7,en2fr,8,fr,4,0.7872
15,7,en2fr,8,fr,6,0.7057
15,7,en2fr,9,de,4,0.6668
15,7,en2fr,9,de,6,0.637
15,7,en2fr,9,fr,4,0.7431
15,7,en2fr,9,fr,6,0.7205
15,7,en2fr,0,de,4,0.5746
15,7,en2fr,0,de,6,0.5714
15,7,en2fr,0,fr,4,0.7245
15,7,en2fr,0,fr,6,0.727
16,7,de2fr,2,de,4,0.6799
16,7,de2fr,2,de,6,0.6172
16,7,de2fr,2,fr,4,0.7441
16,7,de2fr,2,fr,6,0.7351
16,7,de2fr,3,de,4,0.671
16,7,de2fr,3,de,6,0.5949
16,7,de2fr,3,fr,4,0.764
16,7,de2fr,3,fr,6,0.7544
16,7,de2fr,6,de,4,0.6346
16,7,de2fr,6,de,6,0.6014
16,7,de2fr,6,fr,4,0.7368
16,7,de2fr,6,fr,6,0.7214
16,7,de2fr,7,de,4,0.6131
16,7,de2fr,7,de,6,0.5675
16,7,de2fr,7,fr,4,0.7648
16,7,de2fr,7,fr,6,0.6996
16,7,de2fr,8,de,4,0.6067
16,7,de2fr,8,de,6,0.5303
16,7,de2fr,8,fr,4,0.7934
16,7,de2fr,8,fr,6,0.7144
16,7,en2fr,2,de,4,0.6493
16,7,en2fr,2,de,6,0.5924
16,7,en2fr,2,fr,4,0.766
16,7,en2fr,2,fr,6,0.744
16,7,en2fr,3,de,4,0.6661
16,7,en2fr,3,de,6,0.6172
16,7,en2fr,3,fr,4,0.7587
16,7,en2fr,3,fr,6,0.753
16,7,en2fr,6,de,4,0.6441
16,7,en2fr,6,de,6,0.5804
16,7,en2fr,6,fr,4,0.7972
16,7,en2fr,6,fr,6,0.7589
16,7,en2fr,7,de,4,0.5472
16,7,en2fr,7,de,6,0.4689
16,7,en2fr,7,fr,4,0.8002
16,7,en2fr,7,fr,6,0.7158
16,7,en2fr,8,de,4,0.6734
16,7,en2fr,8,de,6,0.635
16,7,en2fr,8,fr,4,0.7275
16,7,en2fr,8,fr,6,0.7258
16,7,en2fr,9,de,4,0.6916
16,7,en2fr,9,de,6,0.6424
16,7,en2fr,9,fr,4,0.7145
16,7,en2fr,9,fr,6,0.7483
16,7,en2fr,0,de,4,0.5829
16,7,en2fr,0,de,6,0.5457
16,7,en2fr,0,fr,4,0.7519
16,7,en2fr,0,fr,6,0.7584
17,7,de2fr,2,de,4,0.6478
17,7,de2fr,2,de,6,0.619
17,7,de2fr,2,fr,4,0.7924
17,7,de2fr,2,fr,6,0.7543
17,7,de2fr,3,de,4,0.645
17,7,de2fr,3,de,6,0.589
17,7,de2fr,3,fr,4,0.7963
17,7,de2fr,3,fr,6,0.7583
17,7,de2fr,6,de,4,0.6227
17,7,de2fr,6,de,6,0.6146
17,7,de2fr,6,fr,4,0.7639
17,7,de2fr,6,fr,6,0.7349
17,7,de2fr,7,de,4,0.612
17,7,de2fr,7,de,6,0.5744
17,7,de2fr,7,fr,4,0.8096
17,7,de2fr,7,fr,6,0.7429
17,7,de2fr,8,de,4,0.5311
17,7,de2fr,8,de,6,0.4595
17,7,de2fr,8,fr,4,0.7931
17,7,de2fr,8,fr,6,0.6674
17,7,en2fr,2,de,4,0.6129
17,7,en2fr,2,de,6,0.5835
17,7,en2fr,2,fr,4,0.7927
17,7,en2fr,2,fr,6,0.7436
17,7,en2fr,3,de,4,0.6453
17,7,en2fr,3,de,6,0.6495
17,7,en2fr,3,fr,4,0.7752
17,7,en2fr,3,fr,6,0.7476
17,7,en2fr,6,de,4,0.637
17,7,en2fr,6,de,6,0.5845
17,7,en2fr,6,fr,4,0.802
17,7,en2fr,6,fr,6,0.7435
17,7,en2fr,7,de,4,0.5737
17,7,en2fr,7,de,6,0.5306
17,7,en2fr,7,fr,4,0.8109
17,7,en2fr,7,fr,6,0.7207
17,7,en2fr,8,de,4,0.6551
17,7,en2fr,8,de,6,0.6463
17,7,en2fr,8,fr,4,0.783
17,7,en2fr,8,fr,6,0.7868
17,7,en2fr,9,de,4,0.6262
17,7,en2fr,9,de,6,0.6327
17,7,en2fr,9,fr,4,0.7176
17,7,en2fr,9,fr,6,0.7127
17,7,en2fr,0,de,4,0.5706
17,7,en2fr,0,de,6,0.5694
17,7,en2fr,0,fr,4,0.746
17,7,en2fr,0,fr,6,0.7403
18,7,de2fr,2,de,4,0.6858
18,7,de2fr,2,de,6,0.6383
18,7,de2fr,2,fr,4,0.7782
18,7,de2fr,2,fr,6,0.738
18,7,de2fr,3,de,4,0.6246
18,7,de2fr,3,de,6,0.5286
18,7,de2fr,3,fr,4,0.7875
18,7,de2fr,3,fr,6,0.7287
18,7,de2fr,6,de,4,0.6416
18,7,de2fr,6,de,6,0.6213
18,7,de2fr,6,fr,4,0.7702
18,7,de2fr,6,fr,6,0.6968
18,7,de2fr,7,de,4,0.634
18,7,de2fr,7,de,6,0.5903
18,7,de2fr,7,fr,4,0.8083
18,7,de2fr,7,fr,6,0.7168
18,7,de2fr,8,de,4,0.6441
18,7,de2fr,8,de,6,0.588
18,7,de2fr,8,fr,4,0.8082
18,7,de2fr,8,fr,6,0.7315
18,7,en2fr,2,de,4,0.6369
18,7,en2fr,2,de,6,0.5861
18,7,en2fr,2,fr,4,0.792
18,7,en2fr,2,fr,6,0.7185
18,7,en2fr,3,de,4,0.6472
18,7,en2fr,3,de,6,0.6278
18,7,en2fr,3,fr,4,0.787
18,7,en2fr,3,fr,6,0.7267
18,7,en2fr,6,de,4,0.6348
18,7,en2fr,6,de,6,0.5689
18,7,en2fr,6,fr,4,0.8154
18,7,en2fr,6,fr,6,0.7325
18,7,en2fr,7,de,4,0.5535
18,7,en2fr,7,de,6,0.4822
18,7,en2fr,7,fr,4,0.8149
18,7,en2fr,7,fr,6,0.7248
18,7,en2fr,8,de,4,0.6379
18,7,en2fr,8,de,6,0.6116
18,7,en2fr,8,fr,4,0.8026
18,7,en2fr,8,fr,6,0.7485
18,7,en2fr,9,de,4,0.6338
18,7,en2fr,9,de,6,0.6019
18,7,en2fr,9,fr,4,0.7542
18,7,en2fr,9,fr,6,0.7165
18,7,en2fr,0,de,4,0.5731
18,7,en2fr,0,de,6,0.5534
18,7,en2fr,0,fr,4,0.7503
18,7,en2fr,0,fr,6,0.7277
19,7,de2fr,2,de,4,0.6782
19,7,de2fr,2,de,6,0.627
19,7,de2fr,2,fr,4,0.7785
19,7,de2fr,2,fr,6,0.7387
19,7,de2fr,3,de,4,0.6262
19,7,de2fr,3,de,6,0.5491
19,7,de2fr,3,fr,4,0.8144
19,7,de2fr,3,fr,6,0.7567
19,7,de2fr,6,de,4,0.5742
19,7,de2fr,6,de,6,0.5465
19,7,de2fr,6,fr,4,0.7356
19,7,de2fr,6,fr,6,0.7204
19,7,de2fr,7,de,4,0.604
19,7,de2fr,7,de,6,0.5316
19,7,de2fr,7,fr,4,0.8171
19,7,de2fr,7,fr,6,0.7674
19,7,de2fr,8,de,4,0.6281
19,7,de2fr,8,de,6,0.585
19,7,de2fr,8,fr,4,0.7745
19,7,de2fr,8,fr,6,0.7303
19,7,en2fr,2,de,4,0.5702
19,7,en2fr,2,de,6,0.5201
19,7,en2fr,2,fr,4,0.7911
19,7,en2fr,2,fr,6,0.7586
19,7,en2fr,3,de,4,0.6599
19,7,en2fr,3,de,6,0.6331
19,7,en2fr,3,fr,4,0.7305
19,7,en2fr,3,fr,6,0.726
19,7,en2fr,6,de,4,0.6185
19,7,en2fr,6,de,6,0.5606
19,7,en2fr,6,fr,4,0.8032
19,7,en2fr,6,fr,6,0.7542
19,7,en2fr,7,de,4,0.6024
19,7,en2fr,7,de,6,0.5365
19,7,en2fr,7,fr,4,0.7774
19,7,en2fr,7,fr,6,0.7494
19,7,en2fr,8,de,4,0.6633
19,7,en2fr,8,de,6,0.6497
19,7,en2fr,8,fr,4,0.7088
19,7,en2fr,8,fr,6,0.7432
19,7,en2fr,9,de,4,0.641
19,7,en2fr,9,de,6,0.6017
19,7,en2fr,9,fr,4,0.7143
19,7,en2fr,9,fr,6,0.7148
19,7,en2fr,0,de,4,0.5667
19,7,en2fr,0,de,6,0.5687
19,7,en2fr,0,fr,4,0.6643
19,7,en2fr,0,fr,6,0.6911
20,7,de2fr,2,de,4,0.6485
20,7,de2fr,2,de,6,0.5933
20,7,de2fr,2,fr,4,0.8094
20,7,de2fr,2,fr,6,0.7341
20,7,de2fr,3,de,4,0.6738
20,7,de2fr,3,de,6,0.5786
20,7,de2fr,3,fr,4,0.8032
20,7,de2fr,3,fr,6,0.7511
20,7,de2fr,6,de,4,0.5675
20,7,de2fr,6,de,6,0.5133
20,7,de2fr,6,fr,4,0.7895
20,7,de2fr,6,fr,6,0.7046
20,7,de2fr,7,de,4,0.633
20,7,de2fr,7,de,6,0.5635
20,7,de2fr,7,fr,4,0.8131
20,7,de2fr,7,fr,6,0.719
20,7,de2fr,8,de,4,0.6667
20,7,de2fr,8,de,6,0.5976
20,7,de2fr,8,fr,4,0.8102
20,7,de2fr,8,fr,6,0.7195
20,7,en2fr,2,de,4,0.6538
20,7,en2fr,2,de,6,0.5929
20,7,en2fr,2,fr,4,0.7939
20,7,en2fr,2,fr,6,0.7427
20,7,en2fr,3,de,4,0.6707
20,7,en2fr,3,de,6,0.6573
20,7,en2fr,3,fr,4,0.7461
20,7,en2fr,3,fr,6,0.7072
20,7,en2fr,6,de,4,0.5755
20,7,en2fr,6,de,6,0.4822
20,7,en2fr,6,fr,4,0.7911
20,7,en2fr,6,fr,6,0.7631
20,7,en2fr,7,de,4,0.5473
20,7,en2fr,7,de,6,0.4564
20,7,en2fr,7,fr,4,0.7846
20,7,en2fr,7,fr,6,0.7292
20,7,en2fr,8,de,4,0.6639
20,7,en2fr,8,de,6,0.6415
20,7,en2fr,8,fr,4,0.7582
20,7,en2fr,8,fr,6,0.7075
20,7,en2fr,9,de,4,0.6793
20,7,en2fr,9,de,6,0.6569
20,7,en2fr,9,fr,4,0.7436
20,7,en2fr,9,fr,6,0.715
20,7,en2fr,0,de,4,0.5777
20,7,en2fr,0,de,6,0.5398
20,7,en2fr,0,fr,4,0.7688
20,7,en2fr,0,fr,6,0.7399
21,7,de2fr,2,de,4,0.6468
21,7,de2fr,2,de,6,0.6143
21,7,de2fr,2,fr,4,0.771
21,7,de2fr,2,fr,6,0.7257
21,7,de2fr,3,de,4,0.6194
21,7,de2fr,3,de,6,0.5493
21,7,de2fr,3,fr,4,0.7973
21,7,de2fr,3,fr,6,0.776
21,7,de2fr,6,de,4,0.5829
21,7,de2fr,6,de,6,0.5798
21,7,de2fr,6,fr,4,0.7683
21,7,de2fr,6,fr,6,0.7124
21,7,de2fr,7,de,4,0.6304
21,7,de2fr,7,de,6,0.6006
21,7,de2fr,7,fr,4,0.7951
21,7,de2fr,7,fr,6,0.7621
21,7,de2fr,8,de,4,0.6144
21,7,de2fr,8,de,6,0.5513
21,7,de2fr,8,fr,4,0.8121
21,7,de2fr,8,fr,6,0.7748
21,7,en2fr,2,de,4,0.6189
21,7,en2fr,2,de,6,0.5906
21,7,en2fr,2,fr,4,0.7925
21,7,en2fr,2,fr,6,0.7775
21,7,en2fr,3,de,4,0.6555
21,7,en2fr,3,de,6,0.6253
21,7,en2fr,3,fr,4,0.7821
21,7,en2fr,3,fr,6,0.7545
21,7,en2fr,6,de,4,0.6113
21,7,en2fr,6,de,6,0.543
21,7,en2fr,6,fr,4,0.7966
21,7,en2fr,6,fr,6,0.7917
21,7,en2fr,7,de,4,0.544
21,7,en2fr,7,de,6,0.4822
21,7,en2fr,7,fr,4,0.8066
21,7,en2fr,7,fr,6,0.7805
21,7,en2fr,8,de,4,0.6194
21,7,en2fr,8,de,6,0.6128
21,7,en2fr,8,fr,4,0.7547
21,7,en2fr,8,fr,6,0.7323
21,7,en2fr,9,de,4,0.6222
21,7,en2fr,9,de,6,0.5871
21,7,en2fr,9,fr,4,0.728
21,7,en2fr,9,fr,6,0.761
21,7,en2fr,0,de,4,0.5714
21,7,en2fr,0,de,6,0.5659
21,7,en2fr,0,fr,4,0.7049
21,7,en2fr,0,fr,6,0.7212
22,7,de2fr,2,de,4,0.6625
22,7,de2fr,2,de,6,0.6144
22,7,de2fr,2,fr,4,0.8118
22,7,de2fr,2,fr,6,0.7499
22,7,de2fr,3,de,4,0.6026
22,7,de2fr,3,de,6,0.4799
22,7,de2fr,3,fr,4,0.7932
22,7,de2fr,3,fr,6,0.7536
22,7,de2fr,6,de,4,0.6129
22,7,de2fr,6,de,6,0.572
22,7,de2fr,6,fr,4,0.8164
22,7,de2fr,6,fr,6,0.7038
22,7,de2fr,7,de,4,0.6435
22,7,de2fr,7,de,6,0.553
22,7,de2fr,7,fr,4,0.8373
22,7,de2fr,7,fr,6,0.7645
22,7,de2fr,8,de,4,0.655
22,7,de2fr,8,de,6,0.5701
22,7,de2fr,8,fr,4,0.8287
22,7,de2fr,8,fr,6,0.7463
22,7,en2fr,2,de,4,0.5986
22,7,en2fr,2,de,6,0.5182
22,7,en2fr,2,fr,4,0.7985
22,7,en2fr,2,fr,6,0.7555
22,7,en2fr,3,de,4,0.6428
22,7,en2fr,3,de,6,0.5924
22,7,en2fr,3,fr,4,0.7938
22,7,en2fr,3,fr,6,0.7311
22,7,en2fr,6,de,4,0.6393
22,7,en2fr,6,de,6,0.557
22,7,en2fr,6,fr,4,0.8115
22,7,en2fr,6,fr,6,0.7584
22,7,en2fr,7,de,4,0.5436
22,7,en2fr,7,de,6,0.4155
22,7,en2fr,7,fr,4,0.8086
22,7,en2fr,7,fr,6,0.7322
22,7,en2fr,8,de,4,0.6595
22,7,en2fr,8,de,6,0.6291
22,7,en2fr,8,fr,4,0.7729
22,7,en2fr,8,fr,6,0.7291
22,7,en2fr,9,de,4,0.6087
22,7,en2fr,9,de,6,0.5878
22,7,en2fr,9,fr,4,0.7558
22,7,en2fr,9,fr,6,0.7336
22,7,en2fr,0,de,4,0.5639
22,7,en2fr,0,de,6,0.5607
22,7,en2fr,0,fr,4,0.7439
22,7,en2fr,0,fr,6,0.7145
23,7,de2fr,2,de,4,0.6363
23,7,de2fr,2,de,6,0.5602
23,7,de2fr,2,fr,4,0.7835
23,7,de2fr,2,fr,6,0.757
23,7,de2fr,3,de,4,0.6178
23,7,de2fr,3,de,6,0.4864
23,7,de2fr,3,fr,4,0.7996
23,7,de2fr,3,fr,6,0.7777
23,7,de2fr,6,de,4,0.6121
23,7,de2fr,6,de,6,0.5462
23,7,de2fr,6,fr,4,0.763
23,7,de2fr,6,fr,6,0.7366
23,7,de2fr,7,de,4,0.5609
23,7,de2fr,7,de,6,0.5073
23,7,de2fr,7,fr,4,0.7363
23,7,de2fr,7,fr,6,0.7041
23,7,de2fr,8,de,4,0.658
23,7,de2fr,8,de,6,0.5484
23,7,de2fr,8,fr,4,0.79
23,7,de2fr,8,fr,6,0.7678
23,7,en2fr,2,de,4,0.6045
23,7,en2fr,2,de,6,0.5021
23,7,en2fr,2,fr,4,0.7796
23,7,en2fr,2,fr,6,0.7758
23,7,en2fr,3,de,4,0.6524
23,7,en2fr,3,de,6,0.5721
23,7,en2fr,3,fr,4,0.7466
23,7,en2fr,3,fr,6,0.7553
23,7,en2fr,6,de,4,0.5803
23,7,en2fr,6,de,6,0.4685
23,7,en2fr,6,fr,4,0.8029
23,7,en2fr,6,fr,6,0.7811
23,7,en2fr,7,de,4,0.5271
23,7,en2fr,7,de,6,0.4061
23,7,en2fr,7,fr,4,0.8007
23,7,en2fr,7,fr,6,0.7735
23,7,en2fr,8,de,4,0.6585
23,7,en2fr,8,de,6,0.6117
23,7,en2fr,8,fr,4,0.7302
23,7,en2fr,8,fr,6,0.7339
23,7,en2fr,9,de,4,0.6537
23,7,en2fr,9,de,6,0.5943
23,7,en2fr,9,fr,4,0.7082
23,7,en2fr,9,fr,6,0.7417
23,7,en2fr,0,de,4,0.6152
23,7,en2fr,0,de,6,0.5685
23,7,en2fr,0,fr,4,0.7149
23,7,en2fr,0,fr,6,0.7465
24,7,de2fr,2,de,4,0.6624
24,7,de2fr,2,de,6,0.5409
24,7,de2fr,2,fr,4,0.777
24,7,de2fr,2,fr,6,0.7494
24,7,de2fr,3,de,4,0.6479
24,7,de2fr,3,de,6,0.5197
24,7,de2fr,3,fr,4,0.7881
24,7,de2fr,3,fr,6,0.757
24,7,de2fr,6,de,4,0.5831
24,7,de2fr,6,de,6,0.4508
24,7,de2fr,6,fr,4,0.7992
24,7,de2fr,6,fr,6,0.7419
24,7,de2fr,7,de,4,0.6259
24,7,de2fr,7,de,6,0.4569
24,7,de2fr,7,fr,4,0.8297
24,7,de2fr,7,fr,6,0.7611
24,7,de2fr,8,de,4,0.6122
24,7,de2fr,8,de,6,0.4695
24,7,de2fr,8,fr,4,0.8125
24,7,de2fr,8,fr,6,0.7623
24,7,en2fr,2,de,4,0.624
24,7,en2fr,2,de,6,0.5003
24,7,en2fr,2,fr,4,0.799
24,7,en2fr,2,fr,6,0.7518
24,7,en2fr,3,de,4,0.6626
24,7,en2fr,3,de,6,0.5678
24,7,en2fr,3,fr,4,0.7863
24,7,en2fr,3,fr,6,0.7572
24,7,en2fr,6,de,4,0.6393
24,7,en2fr,6,de,6,0.5006
24,7,en2fr,6,fr,4,0.8234
24,7,en2fr,6,fr,6,0.7844
24,7,en2fr,7,de,4,0.6028
24,7,en2fr,7,de,6,0.4353
24,7,en2fr,7,fr,4,0.8181
24,7,en2fr,7,fr,6,0.7617
24,7,en2fr,8,de,4,0.6239
24,7,en2fr,8,de,6,0.5041
24,7,en2fr,8,fr,4,0.794
24,7,en2fr,8,fr,6,0.7667
24,7,en2fr,9,de,4,0.6258
24,7,en2fr,9,de,6,0.5806
24,7,en2fr,9,fr,4,0.7059
24,7,en2fr,9,fr,6,0.7018
24,7,en2fr,0,de,4,0.5867
24,7,en2fr,0,de,6,0.5013
24,7,en2fr,0,fr,4,0.7363
24,7,en2fr,0,fr,6,0.7526
25,7,de2fr,2,de,4,0.6724
25,7,de2fr,2,de,6,0.5667
25,7,de2fr,2,fr,4,0.7687
25,7,de2fr,2,fr,6,0.7412
25,7,de2fr,3,de,4,0.6383
25,7,de2fr,3,de,6,0.4696
25,7,de2fr,3,fr,4,0.8444
25,7,de2fr,3,fr,6,0.7999
25,7,de2fr,6,de,4,0.64
25,7,de2fr,6,de,6,0.5483
25,7,de2fr,6,fr,4,0.7855
25,7,de2fr,6,fr,6,0.7291
25,7,de2fr,7,de,4,0.6603
25,7,de2fr,7,de,6,0.5456
25,7,de2fr,7,fr,4,0.781
25,7,de2fr,7,fr,6,0.7343
25,7,de2fr,8,de,4,0.6291
25,7,de2fr,8,de,6,0.4659
25,7,de2fr,8,fr,4,0.8265
25,7,de2fr,8,fr,6,0.7633
25,7,en2fr,2,de,4,0.661
25,7,en2fr,2,de,6,0.5684
25,7,en2fr,2,fr,4,0.7863
25,7,en2fr,2,fr,6,0.7604
25,7,en2fr,3,de,4,0.6593
25,7,en2fr,3,de,6,0.5563
25,7,en2fr,3,fr,4,0.7787
25,7,en2fr,3,fr,6,0.7485
25,7,en2fr,6,de,4,0.6753
25,7,en2fr,6,de,6,0.5462
25,7,en2fr,6,fr,4,0.8076
25,7,en2fr,6,fr,6,0.7743
25,7,en2fr,7,de,4,0.6084
25,7,en2fr,7,de,6,0.4641
25,7,en2fr,7,fr,4,0.801
25,7,en2fr,7,fr,6,0.7449
25,7,en2fr,8,de,4,0.6694
25,7,en2fr,8,de,6,0.5685
25,7,en2fr,8,fr,4,0.7871
25,7,en2fr,8,fr,6,0.7817
25,7,en2fr,9,de,4,0.645
25,7,en2fr,9,de,6,0.5552
25,7,en2fr,9,fr,4,0.7862
25,7,en2fr,9,fr,6,0.7559
25,7,en2fr,0,de,4,0.5835
25,7,en2fr,0,de,6,0.4571
25,7,en2fr,0,fr,4,0.7717
25,7,en2fr,0,fr,6,0.7647
26,7,de2fr,2,de,4,0.6814
26,7,de2fr,2,de,6,0.5647
26,7,de2fr,2,fr,4,0.7907
26,7,de2fr,2,fr,6,0.7564
26,7,de2fr,3,de,4,0.6713
26,7,de2fr,3,de,6,0.5214
26,7,de2fr,3,fr,4,0.8073
26,7,de2fr,3,fr,6,0.7984
26,7,de2fr,6,de,4,0.545
26,7,de2fr,6,de,6,0.4052
26,7,de2fr,6,fr,4,0.7883
26,7,de2fr,6,fr,6,0.7373
26,7,de2fr,7,de,4,0.6307
26,7,de2fr,7,de,6,0.4887
26,7,de2fr,7,fr,4,0.8158
26,7,de2fr,7,fr,6,0.7641
26,7,de2fr,8,de,4,0.6623
26,7,de2fr,8,de,6,0.5406
26,7,de2fr,8,fr,4,0.8083
26,7,de2fr,8,fr,6,0.763
26,7,en2fr,2,de,4,0.6187
26,7,en2fr,2,de,6,0.4867
26,7,en2fr,2,fr,4,0.8134
26,7,en2fr,2,fr,6,0.7768
26,7,en2fr,3,de,4,0.649
26,7,en2fr,3,de,6,0.5459
26,7,en2fr,3,fr,4,0.787
26,7,en2fr,3,fr,6,0.7688
26,7,en2fr,6,de,4,0.6559
26,7,en2fr,6,de,6,0.5039
26,7,en2fr,6,fr,4,0.8078
26,7,en2fr,6,fr,6,0.7702
26,7,en2fr,7,de,4,0.5809
26,7,en2fr,7,de,6,0.4331
26,7,en2fr,7,fr,4,0.8055
26,7,en2fr,7,fr,6,0.7464
26,7,en2fr,8,de,4,0.6456
26,7,en2fr,8,de,6,0.5605
26,7,en2fr,8,fr,4,0.7504
26,7,en2fr,8,fr,6,0.7536
26,7,en2fr,9,de,4,0.6533
26,7,en2fr,9,de,6,0.5698
26,7,en2fr,9,fr,4,0.7663
26,7,en2fr,9,fr,6,0.7515
26,7,en2fr,0,de,4,0.6125
26,7,en2fr,0,de,6,0.5313
26,7,en2fr,0,fr,4,0.7363
26,7,en2fr,0,fr,6,0.757
27,7,de2fr,2,de,4,0.6908
27,7,de2fr,2,de,6,0.5644
27,7,de2fr,2,fr,4,0.789
27,7,de2fr,2,fr,6,0.747
27,7,de2fr,3,de,4,0.6567
27,7,de2fr,3,de,6,0.5181
27,7,de2fr,3,fr,4,0.8078
27,7,de2fr,3,fr,6,0.7911
27,7,de2fr,6,de,4,0.6024
27,7,de2fr,6,de,6,0.4854
27,7,de2fr,6,fr,4,0.804
27,7,de2fr,6,fr,6,0.7522
27,7,de2fr,7,de,4,0.5852
27,7,de2fr,7,de,6,0.4316
27,7,de2fr,7,fr,4,0.801
27,7,de2fr,7,fr,6,0.7474
27,7,de2fr,8,de,4,0.6451
27,7,de2fr,8,de,6,0.4983
27,7,de2fr,8,fr,4,0.8139
27,7,de2fr,8,fr,6,0.7603
27,7,en2fr,2,de,4,0.6326
27,7,en2fr,2,de,6,0.5206
27,7,en2fr,2,fr,4,0.7857
27,7,en2fr,2,fr,6,0.7604
27,7,en2fr,3,de,4,0.6727
27,7,en2fr,3,de,6,0.5759
27,7,en2fr,3,fr,4,0.7785
27,7,en2fr,3,fr,6,0.7618
27,7,en2fr,6,de,4,0.653
27,7,en2fr,6,de,6,0.5055
27,7,en2fr,6,fr,4,0.799
27,7,en2fr,6,fr,6,0.7561
27,7,en2fr,7,de,4,0.5746
27,7,en2fr,7,de,6,0.4095
27,7,en2fr,7,fr,4,0.8165
27,7,en2fr,7,fr,6,0.7622
27,7,en2fr,8,de,4,0.6499
27,7,en2fr,8,de,6,0.5581
27,7,en2fr,8,fr,4,0.764
27,7,en2fr,8,fr,6,0.7527
27,7,en2fr,9,de,4,0.6207
27,7,en2fr,9,de,6,0.5525
27,7,en2fr,9,fr,4,0.7205
27,7,en2fr,9,fr,6,0.744
27,7,en2fr,0,de,4,0.6086
27,7,en2fr,0,de,6,0.5171
27,7,en2fr,0,fr,4,0.7338
27,7,en2fr,0,fr,6,0.7481
28,7,de2fr,2,de,4,0.6746
28,7,de2fr,2,de,6,0.5747
28,7,de2fr,2,fr,4,0.7466
28,7,de2fr,2,fr,6,0.725
28,7,de2fr,3,de,4,0.6742
28,7,de2fr,3,de,6,0.5314
28,7,de2fr,3,fr,4,0.8166
28,7,de2fr,3,fr,6,0.7937
28,7,de2fr,6,de,4,0.6361
28,7,de2fr,6,de,6,0.5682
28,7,de2fr,6,fr,4,0.7433
28,7,de2fr,6,fr,6,0.7336
28,7,de2fr,7,de,4,0.6363
28,7,de2fr,7,de,6,0.4987
28,7,de2fr,7,fr,4,0.8092
28,7,de2fr,7,fr,6,0.7665
28,7,de2fr,8,de,4,0.6413
28,7,de2fr,8,de,6,0.5093
28,7,de2fr,8,fr,4,0.8122
28,7,de2fr,8,fr,6,0.7733
28,7,en2fr,2,de,4,0.6522
28,7,en2fr,2,de,6,0.5632
28,7,en2fr,2,fr,4,0.7649
28,7,en2fr,2,fr,6,0.7646
28,7,en2fr,3,de,4,0.6564
28,7,en2fr,3,de,6,0.5609
28,7,en2fr,3,fr,4,0.7762
28,7,en2fr,3,fr,6,0.773
28,7,en2fr,6,de,4,0.6651
28,7,en2fr,6,de,6,0.5486
28,7,en2fr,6,fr,4,0.7996
28,7,en2fr,6,fr,6,0.765
28,7,en2fr,7,de,4,0.6335
28,7,en2fr,7,de,6,0.4975
28,7,en2fr,7,fr,4,0.7957
28,7,en2fr,7,fr,6,0.7554
28,7,en2fr,8,de,4,0.6544
28,7,en2fr,8,de,6,0.5555
28,7,en2fr,8,fr,4,0.7723
28,7,en2fr,8,fr,6,0.7685
28,7,en2fr,9,de,4,0.6546
28,7,en2fr,9,de,6,0.6005
28,7,en2fr,9,fr,4,0.7314
28,7,en2fr,9,fr,6,0.7297
28,7,en2fr,0,de,4,0.5986
28,7,en2fr,0,de,6,0.497
28,7,en2fr,0,fr,4,0.7651
28,7,en2fr,0,fr,6,0.7535
29,7,de2fr,2,de,4,0.6528
29,7,de2fr,2,de,6,0.5287
29,7,de2fr,2,fr,4,0.7802
29,7,de2fr,2,fr,6,0.7354
29,7,de2fr,3,de,4,0.6423
29,7,de2fr,3,de,6,0.501
29,7,de2fr,3,fr,4,0.803
29,7,de2fr,3,fr,6,0.7696
29,7,de2fr,6,de,4,0.628
29,7,de2fr,6,de,6,0.5384
29,7,de2fr,6,fr,4,0.7579
29,7,de2fr,6,fr,6,0.7477
29,7,de2fr,7,de,4,0.6091
29,7,de2fr,7,de,6,0.4576
29,7,de2fr,7,fr,4,0.818
29,7,de2fr,7,fr,6,0.7564
29,7,de2fr,8,de,4,0.5871
29,7,de2fr,8,de,6,0.4279
29,7,de2fr,8,fr,4,0.796
29,7,de2fr,8,fr,6,0.7217
29,7,en2fr,2,de,4,0.6508
29,7,en2fr,2,de,6,0.5241
29,7,en2fr,2,fr,4,0.7994
29,7,en2fr,2,fr,6,0.7747
29,7,en2fr,3,de,4,0.6731
29,7,en2fr,3,de,6,0.5878
29,7,en2fr,3,fr,4,0.7684
29,7,en2fr,3,fr,6,0.7472
29,7,en2fr,6,de,4,0.6625
29,7,en2fr,6,de,6,0.5348
29,7,en2fr,6,fr,4,0.8073
29,7,en2fr,6,fr,6,0.7768
29,7,en2fr,7,de,4,0.6278
29,7,en2fr,7,de,6,0.4854
29,7,en2fr,7,fr,4,0.8133
29,7,en2fr,7,fr,6,0.77
29,7,en2fr,8,de,4,0.6327
29,7,en2fr,8,de,6,0.5325
29,7,en2fr,8,fr,4,0.7533
29,7,en2fr,8,fr,6,0.7406
29,7,en2fr,9,de,4,0.6351
29,7,en2fr,9,de,6,0.5691
29,7,en2fr,9,fr,4,0.7436
29,7,en2fr,9,fr,6,0.7421
29,7,en2fr,0,de,4,0.5426
29,7,en2fr,0,de,6,0.4332
29,7,en2fr,0,fr,4,0.7271
29,7,en2fr,0,fr,6,0.7318
4,8,de2fr,2,de,4,0.836
4,8,de2fr,2,de,6,0.8628
4,8,de2fr,2,fr,4,0.6081
4,8,de2fr,2,fr,6,0.648
4,8,de2fr,3,de,4,0.8328
4,8,de2fr,3,de,6,0.8689
4,8,de2fr,3,fr,4,0.6729
4,8,de2fr,3,fr,6,0.7121
4,8,de2fr,6,de,4,0.8594
4,8,de2fr,6,de,6,0.842
4,8,de2fr,6,fr,4,0.6148
4,8,de2fr,6,fr,6,0.6398
4,8,de2fr,7,de,4,0.8562
4,8,de2fr,7,de,6,0.8633
4,8,de2fr,7,fr,4,0.6479
4,8,de2fr,7,fr,6,0.6745
4,8,de2fr,8,de,4,0.8439
4,8,de2fr,8,de,6,0.8267
4,8,de2fr,8,fr,4,0.6354
4,8,de2fr,8,fr,6,0.6412
4,8,en2fr,2,de,4,0.6917
4,8,en2fr,2,de,6,0.7141
4,8,en2fr,2,fr,4,0.7287
4,8,en2fr,2,fr,6,0.7455
4,8,en2fr,3,de,4,0.6687
4,8,en2fr,3,de,6,0.7082
4,8,en2fr,3,fr,4,0.7104
4,8,en2fr,3,fr,6,0.7328
4,8,en2fr,6,de,4,0.6631
4,8,en2fr,6,de,6,0.6985
4,8,en2fr,6,fr,4,0.7142
4,8,en2fr,6,fr,6,0.75
4,8,en2fr,7,de,4,0.667
4,8,en2fr,7,de,6,0.7027
4,8,en2fr,7,fr,4,0.7024
4,8,en2fr,7,fr,6,0.7186
4,8,en2fr,8,de,4,0.698
4,8,en2fr,8,de,6,0.7328
4,8,en2fr,8,fr,4,0.7342
4,8,en2fr,8,fr,6,0.7528
4,8,en2fr,9,de,4,0.6794
4,8,en2fr,9,de,6,0.7225
4,8,en2fr,9,fr,4,0.704
4,8,en2fr,9,fr,6,0.7364
4,8,en2fr,0,de,4,0.6653
4,8,en2fr,0,de,6,0.7031
4,8,en2fr,0,fr,4,0.6954
4,8,en2fr,0,fr,6,0.7257
5,8,de2fr,2,de,4,0.7222
5,8,de2fr,2,de,6,0.7094
5,8,de2fr,2,fr,4,0.748
5,8,de2fr,2,fr,6,0.7183
5,8,de2fr,3,de,4,0.7219
5,8,de2fr,3,de,6,0.7449
5,8,de2fr,3,fr,4,0.7473
5,8,de2fr,3,fr,6,0.7373
5,8,de2fr,6,de,4,0.7262
5,8,de2fr,6,de,6,0.7091
5,8,de2fr,6,fr,4,0.7376
5,8,de2fr,6,fr,6,0.7185
5,8,de2fr,7,de,4,0.7056
5,8,de2fr,7,de,6,0.6906
5,8,de2fr,7,fr,4,0.7419
5,8,de2fr,7,fr,6,0.732
5,8,de2fr,8,de,4,0.6985
5,8,de2fr,8,de,6,0.6899
5,8,de2fr,8,fr,4,0.7113
5,8,de2fr,8,fr,6,0.6957
5,8,en2fr,2,de,4,0.6331
5,8,en2fr,2,de,6,0.6165
5,8,en2fr,2,fr,4,0.7355
5,8,en2fr,2,fr,6,0.7286
5,8,en2fr,3,de,4,0.6327
5,8,en2fr,3,de,6,0.6085
5,8,en2fr,3,fr,4,0.7289
5,8,en2fr,3,fr,6,0.7343
5,8,en2fr,6,de,4,0.6327
5,8,en2fr,6,de,6,0.6223
5,8,en2fr,6,fr,4,0.7433
5,8,en2fr,6,fr,6,0.7338
5,8,en2fr,7,de,4,0.6563
5,8,en2fr,7,de,6,0.6653
5,8,en2fr,7,fr,4,0.7719
5,8,en2fr,7,fr,6,0.7437
5,8,en2fr,8,de,4,0.6528
5,8,en2fr,8,de,6,0.6533
5,8,en2fr,8,fr,4,0.7586
5,8,en2fr,8,fr,6,0.7423
5,8,en2fr,9,de,4,0.6491
5,8,en2fr,9,de,6,0.6478
5,8,en2fr,9,fr,4,0.7597
5,8,en2fr,9,fr,6,0.7452
5,8,en2fr,0,de,4,0.6469
5,8,en2fr,0,de,6,0.6364
5,8,en2fr,0,fr,4,0.7689
5,8,en2fr,0,fr,6,0.7523
6,8,de2fr,2,de,4,0.7079
6,8,de2fr,2,de,6,0.7129
6,8,de2fr,2,fr,4,0.7815
6,8,de2fr,2,fr,6,0.745
6,8,de2fr,3,de,4,0.713
6,8,de2fr,3,de,6,0.7034
6,8,de2fr,3,fr,4,0.7642
6,8,de2fr,3,fr,6,0.746
6,8,de2fr,6,de,4,0.7149
6,8,de2fr,6,de,6,0.6823
6,8,de2fr,6,fr,4,0.7528
6,8,de2fr,6,fr,6,0.7236
6,8,de2fr,7,de,4,0.6832
6,8,de2fr,7,de,6,0.6806
6,8,de2fr,7,fr,4,0.7702
6,8,de2fr,7,fr,6,0.7287
6,8,de2fr,8,de,4,0.7137
6,8,de2fr,8,de,6,0.6875
6,8,de2fr,8,fr,4,0.7632
6,8,de2fr,8,fr,6,0.7337
6,8,en2fr,2,de,4,0.6403
6,8,en2fr,2,de,6,0.5925
6,8,en2fr,2,fr,4,0.7528
6,8,en2fr,2,fr,6,0.7406
6,8,en2fr,3,de,4,0.6317
6,8,en2fr,3,de,6,0.6003
6,8,en2fr,3,fr,4,0.7754
6,8,en2fr,3,fr,6,0.7434
6,8,en2fr,6,de,4,0.6337
6,8,en2fr,6,de,6,0.5768
6,8,en2fr,6,fr,4,0.7278
6,8,en2fr,6,fr,6,0.75
6,8,en2fr,7,de,4,0.6666
6,8,en2fr,7,de,6,0.6465
6,8,en2fr,7,fr,4,0.8049
6,8,en2fr,7,fr,6,0.7572
6,8,en2fr,8,de,4,0.6561
6,8,en2fr,8,de,6,0.6295
6,8,en2fr,8,fr,4,0.7989
6,8,en2fr,8,fr,6,0.7616
6,8,en2fr,9,de,4,0.6509
6,8,en2fr,9,de,6,0.6383
6,8,en2fr,9,fr,4,0.7946
6,8,en2fr,9,fr,6,0.7693
6,8,en2fr,0,de,4,0.6379
6,8,en2fr,0,de,6,0.6672
6,8,en2fr,0,fr,4,0.8
6,8,en2fr,0,fr,6,0.7503
7,8,de2fr,2,de,4,0.6955
7,8,de2fr,2,de,6,0.7039
7,8,de2fr,2,fr,4,0.7622
7,8,de2fr,2,fr,6,0.736
7,8,de2fr,3,de,4,0.6882
7,8,de2fr,3,de,6,0.666
7,8,de2fr,3,fr,4,0.7423
7,8,de2fr,3,fr,6,0.7537
7,8,de2fr,6,de,4,0.661
7,8,de2fr,6,de,6,0.6285
7,8,de2fr,6,fr,4,0.7203
7,8,de2fr,6,fr,6,0.7096
7,8,de2fr,7,de,4,0.637
7,8,de2fr,7,de,6,0.6155
7,8,de2fr,7,fr,4,0.7362
7,8,de2fr,7,fr,6,0.7181
7,8,de2fr,8,de,4,0.6653
7,8,de2fr,8,de,6,0.6268
7,8,de2fr,8,fr,4,0.7276
7,8,de2fr,8,fr,6,0.7101
7,8,en2fr,2,de,4,0.6193
7,8,en2fr,2,de,6,0.568
7,8,en2fr,2,fr,4,0.7032
7,8,en2fr,2,fr,6,0.7217
7,8,en2fr,3,de,4,0.5911
7,8,en2fr,3,de,6,0.5477
7,8,en2fr,3,fr,4,0.6966
7,8,en2fr,3,fr,6,0.7099
7,8,en2fr,6,de,4,0.5978
7,8,en2fr,6,de,6,0.5377
7,8,en2fr,6,fr,4,0.6574
7,8,en2fr,6,fr,6,0.7367
7,8,en2fr,7,de,4,0.6273
7,8,en2fr,7,de,6,0.5908
7,8,en2fr,7,fr,4,0.7187
7,8,en2fr,7,fr,6,0.7539
7,8,en2fr,8,de,4,0.6208
7,8,en2fr,8,de,6,0.5965
7,8,en2fr,8,fr,4,0.7273
7,8,en2fr,8,fr,6,0.7459
7,8,en2fr,9,de,4,0.6531
7,8,en2fr,9,de,6,0.6289
7,8,en2fr,9,fr,4,0.7424
7,8,en2fr,9,fr,6,0.7557
7,8,en2fr,0,de,4,0.6261
7,8,en2fr,0,de,6,0.6204
7,8,en2fr,0,fr,4,0.7396
7,8,en2fr,0,fr,6,0.7518
8,8,de2fr,2,de,4,0.6937
8,8,de2fr,2,de,6,0.6751
8,8,de2fr,2,fr,4,0.8062
8,8,de2fr,2,fr,6,0.7559
8,8,de2fr,3,de,4,0.6714
8,8,de2fr,3,de,6,0.642
8,8,de2fr,3,fr,4,0.81
8,8,de2fr,3,fr,6,0.7686
8,8,de2fr,6,de,4,0.6134
8,8,de2fr,6,de,6,0.5845
8,8,de2fr,6,fr,4,0.7835
8,8,de2fr,6,fr,6,0.7444
8,8,de2fr,7,de,4,0.6052
8,8,de2fr,7,de,6,0.5972
8,8,de2fr,7,fr,4,0.7806
8,8,de2fr,7,fr,6,0.7175
8,8,de2fr,8,de,4,0.6402
8,8,de2fr,8,de,6,0.6124
8,8,de2fr,8,fr,4,0.7869
8,8,de2fr,8,fr,6,0.7463
8,8,en2fr,2,de,4,0.5557
8,8,en2fr,2,de,6,0.5247
8,8,en2fr,2,fr,4,0.762
8,8,en2fr,2,fr,6,0.7452
8,8,en2fr,3,de,4,0.5509
8,8,en2fr,3,de,6,0.4971
8,8,en2fr,3,fr,4,0.7384
8,8,en2fr,3,fr,6,0.7299
8,8,en2fr,6,de,4,0.5927
8,8,en2fr,6,de,6,0.5261
8,8,en2fr,6,fr,4,0.7406
8,8,en2fr,6,fr,6,0.7505
8,8,en2fr,7,de,4,0.596
8,8,en2fr,7,de,6,0.5582
8,8,en2fr,7,fr,4,0.7773
8,8,en2fr,7,fr,6,0.7721
8,8,en2fr,8,de,4,0.5748
8,8,en2fr,8,de,6,0.5357
8,8,en2fr,8,fr,4,0.7495
8,8,en2fr,8,fr,6,0.7301
8,8,en2fr,9,de,4,0.5928
8,8,en2fr,9,de,6,0.5615
8,8,en2fr,9,fr,4,0.7407
8,8,en2fr,9,fr,6,0.7493
8,8,en2fr,0,de,4,0.5655
8,8,en2fr,0,de,6,0.5489
8,8,en2fr,0,fr,4,0.7623
8,8,en2fr,0,fr,6,0.7507
9,8,de2fr,2,de,4,0.6495
9,8,de2fr,2,de,6,0.6595
9,8,de2fr,2,fr,4,0.8204
9,8,de2fr,2,fr,6,0.7712
9,8,de2fr,3,de,4,0.6431
9,8,de2fr,3,de,6,0.5777
9,8,de2fr,3,fr,4,0.7921
9,8,de2fr,3,fr,6,0.7657
9,8,de2fr,6,de,4,0.6296
9,8,de2fr,6,de,6,0.5659
9,8,de2fr,6,fr,4,0.769
9,8,de2fr,6,fr,6,0.7462
9,8,de2fr,7,de,4,0.6111
9,8,de2fr,7,de,6,0.5609
9,8,de2fr,7,fr,4,0.7825
9,8,de2fr,7,fr,6,0.739
9,8,de2fr,8,de,4,0.6451
9,8,de2fr,8,de,6,0.5658
9,8,de2fr,8,fr,4,0.7685
9,8,de2fr,8,fr,6,0.7475
9,8,en2fr,2,de,4,0.56
9,8,en2fr,2,de,6,0.4865
9,8,en2fr,2,fr,4,0.7556
9,8,en2fr,2,fr,6,0.7458
9,8,en2fr,3,de,4,0.6068
9,8,en2fr,3,de,6,0.5161
9,8,en2fr,3,fr,4,0.736
9,8,en2fr,3,fr,6,0.7288
9,8,en2fr,6,de,4,0.6002
9,8,en2fr,6,de,6,0.4941
9,8,en2fr,6,fr,4,0.7171
9,8,en2fr,6,fr,6,0.7371
9,8,en2fr,7,de,4,0.6323
9,8,en2fr,7,de,6,0.5465
9,8,en2fr,7,fr,4,0.7708
9,8,en2fr,7,fr,6,0.7514
9,8,en2fr,8,de,4,0.6112
9,8,en2fr,8,de,6,0.5384
9,8,en2fr,8,fr,4,0.7723
9,8,en2fr,8,fr,6,0.7673
9,8,en2fr,9,de,4,0.5971
9,8,en2fr,9,de,6,0.5503
9,8,en2fr,9,fr,4,0.7689
9,8,en2fr,9,fr,6,0.7579
9,8,en2fr,0,de,4,0.5522
9,8,en2fr,0,de,6,0.5254
9,8,en2fr,0,fr,4,0.7219
9,8,en2fr,0,fr,6,0.7122
10,8,de2fr,2,de,4,0.6732
10,8,de2fr,2,de,6,0.6596
10,8,de2fr,2,fr,4,0.8075
10,8,de2fr,2,fr,6,0.7696
10,8,de2fr,3,de,4,0.6641
10,8,de2fr,3,de,6,0.6047
10,8,de2fr,3,fr,4,0.82
10,8,de2fr,3,fr,6,0.7736
10,8,de2fr,6,de,4,0.6097
10,8,de2fr,6,de,6,0.5552
10,8,de2fr,6,fr,4,0.7731
10,8,de2fr,6,fr,6,0.7456
10,8,de2fr,7,de,4,0.6187
10,8,de2fr,7,de,6,0.5882
10,8,de2fr,7,fr,4,0.8118
10,8,de2fr,7,fr,6,0.7587
10,8,de2fr,8,de,4,0.5863
10,8,de2fr,8,de,6,0.5074
10,8,de2fr,8,fr,4,0.783
10,8,de2fr,8,fr,6,0.7227
10,8,en2fr,2,de,4,0.4996
10,8,en2fr,2,de,6,0.4514
10,8,en2fr,2,fr,4,0.7589
10,8,en2fr,2,fr,6,0.7088
10,8,en2fr,3,de,4,0.5249
10,8,en2fr,3,de,6,0.4378
10,8,en2fr,3,fr,4,0.7435
10,8,en2fr,3,fr,6,0.7248
10,8,en2fr,6,de,4,0.5884
10,8,en2fr,6,de,6,0.4975
10,8,en2fr,6,fr,4,0.7695
10,8,en2fr,6,fr,6,0.7852
10,8,en2fr,7,de,4,0.5831
10,8,en2fr,7,de,6,0.5173
10,8,en2fr,7,fr,4,0.7921
10,8,en2fr,7,fr,6,0.7714
10,8,en2fr,8,de,4,0.5959
10,8,en2fr,8,de,6,0.5184
10,8,en2fr,8,fr,4,0.7704
10,8,en2fr,8,fr,6,0.7691
10,8,en2fr,9,de,4,0.6237
10,8,en2fr,9,de,6,0.5797
10,8,en2fr,9,fr,4,0.7681
10,8,en2fr,9,fr,6,0.7795
10,8,en2fr,0,de,4,0.5819
10,8,en2fr,0,de,6,0.5505
10,8,en2fr,0,fr,4,0.7678
10,8,en2fr,0,fr,6,0.7639
11,8,de2fr,2,de,4,0.642
11,8,de2fr,2,de,6,0.681
11,8,de2fr,2,fr,4,0.7617
11,8,de2fr,2,fr,6,0.7358
11,8,de2fr,3,de,4,0.6146
11,8,de2fr,3,de,6,0.5843
11,8,de2fr,3,fr,4,0.8019
11,8,de2fr,3,fr,6,0.7933
11,8,de2fr,6,de,4,0.6112
11,8,de2fr,6,de,6,0.6011
11,8,de2fr,6,fr,4,0.7591
11,8,de2fr,6,fr,6,0.7483
11,8,de2fr,7,de,4,0.6001
11,8,de2fr,7,de,6,0.6033
11,8,de2fr,7,fr,4,0.7729
11,8,de2fr,7,fr,6,0.7482
11,8,de2fr,8,de,4,0.558
11,8,de2fr,8,de,6,0.5371
11,8,de2fr,8,fr,4,0.7557
11,8,de2fr,8,fr,6,0.7586
11,8,en2fr,2,de,4,0.4871
11,8,en2fr,2,de,6,0.463
11,8,en2fr,2,fr,4,0.7328
11,8,en2fr,2,fr,6,0.7795
11,8,en2fr,3,de,4,0.5484
11,8,en2fr,3,de,6,0.5108
11,8,en2fr,3,fr,4,0.73
11,8,en2fr,3,fr,6,0.7553
11,8,en2fr,6,de,4,0.5706
11,8,en2fr,6,de,6,0.5547
11,8,en2fr,6,fr,4,0.7692
11,8,en2fr,6,fr,6,0.7974
11,8,en2fr,7,de,4,0.5715
11,8,en2fr,7,de,6,0.5171
11,8,en2fr,7,fr,4,0.7735
11,8,en2fr,7,fr,6,0.7821
11,8,en2fr,8,de,4,0.5927
11,8,en2fr,8,de,6,0.596
11,8,en2fr,8,fr,4,0.7812
11,8,en2fr,8,fr,6,0.7773
11,8,en2fr,9,de,4,0.5893
11,8,en2fr,9,de,6,0.567
11,8,en2fr,9,fr,4,0.7668
11,8,en2fr,9,fr,6,0.7642
11,8,en2fr,0,de,4,0.5597
11,8,en2fr,0,de,6,0.5613
11,8,en2fr,0,fr,4,0.7722
11,8,en2fr,0,fr,6,0.7721
12,8,de2fr,2,de,4,0.6651
12,8,de2fr,2,de,6,0.6613
12,8,de2fr,2,fr,4,0.7589
12,8,de2fr,2,fr,6,0.7052
12,8,de2fr,3,de,4,0.652
12,8,de2fr,3,de,6,0.5802
12,8,de2fr,3,fr,4,0.8184
12,8,de2fr,3,fr,6,0.7976
12,8,de2fr,6,de,4,0.6062
12,8,de2fr,6,de,6,0.569
12,8,de2fr,6,fr,4,0.7748
12,8,de2fr,6,fr,6,0.7744
12,8,de2fr,7,de,4,0.6615
12,8,de2fr,7,de,6,0.6418
12,8,de2fr,7,fr,4,0.8147
12,8,de2fr,7,fr,6,0.7455
12,8,de2fr,8,de,4,0.6391
12,8,de2fr,8,de,6,0.5852
12,8,de2fr,8,fr,4,0.8285
12,8,de2fr,8,fr,6,0.7738
12,8,en2fr,2,de,4,0.5438
12,8,en2fr,2,de,6,0.466
12,8,en2fr,2,fr,4,0.7939
12,8,en2fr,2,fr,6,0.8038
12,8,en2fr,3,de,4,0.5956
12,8,en2fr,3,de,6,0.5163
12,8,en2fr,3,fr,4,0.7652
12,8,en2fr,3,fr,6,0.7762
12,8,en2fr,6,de,4,0.6041
12,8,en2fr,6,de,6,0.5263
12,8,en2fr,6,fr,4,0.782
12,8,en2fr,6,fr,6,0.8013
12,8,en2fr,7,de,4,0.5936
12,8,en2fr,7,de,6,0.5097
12,8,en2fr,7,fr,4,0.7718
12,8,en2fr,7,fr,6,0.7842
12,8,en2fr,8,de,4,0.6139
12,8,en2fr,8,de,6,0.567
12,8,en2fr,8,fr,4,0.8113
12,8,en2fr,8,fr,6,0.773
12,8,en2fr,9,de,4,0.6454
12,8,en2fr,9,de,6,0.5925
12,8,en2fr,9,fr,4,0.7975
12,8,en2fr,9,fr,6,0.8003
12,8,en2fr,0,de,4,0.567
12,8,en2fr,0,de,6,0.5269
12,8,en2fr,0,fr,4,0.8257
12,8,en2fr,0,fr,6,0.8062
13,8,de2fr,2,de,4,0.6445
13,8,de2fr,2,de,6,0.6617
13,8,de2fr,2,fr,4,0.7896
13,8,de2fr,2,fr,6,0.7098
13,8,de2fr,3,de,4,0.5646
13,8,de2fr,3,de,6,0.5263
13,8,de2fr,3,fr,4,0.7957
13,8,de2fr,3,fr,6,0.7745
13,8,de2fr,6,de,4,0.6223
13,8,de2fr,6,de,6,0.6333
13,8,de2fr,6,fr,4,0.782
13,8,de2fr,6,fr,6,0.7267
13,8,de2fr,7,de,4,0.6593
13,8,de2fr,7,de,6,0.6837
13,8,de2fr,7,fr,4,0.8014
13,8,de2fr,7,fr,6,0.7016
13,8,de2fr,8,de,4,0.593
13,8,de2fr,8,de,6,0.5703
13,8,de2fr,8,fr,4,0.8267
13,8,de2fr,8,fr,6,0.758
13,8,en2fr,2,de,4,0.4875
13,8,en2fr,2,de,6,0.4514
13,8,en2fr,2,fr,4,0.7648
13,8,en2fr,2,fr,6,0.7517
13,8,en2fr,3,de,4,0.5946
13,8,en2fr,3,de,6,0.5569
13,8,en2fr,3,fr,4,0.7593
13,8,en2fr,3,fr,6,0.7318
13,8,en2fr,6,de,4,0.5891
13,8,en2fr,6,de,6,0.5689
13,8,en2fr,6,fr,4,0.7748
13,8,en2fr,6,fr,6,0.7618
13,8,en2fr,7,de,4,0.5509
13,8,en2fr,7,de,6,0.507
13,8,en2fr,7,fr,4,0.7836
13,8,en2fr,7,fr,6,0.7543
13,8,en2fr,8,de,4,0.6153
13,8,en2fr,8,de,6,0.6153
13,8,en2fr,8,fr,4,0.8227
13,8,en2fr,8,fr,6,0.7667
13,8,en2fr,9,de,4,0.5894
13,8,en2fr,9,de,6,0.579
13,8,en2fr,9,fr,4,0.7658
13,8,en2fr,9,fr,6,0.7307
13,8,en2fr,0,de,4,0.5722
13,8,en2fr,0,de,6,0.5924
13,8,en2fr,0,fr,4,0.7874
13,8,en2fr,0,fr,6,0.751
14,8,de2fr,2,de,4,0.6565
14,8,de2fr,2,de,6,0.65
14,8,de2fr,2,fr,4,0.8101
14,8,de2fr,2,fr,6,0.7422
14,8,de2fr,3,de,4,0.6385
14,8,de2fr,3,de,6,0.574
14,8,de2fr,3,fr,4,0.8453
14,8,de2fr,3,fr,6,0.7746
14,8,de2fr,6,de,4,0.6227
14,8,de2fr,6,de,6,0.5799
14,8,de2fr,6,fr,4,0.8047
14,8,de2fr,6,fr,6,0.7606
14,8,de2fr,7,de,4,0.6321
14,8,de2fr,7,de,6,0.6503
14,8,de2fr,7,fr,4,0.7761
14,8,de2fr,7,fr,6,0.7144
14,8,de2fr,8,de,4,0.6176
14,8,de2fr,8,de,6,0.5795
14,8,de2fr,8,fr,4,0.8301
14,8,de2fr,8,fr,6,0.7665
14,8,en2fr,2,de,4,0.5156
14,8,en2fr,2,de,6,0.4443
14,8,en2fr,2,fr,4,0.8063
14,8,en2fr,2,fr,6,0.7798
14,8,en2fr,3,de,4,0.5907
14,8,en2fr,3,de,6,0.553
14,8,en2fr,3,fr,4,0.781
14,8,en2fr,3,fr,6,0.7691
14,8,en2fr,6,de,4,0.5952
14,8,en2fr,6,de,6,0.5598
14,8,en2fr,6,fr,4,0.7955
14,8,en2fr,6,fr,6,0.7882
14,8,en2fr,7,de,4,0.5555
14,8,en2fr,7,de,6,0.4708
14,8,en2fr,7,fr,4,0.8168
14,8,en2fr,7,fr,6,0.7972
14,8,en2fr,8,de,4,0.6374
14,8,en2fr,8,de,6,0.5973
14,8,en2fr,8,fr,4,0.8467
14,8,en2fr,8,fr,6,0.8015
14,8,en2fr,9,de,4,0.6235
14,8,en2fr,9,de,6,0.6046
14,8,en2fr,9,fr,4,0.7831
14,8,en2fr,9,fr,6,0.7593
14,8,en2fr,0,de,4,0.5887
14,8,en2fr,0,de,6,0.5677
14,8,en2fr,0,fr,4,0.8233
14,8,en2fr,0,fr,6,0.7865
15,8,de2fr,2,de,4,0.656
15,8,de2fr,2,de,6,0.6809
15,8,de2fr,2,fr,4,0.7735
15,8,de2fr,2,fr,6,0.7055
15,8,de2fr,3,de,4,0.6203
15,8,de2fr,3,de,6,0.5914
15,8,de2fr,3,fr,4,0.8191
15,8,de2fr,3,fr,6,0.7902
15,8,de2fr,6,de,4,0.5943
15,8,de2fr,6,de,6,0.6231
15,8,de2fr,6,fr,4,0.8117
15,8,de2fr,6,fr,6,0.7698
15,8,de2fr,7,de,4,0.6306
15,8,de2fr,7,de,6,0.6631
15,8,de2fr,7,fr,4,0.7875
15,8,de2fr,7,fr,6,0.7239
15,8,de2fr,8,de,4,0.5767
15,8,de2fr,8,de,6,0.5593
15,8,de2fr,8,fr,4,0.833
15,8,de2fr,8,fr,6,0.7601
15,8,en2fr,2,de,4,0.5156
15,8,en2fr,2,de,6,0.512
15,8,en2fr,2,fr,4,0.815
15,8,en2fr,2,fr,6,0.7738
15,8,en2fr,3,de,4,0.5662
15,8,en2fr,3,de,6,0.5564
15,8,en2fr,3,fr,4,0.7802
15,8,en2fr,3,fr,6,0.7504
15,8,en2fr,6,de,4,0.5551
15,8,en2fr,6,de,6,0.5437
15,8,en2fr,6,fr,4,0.791
15,8,en2fr,6,fr,6,0.768
15,8,en2fr,7,de,4,0.5135
15,8,en2fr,7,de,6,0.4845
15,8,en2fr,7,fr,4,0.8053
15,8,en2fr,7,fr,6,0.7651
15,8,en2fr,8,de,4,0.599
15,8,en2fr,8,de,6,0.6089
15,8,en2fr,8,fr,4,0.8358
15,8,en2fr,8,fr,6,0.786
15,8,en2fr,9,de,4,0.6014
15,8,en2fr,9,de,6,0.6014
15,8,en2fr,9,fr,4,0.8033
15,8,en2fr,9,fr,6,0.7691
15,8,en2fr,0,de,4,0.5424
15,8,en2fr,0,de,6,0.5631
15,8,en2fr,0,fr,4,0.809
15,8,en2fr,0,fr,6,0.7557
16,8,de2fr,2,de,4,0.6596
16,8,de2fr,2,de,6,0.6964
16,8,de2fr,2,fr,4,0.7706
16,8,de2fr,2,fr,6,0.7322
16,8,de2fr,3,de,4,0.6296
16,8,de2fr,3,de,6,0.5763
16,8,de2fr,3,fr,4,0.8175
16,8,de2fr,3,fr,6,0.7888
16,8,de2fr,6,de,4,0.5886
16,8,de2fr,6,de,6,0.5948
16,8,de2fr,6,fr,4,0.8173
16,8,de2fr,6,fr,6,0.7817
16,8,de2fr,7,de,4,0.5998
16,8,de2fr,7,de,6,0.6401
16,8,de2fr,7,fr,4,0.7654
16,8,de2fr,7,fr,6,0.683
16,8,de2fr,8,de,4,0.5768
16,8,de2fr,8,de,6,0.5341
16,8,de2fr,8,fr,4,0.8355
16,8,de2fr,8,fr,6,0.751
16,8,en2fr,2,de,4,0.5751
16,8,en2fr,2,de,6,0.5407
16,8,en2fr,2,fr,4,0.8173
16,8,en2fr,2,fr,6,0.7865
16,8,en2fr,3,de,4,0.5853
16,8,en2fr,3,de,6,0.5577
16,8,en2fr,3,fr,4,0.7923
16,8,en2fr,3,fr,6,0.7717
16,8,en2fr,6,de,4,0.5864
16,8,en2fr,6,de,6,0.5601
16,8,en2fr,6,fr,4,0.8085
16,8,en2fr,6,fr,6,0.7888
16,8,en2fr,7,de,4,0.5044
16,8,en2fr,7,de,6,0.4593
16,8,en2fr,7,fr,4,0.7932
16,8,en2fr,7,fr,6,0.7541
16,8,en2fr,8,de,4,0.6249
16,8,en2fr,8,de,6,0.599
16,8,en2fr,8,fr,4,0.8335
16,8,en2fr,8,fr,6,0.78
16,8,en2fr,9,de,4,0.6248
16,8,en2fr,9,de,6,0.591
16,8,en2fr,9,fr,4,0.7985
16,8,en2fr,9,fr,6,0.7852
16,8,en2fr,0,de,4,0.5322
16,8,en2fr,0,de,6,0.5291
16,8,en2fr,0,fr,4,0.8046
16,8,en2fr,0,fr,6,0.768
17,8,de2fr,2,de,4,0.6366
17,8,de2fr,2,de,6,0.6498
17,8,de2fr,2,fr,4,0.8035
17,8,de2fr,2,fr,6,0.7576
17,8,de2fr,3,de,4,0.5995
17,8,de2fr,3,de,6,0.5664
17,8,de2fr,3,fr,4,0.8076
17,8,de2fr,3,fr,6,0.8082
17,8,de2fr,6,de,4,0.5781
17,8,de2fr,6,de,6,0.56
17,8,de2fr,6,fr,4,0.7932
17,8,de2fr,6,fr,6,0.7888
17,8,de2fr,7,de,4,0.6043
17,8,de2fr,7,de,6,0.6089
17,8,de2fr,7,fr,4,0.8107
17,8,de2fr,7,fr,6,0.7878
17,8,de2fr,8,de,4,0.519
17,8,de2fr,8,de,6,0.4702
17,8,de2fr,8,fr,4,0.7981
17,8,de2fr,8,fr,6,0.7479
17,8,en2fr,2,de,4,0.5295
17,8,en2fr,2,de,6,0.4887
17,8,en2fr,2,fr,4,0.783
17,8,en2fr,2,fr,6,0.7864
17,8,en2fr,3,de,4,0.5632
17,8,en2fr,3,de,6,0.5442
17,8,en2fr,3,fr,4,0.7825
17,8,en2fr,3,fr,6,0.8004
17,8,en2fr,6,de,4,0.5585
17,8,en2fr,6,de,6,0.5144
17,8,en2fr,6,fr,4,0.7835
17,8,en2fr,6,fr,6,0.782
17,8,en2fr,7,de,4,0.5374
17,8,en2fr,7,de,6,0.4958
17,8,en2fr,7,fr,4,0.8108
17,8,en2fr,7,fr,6,0.8073
17,8,en2fr,8,de,4,0.6139
17,8,en2fr,8,de,6,0.5971
17,8,en2fr,8,fr,4,0.8327
17,8,en2fr,8,fr,6,0.8233
17,8,en2fr,9,de,4,0.587
17,8,en2fr,9,de,6,0.5785
17,8,en2fr,9,fr,4,0.7803
17,8,en2fr,9,fr,6,0.7849
17,8,en2fr,0,de,4,0.5516
17,8,en2fr,0,de,6,0.5336
17,8,en2fr,0,fr,4,0.8044
17,8,en2fr,0,fr,6,0.7952
18,8,de2fr,2,de,4,0.663
18,8,de2fr,2,de,6,0.6896
18,8,de2fr,2,fr,4,0.792
18,8,de2fr,2,fr,6,0.7248
18,8,de2fr,3,de,4,0.5881
18,8,de2fr,3,de,6,0.5354
18,8,de2fr,3,fr,4,0.798
18,8,de2fr,3,fr,6,0.7979
18,8,de2fr,6,de,4,0.6025
18,8,de2fr,6,de,6,0.5942
18,8,de2fr,6,fr,4,0.8092
18,8,de2fr,6,fr,6,0.7677
18,8,de2fr,7,de,4,0.6079
18,8,de2fr,7,de,6,0.6282
18,8,de2fr,7,fr,4,0.8303
18,8,de2fr,7,fr,6,0.7478
18,8,de2fr,8,de,4,0.5877
18,8,de2fr,8,de,6,0.5715
18,8,de2fr,8,fr,4,0.8348
18,8,de2fr,8,fr,6,0.7808
18,8,en2fr,2,de,4,0.5382
18,8,en2fr,2,de,6,0.516
18,8,en2fr,2,fr,4,0.8014
18,8,en2fr,2,fr,6,0.7844
18,8,en2fr,3,de,4,0.5548
18,8,en2fr,3,de,6,0.5386
18,8,en2fr,3,fr,4,0.7905
18,8,en2fr,3,fr,6,0.7844
18,8,en2fr,6,de,4,0.5599
18,8,en2fr,6,de,6,0.536
18,8,en2fr,6,fr,4,0.795
18,8,en2fr,6,fr,6,0.7914
18,8,en2fr,7,de,4,0.5235
18,8,en2fr,7,de,6,0.4776
18,8,en2fr,7,fr,4,0.8095
18,8,en2fr,7,fr,6,0.7899
18,8,en2fr,8,de,4,0.5783
18,8,en2fr,8,de,6,0.5653
18,8,en2fr,8,fr,4,0.8359
18,8,en2fr,8,fr,6,0.8079
18,8,en2fr,9,de,4,0.5931
18,8,en2fr,9,de,6,0.5874
18,8,en2fr,9,fr,4,0.8039
18,8,en2fr,9,fr,6,0.7804
18,8,en2fr,0,de,4,0.5443
18,8,en2fr,0,de,6,0.5507
18,8,en2fr,0,fr,4,0.8099
18,8,en2fr,0,fr,6,0.7796
19,8,de2fr,2,de,4,0.6465
19,8,de2fr,2,de,6,0.6818
19,8,de2fr,2,fr,4,0.8117
19,8,de2fr,2,fr,6,0.7479
19,8,de2fr,3,de,4,0.5703
19,8,de2fr,3,de,6,0.5506
19,8,de2fr,3,fr,4,0.8255
19,8,de2fr,3,fr,6,0.7975
19,8,de2fr,6,de,4,0.5409
19,8,de2fr,6,de,6,0.552
19,8,de2fr,6,fr,4,0.8045
19,8,de2fr,6,fr,6,0.7792
19,8,de2fr,7,de,4,0.5712
19,8,de2fr,7,de,6,0.5975
19,8,de2fr,7,fr,4,0.821
19,8,de2fr,7,fr,6,0.7803
19,8,de2fr,8,de,4,0.5985
19,8,de2fr,8,de,6,0.5895
19,8,de2fr,8,fr,4,0.8266
19,8,de2fr,8,fr,6,0.7739
19,8,en2fr,2,de,4,0.4833
19,8,en2fr,2,de,6,0.4677
19,8,en2fr,2,fr,4,0.7869
19,8,en2fr,2,fr,6,0.7862
19,8,en2fr,3,de,4,0.5498
19,8,en2fr,3,de,6,0.5265
19,8,en2fr,3,fr,4,0.7803
19,8,en2fr,3,fr,6,0.7758
19,8,en2fr,6,de,4,0.5592
19,8,en2fr,6,de,6,0.5387
19,8,en2fr,6,fr,4,0.799
19,8,en2fr,6,fr,6,0.7784
19,8,en2fr,7,de,4,0.5598
19,8,en2fr,7,de,6,0.523
19,8,en2fr,7,fr,4,0.7882
19,8,en2fr,7,fr,6,0.7871
19,8,en2fr,8,de,4,0.6223
19,8,en2fr,8,de,6,0.626
19,8,en2fr,8,fr,4,0.8198
19,8,en2fr,8,fr,6,0.8041
19,8,en2fr,9,de,4,0.5865
19,8,en2fr,9,de,6,0.5639
19,8,en2fr,9,fr,4,0.8019
19,8,en2fr,9,fr,6,0.7817
19,8,en2fr,0,de,4,0.5382
19,8,en2fr,0,de,6,0.5601
19,8,en2fr,0,fr,4,0.8031
19,8,en2fr,0,fr,6,0.7688
20,8,de2fr,2,de,4,0.6237
20,8,de2fr,2,de,6,0.6763
20,8,de2fr,2,fr,4,0.8096
20,8,de2fr,2,fr,6,0.7105
20,8,de2fr,3,de,4,0.6072
20,8,de2fr,3,de,6,0.5652
20,8,de2fr,3,fr,4,0.8154
20,8,de2fr,3,fr,6,0.8049
20,8,de2fr,6,de,4,0.5443
20,8,de2fr,6,de,6,0.545
20,8,de2fr,6,fr,4,0.8274
20,8,de2fr,6,fr,6,0.7814
20,8,de2fr,7,de,4,0.616
20,8,de2fr,7,de,6,0.6374
20,8,de2fr,7,fr,4,0.8297
20,8,de2fr,7,fr,6,0.7417
20,8,de2fr,8,de,4,0.6273
20,8,de2fr,8,de,6,0.6093
20,8,de2fr,8,fr,4,0.8362
20,8,de2fr,8,fr,6,0.7644
20,8,en2fr,2,de,4,0.5663
20,8,en2fr,2,de,6,0.5562
20,8,en2fr,2,fr,4,0.8095
20,8,en2fr,2,fr,6,0.7947
20,8,en2fr,3,de,4,0.5747
20,8,en2fr,3,de,6,0.5441
20,8,en2fr,3,fr,4,0.7695
20,8,en2fr,3,fr,6,0.7605
20,8,en2fr,6,de,4,0.5157
20,8,en2fr,6,de,6,0.4702
20,8,en2fr,6,fr,4,0.7568
20,8,en2fr,6,fr,6,0.8116
20,8,en2fr,7,de,4,0.5209
20,8,en2fr,7,de,6,0.4799
20,8,en2fr,7,fr,4,0.8031
20,8,en2fr,7,fr,6,0.7897
20,8,en2fr,8,de,4,0.625
20,8,en2fr,8,de,6,0.6215
20,8,en2fr,8,fr,4,0.8216
20,8,en2fr,8,fr,6,0.7447
20,8,en2fr,9,de,4,0.6192
20,8,en2fr,9,de,6,0.6001
20,8,en2fr,9,fr,4,0.784
20,8,en2fr,9,fr,6,0.7696
20,8,en2fr,0,de,4,0.5589
20,8,en2fr,0,de,6,0.5473
20,8,en2fr,0,fr,4,0.8176
20,8,en2fr,0,fr,6,0.7795
21,8,de2fr,2,de,4,0.6229
21,8,de2fr,2,de,6,0.6645
21,8,de2fr,2,fr,4,0.7924
21,8,de2fr,2,fr,6,0.7074
21,8,de2fr,3,de,4,0.5613
21,8,de2fr,3,de,6,0.5238
21,8,de2fr,3,fr,4,0.8143
21,8,de2fr,3,fr,6,0.8055
21,8,de2fr,6,de,4,0.5729
21,8,de2fr,6,de,6,0.5954
21,8,de2fr,6,fr,4,0.8264
21,8,de2fr,6,fr,6,0.7723
21,8,de2fr,7,de,4,0.6196
21,8,de2fr,7,de,6,0.6412
21,8,de2fr,7,fr,4,0.8007
21,8,de2fr,7,fr,6,0.7642
21,8,de2fr,8,de,4,0.5879
21,8,de2fr,8,de,6,0.5573
21,8,de2fr,8,fr,4,0.8446
21,8,de2fr,8,fr,6,0.8029
21,8,en2fr,2,de,4,0.5568
21,8,en2fr,2,de,6,0.5572
21,8,en2fr,2,fr,4,0.8224
21,8,en2fr,2,fr,6,0.8115
21,8,en2fr,3,de,4,0.5755
21,8,en2fr,3,de,6,0.5697
21,8,en2fr,3,fr,4,0.8065
21,8,en2fr,3,fr,6,0.7755
21,8,en2fr,6,de,4,0.5591
21,8,en2fr,6,de,6,0.5284
21,8,en2fr,6,fr,4,0.7989
21,8,en2fr,6,fr,6,0.8092
21,8,en2fr,7,de,4,0.5204
21,8,en2fr,7,de,6,0.5057
21,8,en2fr,7,fr,4,0.8162
21,8,en2fr,7,fr,6,0.8118
21,8,en2fr,8,de,4,0.5911
21,8,en2fr,8,de,6,0.6087
21,8,en2fr,8,fr,4,0.833
21,8,en2fr,8,fr,6,0.7851
21,8,en2fr,9,de,4,0.5829
21,8,en2fr,9,de,6,0.5559
21,8,en2fr,9,fr,4,0.8122
21,8,en2fr,9,fr,6,0.816
21,8,en2fr,0,de,4,0.5703
21,8,en2fr,0,de,6,0.5691
21,8,en2fr,0,fr,4,0.8201
21,8,en2fr,0,fr,6,0.8009
22,8,de2fr,2,de,4,0.6421
22,8,de2fr,2,de,6,0.6706
22,8,de2fr,2,fr,4,0.8055
22,8,de2fr,2,fr,6,0.7269
22,8,de2fr,3,de,4,0.5522
22,8,de2fr,3,de,6,0.4777
22,8,de2fr,3,fr,4,0.8196
22,8,de2fr,3,fr,6,0.7986
22,8,de2fr,6,de,4,0.6035
22,8,de2fr,6,de,6,0.5857
22,8,de2fr,6,fr,4,0.8391
22,8,de2fr,6,fr,6,0.7669
22,8,de2fr,7,de,4,0.6152
22,8,de2fr,7,de,6,0.6081
22,8,de2fr,7,fr,4,0.8248
22,8,de2fr,7,fr,6,0.7781
22,8,de2fr,8,de,4,0.6146
22,8,de2fr,8,de,6,0.5578
22,8,de2fr,8,fr,4,0.8281
22,8,de2fr,8,fr,6,0.7891
22,8,en2fr,2,de,4,0.5325
22,8,en2fr,2,de,6,0.4975
22,8,en2fr,2,fr,4,0.806
22,8,en2fr,2,fr,6,0.7941
22,8,en2fr,3,de,4,0.5489
22,8,en2fr,3,de,6,0.5082
22,8,en2fr,3,fr,4,0.7897
22,8,en2fr,3,fr,6,0.7688
22,8,en2fr,6,de,4,0.5815
22,8,en2fr,6,de,6,0.535
22,8,en2fr,6,fr,4,0.8069
22,8,en2fr,6,fr,6,0.7999
22,8,en2fr,7,de,4,0.5032
22,8,en2fr,7,de,6,0.4243
22,8,en2fr,7,fr,4,0.8027
22,8,en2fr,7,fr,6,0.7798
22,8,en2fr,8,de,4,0.6234
22,8,en2fr,8,de,6,0.6038
22,8,en2fr,8,fr,4,0.8433
22,8,en2fr,8,fr,6,0.7803
22,8,en2fr,9,de,4,0.596
22,8,en2fr,9,de,6,0.5459
22,8,en2fr,9,fr,4,0.8268
22,8,en2fr,9,fr,6,0.7938
22,8,en2fr,0,de,4,0.5637
22,8,en2fr,0,de,6,0.5375
22,8,en2fr,0,fr,4,0.8072
22,8,en2fr,0,fr,6,0.7709
23,8,de2fr,2,de,4,0.6169
23,8,de2fr,2,de,6,0.6494
23,8,de2fr,2,fr,4,0.7901
23,8,de2fr,2,fr,6,0.7302
23,8,de2fr,3,de,4,0.5397
23,8,de2fr,3,de,6,0.4604
23,8,de2fr,3,fr,4,0.8125
23,8,de2fr,3,fr,6,0.8138
23,8,de2fr,6,de,4,0.5942
23,8,de2fr,6,de,6,0.5713
23,8,de2fr,6,fr,4,0.8295
23,8,de2fr,6,fr,6,0.8021
23,8,de2fr,7,de,4,0.5839
23,8,de2fr,7,de,6,0.6015
23,8,de2fr,7,fr,4,0.7591
23,8,de2fr,7,fr,6,0.7175
23,8,de2fr,8,de,4,0.6202
23,8,de2fr,8,de,6,0.583
23,8,de2fr,8,fr,4,0.8388
23,8,de2fr,8,fr,6,0.7803
23,8,en2fr,2,de,4,0.5458
23,8,en2fr,2,de,6,0.5082
23,8,en2fr,2,fr,4,0.8156
23,8,en2fr,2,fr,6,0.8247
23,8,en2fr,3,de,4,0.529
23,8,en2fr,3,de,6,0.4721
23,8,en2fr,3,fr,4,0.7697
23,8,en2fr,3,fr,6,0.7837
23,8,en2fr,6,de,4,0.5365
23,8,en2fr,6,de,6,0.4849
23,8,en2fr,6,fr,4,0.8065
23,8,en2fr,6,fr,6,0.8196
23,8,en2fr,7,de,4,0.4834
23,8,en2fr,7,de,6,0.4255
23,8,en2fr,7,fr,4,0.8098
23,8,en2fr,7,fr,6,0.8124
23,8,en2fr,8,de,4,0.6085
23,8,en2fr,8,de,6,0.5853
23,8,en2fr,8,fr,4,0.83
23,8,en2fr,8,fr,6,0.7968
23,8,en2fr,9,de,4,0.622
23,8,en2fr,9,de,6,0.5805
23,8,en2fr,9,fr,4,0.8042
23,8,en2fr,9,fr,6,0.7886
23,8,en2fr,0,de,4,0.6003
23,8,en2fr,0,de,6,0.5619
23,8,en2fr,0,fr,4,0.8024
23,8,en2fr,0,fr,6,0.7792
24,8,de2fr,2,de,4,0.63
24,8,de2fr,2,de,6,0.669
24,8,de2fr,2,fr,4,0.7936
24,8,de2fr,2,fr,6,0.7279
24,8,de2fr,3,de,4,0.5664
24,8,de2fr,3,de,6,0.5195
24,8,de2fr,3,fr,4,0.7946
24,8,de2fr,3,fr,6,0.7882
24,8,de2fr,6,de,4,0.5576
24,8,de2fr,6,de,6,0.5457
24,8,de2fr,6,fr,4,0.8169
24,8,de2fr,6,fr,6,0.7804
24,8,de2fr,7,de,4,0.5807
24,8,de2fr,7,de,6,0.5915
24,8,de2fr,7,fr,4,0.8152
24,8,de2fr,7,fr,6,0.7709
24,8,de2fr,8,de,4,0.5841
24,8,de2fr,8,de,6,0.5609
24,8,de2fr,8,fr,4,0.8292
24,8,de2fr,8,fr,6,0.7958
24,8,en2fr,2,de,4,0.5516
24,8,en2fr,2,de,6,0.5374
24,8,en2fr,2,fr,4,0.8077
24,8,en2fr,2,fr,6,0.7978
24,8,en2fr,3,de,4,0.5697
24,8,en2fr,3,de,6,0.5607
24,8,en2fr,3,fr,4,0.7991
24,8,en2fr,3,fr,6,0.7961
24,8,en2fr,6,de,4,0.5817
24,8,en2fr,6,de,6,0.548
24,8,en2fr,6,fr,4,0.8074
24,8,en2fr,6,fr,6,0.8194
24,8,en2fr,7,de,4,0.5506
24,8,en2fr,7,de,6,0.5136
24,8,en2fr,7,fr,4,0.8086
24,8,en2fr,7,fr,6,0.8131
24,8,en2fr,8,de,4,0.5897
24,8,en2fr,8,de,6,0.5776
24,8,en2fr,8,fr,4,0.8198
24,8,en2fr,8,fr,6,0.7966
24,8,en2fr,9,de,4,0.6056
24,8,en2fr,9,de,6,0.5823
24,8,en2fr,9,fr,4,0.7935
24,8,en2fr,9,fr,6,0.7876
24,8,en2fr,0,de,4,0.5867
24,8,en2fr,0,de,6,0.5838
24,8,en2fr,0,fr,4,0.8058
24,8,en2fr,0,fr,6,0.7832
25,8,de2fr,2,de,4,0.6382
25,8,de2fr,2,de,6,0.6671
25,8,de2fr,2,fr,4,0.7875
25,8,de2fr,2,fr,6,0.7242
25,8,de2fr,3,de,4,0.575
25,8,de2fr,3,de,6,0.5274
25,8,de2fr,3,fr,4,0.8211
25,8,de2fr,3,fr,6,0.8153
25,8,de2fr,6,de,4,0.6046
25,8,de2fr,6,de,6,0.5957
25,8,de2fr,6,fr,4,0.8089
25,8,de2fr,6,fr,6,0.7875
25,8,de2fr,7,de,4,0.6356
25,8,de2fr,7,de,6,0.6553
25,8,de2fr,7,fr,4,0.8127
25,8,de2fr,7,fr,6,0.7622
25,8,de2fr,8,de,4,0.5863
25,8,de2fr,8,de,6,0.5359
25,8,de2fr,8,fr,4,0.8289
25,8,de2fr,8,fr,6,0.7933
25,8,en2fr,2,de,4,0.6123
25,8,en2fr,2,de,6,0.613
25,8,en2fr,2,fr,4,0.8101
25,8,en2fr,2,fr,6,0.7975
25,8,en2fr,3,de,4,0.5473
25,8,en2fr,3,de,6,0.5327
25,8,en2fr,3,fr,4,0.7917
25,8,en2fr,3,fr,6,0.7978
25,8,en2fr,6,de,4,0.6074
25,8,en2fr,6,de,6,0.5734
25,8,en2fr,6,fr,4,0.8024
25,8,en2fr,6,fr,6,0.8125
25,8,en2fr,7,de,4,0.5735
25,8,en2fr,7,de,6,0.5341
25,8,en2fr,7,fr,4,0.7998
25,8,en2fr,7,fr,6,0.807
25,8,en2fr,8,de,4,0.614
25,8,en2fr,8,de,6,0.5884
25,8,en2fr,8,fr,4,0.8313
25,8,en2fr,8,fr,6,0.8122
25,8,en2fr,9,de,4,0.5815
25,8,en2fr,9,de,6,0.552
25,8,en2fr,9,fr,4,0.8108
25,8,en2fr,9,fr,6,0.8094
25,8,en2fr,0,de,4,0.5713
25,8,en2fr,0,de,6,0.5462
25,8,en2fr,0,fr,4,0.8056
25,8,en2fr,0,fr,6,0.8006
26,8,de2fr,2,de,4,0.6504
26,8,de2fr,2,de,6,0.6727
26,8,de2fr,2,fr,4,0.8084
26,8,de2fr,2,fr,6,0.7387
26,8,de2fr,3,de,4,0.6316
26,8,de2fr,3,de,6,0.5784
26,8,de2fr,3,fr,4,0.8072
26,8,de2fr,3,fr,6,0.814
26,8,de2fr,6,de,4,0.5247
26,8,de2fr,6,de,6,0.508
26,8,de2fr,6,fr,4,0.7948
26,8,de2fr,6,fr,6,0.7814
26,8,de2fr,7,de,4,0.6355
26,8,de2fr,7,de,6,0.6577
26,8,de2fr,7,fr,4,0.8228
26,8,de2fr,7,fr,6,0.7705
26,8,de2fr,8,de,4,0.6269
26,8,de2fr,8,de,6,0.599
26,8,de2fr,8,fr,4,0.844
26,8,de2fr,8,fr,6,0.7937
26,8,en2fr,2,de,4,0.5632
26,8,en2fr,2,de,6,0.5532
26,8,en2fr,2,fr,4,0.8203
26,8,en2fr,2,fr,6,0.8138
26,8,en2fr,3,de,4,0.524
26,8,en2fr,3,de,6,0.5021
26,8,en2fr,3,fr,4,0.777
26,8,en2fr,3,fr,6,0.7812
26,8,en2fr,6,de,4,0.5662
26,8,en2fr,6,de,6,0.5241
26,8,en2fr,6,fr,4,0.7897
26,8,en2fr,6,fr,6,0.8068
26,8,en2fr,7,de,4,0.5287
26,8,en2fr,7,de,6,0.4984
26,8,en2fr,7,fr,4,0.7862
26,8,en2fr,7,fr,6,0.7952
26,8,en2fr,8,de,4,0.6183
26,8,en2fr,8,de,6,0.6165
26,8,en2fr,8,fr,4,0.8213
26,8,en2fr,8,fr,6,0.7914
26,8,en2fr,9,de,4,0.6004
26,8,en2fr,9,de,6,0.5608
26,8,en2fr,9,fr,4,0.7984
26,8,en2fr,9,fr,6,0.8068
26,8,en2fr,0,de,4,0.5806
26,8,en2fr,0,de,6,0.561
26,8,en2fr,0,fr,4,0.8194
26,8,en2fr,0,fr,6,0.8043
27,8,de2fr,2,de,4,0.6573
27,8,de2fr,2,de,6,0.6765
27,8,de2fr,2,fr,4,0.8044
27,8,de2fr,2,fr,6,0.7351
27,8,de2fr,3,de,4,0.5894
27,8,de2fr,3,de,6,0.5397
27,8,de2fr,3,fr,4,0.8124
27,8,de2fr,3,fr,6,0.8168
27,8,de2fr,6,de,4,0.5698
27,8,de2fr,6,de,6,0.5471
27,8,de2fr,6,fr,4,0.8213
27,8,de2fr,6,fr,6,0.804
27,8,de2fr,7,de,4,0.591
27,8,de2fr,7,de,6,0.5993
27,8,de2fr,7,fr,4,0.8177
27,8,de2fr,7,fr,6,0.7779
27,8,de2fr,8,de,4,0.6081
27,8,de2fr,8,de,6,0.579
27,8,de2fr,8,fr,4,0.8323
27,8,de2fr,8,fr,6,0.797
27,8,en2fr,2,de,4,0.5756
27,8,en2fr,2,de,6,0.5549
27,8,en2fr,2,fr,4,0.8088
27,8,en2fr,2,fr,6,0.8126
27,8,en2fr,3,de,4,0.5722
27,8,en2fr,3,de,6,0.5422
27,8,en2fr,3,fr,4,0.7924
27,8,en2fr,3,fr,6,0.7851
27,8,en2fr,6,de,4,0.5687
27,8,en2fr,6,de,6,0.5112
27,8,en2fr,6,fr,4,0.7744
27,8,en2fr,6,fr,6,0.8044
27,8,en2fr,7,de,4,0.5399
27,8,en2fr,7,de,6,0.4936
27,8,en2fr,7,fr,4,0.8024
27,8,en2fr,7,fr,6,0.8098
27,8,en2fr,8,de,4,0.63
27,8,en2fr,8,de,6,0.6284
27,8,en2fr,8,fr,4,0.8236
27,8,en2fr,8,fr,6,0.7892
27,8,en2fr,9,de,4,0.6019
27,8,en2fr,9,de,6,0.5601
27,8,en2fr,9,fr,4,0.8049
27,8,en2fr,9,fr,6,0.8146
27,8,en2fr,0,de,4,0.5834
27,8,en2fr,0,de,6,0.5619
27,8,en2fr,0,fr,4,0.8072
27,8,en2fr,0,fr,6,0.8042
28,8,de2fr,2,de,4,0.645
28,8,de2fr,2,de,6,0.6916
28,8,de2fr,2,fr,4,0.763
28,8,de2fr,2,fr,6,0.6973
28,8,de2fr,3,de,4,0.6199
28,8,de2fr,3,de,6,0.5948
28,8,de2fr,3,fr,4,0.8216
28,8,de2fr,3,fr,6,0.8116
28,8,de2fr,6,de,4,0.6112
28,8,de2fr,6,de,6,0.5904
28,8,de2fr,6,fr,4,0.8075
28,8,de2fr,6,fr,6,0.789
28,8,de2fr,7,de,4,0.6242
28,8,de2fr,7,de,6,0.6523
28,8,de2fr,7,fr,4,0.8148
28,8,de2fr,7,fr,6,0.7747
28,8,de2fr,8,de,4,0.6134
28,8,de2fr,8,de,6,0.6087
28,8,de2fr,8,fr,4,0.8414
28,8,de2fr,8,fr,6,0.7808
28,8,en2fr,2,de,4,0.5885
28,8,en2fr,2,de,6,0.5994
28,8,en2fr,2,fr,4,0.8133
28,8,en2fr,2,fr,6,0.7965
28,8,en2fr,3,de,4,0.5713
28,8,en2fr,3,de,6,0.5618
28,8,en2fr,3,fr,4,0.8
28,8,en2fr,3,fr,6,0.8024
28,8,en2fr,6,de,4,0.5923
28,8,en2fr,6,de,6,0.5605
28,8,en2fr,6,fr,4,0.8008
28,8,en2fr,6,fr,6,0.8106
28,8,en2fr,7,de,4,0.5743
28,8,en2fr,7,de,6,0.5387
28,8,en2fr,7,fr,4,0.7864
28,8,en2fr,7,fr,6,0.7945
28,8,en2fr,8,de,4,0.6205
28,8,en2fr,8,de,6,0.6179
28,8,en2fr,8,fr,4,0.8336
28,8,en2fr,8,fr,6,0.8135
28,8,en2fr,9,de,4,0.6271
28,8,en2fr,9,de,6,0.5955
28,8,en2fr,9,fr,4,0.8149
28,8,en2fr,9,fr,6,0.8165
28,8,en2fr,0,de,4,0.5603
28,8,en2fr,0,de,6,0.5339
28,8,en2fr,0,fr,4,0.8144
28,8,en2fr,0,fr,6,0.808
29,8,de2fr,2,de,4,0.6336
29,8,de2fr,2,de,6,0.6738
29,8,de2fr,2,fr,4,0.7896
29,8,de2fr,2,fr,6,0.7243
29,8,de2fr,3,de,4,0.6284
29,8,de2fr,3,de,6,0.5939
29,8,de2fr,3,fr,4,0.8201
29,8,de2fr,3,fr,6,0.8112
29,8,de2fr,6,de,4,0.6066
29,8,de2fr,6,de,6,0.6053
29,8,de2fr,6,fr,4,0.8134
29,8,de2fr,6,fr,6,0.7893
29,8,de2fr,7,de,4,0.6103
29,8,de2fr,7,de,6,0.6236
29,8,de2fr,7,fr,4,0.8292
29,8,de2fr,7,fr,6,0.7884
29,8,de2fr,8,de,4,0.5702
29,8,de2fr,8,de,6,0.5326
29,8,de2fr,8,fr,4,0.8135
29,8,de2fr,8,fr,6,0.7729
29,8,en2fr,2,de,4,0.5485
29,8,en2fr,2,de,6,0.5168
29,8,en2fr,2,fr,4,0.8042
29,8,en2fr,2,fr,6,0.8108
29,8,en2fr,3,de,4,0.6048
29,8,en2fr,3,de,6,0.5987
29,8,en2fr,3,fr,4,0.8023
29,8,en2fr,3,fr,6,0.8015
29,8,en2fr,6,de,4,0.6015
29,8,en2fr,6,de,6,0.5678
29,8,en2fr,6,fr,4,0.8022
29,8,en2fr,6,fr,6,0.8139
29,8,en2fr,7,de,4,0.5699
29,8,en2fr,7,de,6,0.5509
29,8,en2fr,7,fr,4,0.7939
29,8,en2fr,7,fr,6,0.7845
29,8,en2fr,8,de,4,0.6183
29,8,en2fr,8,de,6,0.6071
29,8,en2fr,8,fr,4,0.8177
29,8,en2fr,8,fr,6,0.7984
29,8,en2fr,9,de,4,0.594
29,8,en2fr,9,de,6,0.5734
29,8,en2fr,9,fr,4,0.799
29,8,en2fr,9,fr,6,0.809
29,8,en2fr,0,de,4,0.5291
29,8,en2fr,0,de,6,0.5032
29,8,en2fr,0,fr,4,0.7781
29,8,en2fr,0,fr,6,0.7783
4,9,de2fr,2,de,4,0.8229
4,9,de2fr,2,de,6,0.861
4,9,de2fr,2,fr,4,0.5359
4,9,de2fr,2,fr,6,0.607
4,9,de2fr,3,de,4,0.846
4,9,de2fr,3,de,6,0.8464
4,9,de2fr,3,fr,4,0.6018
4,9,de2fr,3,fr,6,0.6765
4,9,de2fr,6,de,4,0.8449
4,9,de2fr,6,de,6,0.8287
4,9,de2fr,6,fr,4,0.5712
4,9,de2fr,6,fr,6,0.6404
4,9,de2fr,7,de,4,0.8441
4,9,de2fr,7,de,6,0.8447
4,9,de2fr,7,fr,4,0.5786
4,9,de2fr,7,fr,6,0.6427
4,9,de2fr,8,de,4,0.8339
4,9,de2fr,8,de,6,0.7804
4,9,de2fr,8,fr,4,0.5556
4,9,de2fr,8,fr,6,0.5799
4,9,en2fr,2,de,4,0.6673
4,9,en2fr,2,de,6,0.682
4,9,en2fr,2,fr,4,0.6539
4,9,en2fr,2,fr,6,0.7548
4,9,en2fr,3,de,4,0.6516
4,9,en2fr,3,de,6,0.6524
4,9,en2fr,3,fr,4,0.6725
4,9,en2fr,3,fr,6,0.7646
4,9,en2fr,6,de,4,0.6628
4,9,en2fr,6,de,6,0.6423
4,9,en2fr,6,fr,4,0.6916
4,9,en2fr,6,fr,6,0.7776
4,9,en2fr,7,de,4,0.6285
4,9,en2fr,7,de,6,0.6619
4,9,en2fr,7,fr,4,0.6406
4,9,en2fr,7,fr,6,0.7637
4,9,en2fr,8,de,4,0.6534
4,9,en2fr,8,de,6,0.6879
4,9,en2fr,8,fr,4,0.6536
4,9,en2fr,8,fr,6,0.7649
4,9,en2fr,9,de,4,0.6789
4,9,en2fr,9,de,6,0.6834
4,9,en2fr,9,fr,4,0.6904
4,9,en2fr,9,fr,6,0.7741
4,9,en2fr,0,de,4,0.6728
4,9,en2fr,0,de,6,0.6619
4,9,en2fr,0,fr,4,0.6847
4,9,en2fr,0,fr,6,0.7767
5,9,de2fr,2,de,4,0.6764
5,9,de2fr,2,de,6,0.6865
5,9,de2fr,2,fr,4,0.7306
5,9,de2fr,2,fr,6,0.7616
5,9,de2fr,3,de,4,0.6559
5,9,de2fr,3,de,6,0.6589
5,9,de2fr,3,fr,4,0.7237
5,9,de2fr,3,fr,6,0.785
5,9,de2fr,6,de,4,0.6532
5,9,de2fr,6,de,6,0.624
5,9,de2fr,6,fr,4,0.7139
5,9,de2fr,6,fr,6,0.7747
5,9,de2fr,7,de,4,0.6606
5,9,de2fr,7,de,6,0.654
5,9,de2fr,7,fr,4,0.7255
5,9,de2fr,7,fr,6,0.7843
5,9,de2fr,8,de,4,0.6335
5,9,de2fr,8,de,6,0.6139
5,9,de2fr,8,fr,4,0.6871
5,9,de2fr,8,fr,6,0.7324
5,9,en2fr,2,de,4,0.6096
5,9,en2fr,2,de,6,0.5839
5,9,en2fr,2,fr,4,0.729
5,9,en2fr,2,fr,6,0.7954
5,9,en2fr,3,de,4,0.5866
5,9,en2fr,3,de,6,0.5444
5,9,en2fr,3,fr,4,0.6953
5,9,en2fr,3,fr,6,0.7638
5,9,en2fr,6,de,4,0.6115
5,9,en2fr,6,de,6,0.5854
5,9,en2fr,6,fr,4,0.7211
5,9,en2fr,6,fr,6,0.7728
5,9,en2fr,7,de,4,0.6176
5,9,en2fr,7,de,6,0.5913
5,9,en2fr,7,fr,4,0.7379
5,9,en2fr,7,fr,6,0.7913
5,9,en2fr,8,de,4,0.6164
5,9,en2fr,8,de,6,0.5909
5,9,en2fr,8,fr,4,0.7362
5,9,en2fr,8,fr,6,0.7981
5,9,en2fr,9,de,4,0.6059
5,9,en2fr,9,de,6,0.5716
5,9,en2fr,9,fr,4,0.7224
5,9,en2fr,9,fr,6,0.7828
5,9,en2fr,0,de,4,0.6007
5,9,en2fr,0,de,6,0.5766
5,9,en2fr,0,fr,4,0.7136
5,9,en2fr,0,fr,6,0.779
6,9,de2fr,2,de,4,0.6974
6,9,de2fr,2,de,6,0.7033
6,9,de2fr,2,fr,4,0.7816
6,9,de2fr,2,fr,6,0.7724
6,9,de2fr,3,de,4,0.7033
6,9,de2fr,3,de,6,0.6615
6,9,de2fr,3,fr,4,0.7756
6,9,de2fr,3,fr,6,0.7945
6,9,de2fr,6,de,4,0.6608
6,9,de2fr,6,de,6,0.607
6,9,de2fr,6,fr,4,0.7484
6,9,de2fr,6,fr,6,0.7337
6,9,de2fr,7,de,4,0.6956
6,9,de2fr,7,de,6,0.6647
6,9,de2fr,7,fr,4,0.7744
6,9,de2fr,7,fr,6,0.7815
6,9,de2fr,8,de,4,0.6337
6,9,de2fr,8,de,6,0.5774
6,9,de2fr,8,fr,4,0.7479
6,9,de2fr,8,fr,6,0.7188
6,9,en2fr,2,de,4,0.63
6,9,en2fr,2,de,6,0.573
6,9,en2fr,2,fr,4,0.7749
6,9,en2fr,2,fr,6,0.7743
6,9,en2fr,3,de,4,0.6328
6,9,en2fr,3,de,6,0.5742
6,9,en2fr,3,fr,4,0.7812
6,9,en2fr,3,fr,6,0.788
6,9,en2fr,6,de,4,0.6313
6,9,en2fr,6,de,6,0.5527
6,9,en2fr,6,fr,4,0.7672
6,9,en2fr,6,fr,6,0.7929
6,9,en2fr,7,de,4,0.6628
6,9,en2fr,7,de,6,0.6252
6,9,en2fr,7,fr,4,0.7976
6,9,en2fr,7,fr,6,0.8049
6,9,en2fr,8,de,4,0.644
6,9,en2fr,8,de,6,0.5839
6,9,en2fr,8,fr,4,0.8138
6,9,en2fr,8,fr,6,0.8052
6,9,en2fr,9,de,4,0.6538
6,9,en2fr,9,de,6,0.6024
6,9,en2fr,9,fr,4,0.7954
6,9,en2fr,9,fr,6,0.8092
6,9,en2fr,0,de,4,0.6546
6,9,en2fr,0,de,6,0.6232
6,9,en2fr,0,fr,4,0.7969
6,9,en2fr,0,fr,6,0.8003
7,9,de2fr,2,de,4,0.6468
7,9,de2fr,2,de,6,0.6748
7,9,de2fr,2,fr,4,0.7236
7,9,de2fr,2,fr,6,0.6931
7,9,de2fr,3,de,4,0.6356
7,9,de2fr,3,de,6,0.6164
7,9,de2fr,3,fr,4,0.7647
7,9,de2fr,3,fr,6,0.7403
7,9,de2fr,6,de,4,0.558
7,9,de2fr,6,de,6,0.5401
7,9,de2fr,6,fr,4,0.691
7,9,de2fr,6,fr,6,0.6591
7,9,de2fr,7,de,4,0.6424
7,9,de2fr,7,de,6,0.636
7,9,de2fr,7,fr,4,0.7555
7,9,de2fr,7,fr,6,0.7256
7,9,de2fr,8,de,4,0.5699
7,9,de2fr,8,de,6,0.5437
7,9,de2fr,8,fr,4,0.7053
7,9,de2fr,8,fr,6,0.6695
7,9,en2fr,2,de,4,0.5637
7,9,en2fr,2,de,6,0.5449
7,9,en2fr,2,fr,4,0.7179
7,9,en2fr,2,fr,6,0.7077
7,9,en2fr,3,de,4,0.5598
7,9,en2fr,3,de,6,0.5391
7,9,en2fr,3,fr,4,0.7121
7,9,en2fr,3,fr,6,0.709
7,9,en2fr,6,de,4,0.5719
7,9,en2fr,6,de,6,0.5347
7,9,en2fr,6,fr,4,0.7165
7,9,en2fr,6,fr,6,0.7487
7,9,en2fr,7,de,4,0.6168
7,9,en2fr,7,de,6,0.6188
7,9,en2fr,7,fr,4,0.7726
7,9,en2fr,7,fr,6,0.7709
7,9,en2fr,8,de,4,0.6141
7,9,en2fr,8,de,6,0.6207
7,9,en2fr,8,fr,4,0.78
7,9,en2fr,8,fr,6,0.7673
7,9,en2fr,9,de,4,0.6353
7,9,en2fr,9,de,6,0.6246
7,9,en2fr,9,fr,4,0.7745
7,9,en2fr,9,fr,6,0.7621
7,9,en2fr,0,de,4,0.6119
7,9,en2fr,0,de,6,0.6108
7,9,en2fr,0,fr,4,0.7549
7,9,en2fr,0,fr,6,0.7753
8,9,de2fr,2,de,4,0.609
8,9,de2fr,2,de,6,0.6131
8,9,de2fr,2,fr,4,0.7745
8,9,de2fr,2,fr,6,0.6821
8,9,de2fr,3,de,4,0.6421
8,9,de2fr,3,de,6,0.6298
8,9,de2fr,3,fr,4,0.8169
8,9,de2fr,3,fr,6,0.7735
8,9,de2fr,6,de,4,0.5478
8,9,de2fr,6,de,6,0.5146
8,9,de2fr,6,fr,4,0.7648
8,9,de2fr,6,fr,6,0.6962
8,9,de2fr,7,de,4,0.6176
8,9,de2fr,7,de,6,0.6115
8,9,de2fr,7,fr,4,0.8019
8,9,de2fr,7,fr,6,0.731
8,9,de2fr,8,de,4,0.5238
8,9,de2fr,8,de,6,0.4897
8,9,de2fr,8,fr,4,0.7553
8,9,de2fr,8,fr,6,0.6688
8,9,en2fr,2,de,4,0.5181
8,9,en2fr,2,de,6,0.4937
8,9,en2fr,2,fr,4,0.7779
8,9,en2fr,2,fr,6,0.7335
8,9,en2fr,3,de,4,0.5183
8,9,en2fr,3,de,6,0.4661
8,9,en2fr,3,fr,4,0.7445
8,9,en2fr,3,fr,6,0.6989
8,9,en2fr,6,de,4,0.5739
8,9,en2fr,6,de,6,0.5217
8,9,en2fr,6,fr,4,0.7776
8,9,en2fr,6,fr,6,0.7729
8,9,en2fr,7,de,4,0.6062
8,9,en2fr,7,de,6,0.5802
8,9,en2fr,7,fr,4,0.7877
8,9,en2fr,7,fr,6,0.7932
8,9,en2fr,8,de,4,0.5662
8,9,en2fr,8,de,6,0.5408
8,9,en2fr,8,fr,4,0.7911
8,9,en2fr,8,fr,6,0.7442
8,9,en2fr,9,de,4,0.5639
8,9,en2fr,9,de,6,0.5214
8,9,en2fr,9,fr,4,0.7494
8,9,en2fr,9,fr,6,0.7291
8,9,en2fr,0,de,4,0.565
8,9,en2fr,0,de,6,0.5279
8,9,en2fr,0,fr,4,0.7815
8,9,en2fr,0,fr,6,0.763
9,9,de2fr,2,de,4,0.6467
9,9,de2fr,2,de,6,0.6705
9,9,de2fr,2,fr,4,0.777
9,9,de2fr,2,fr,6,0.7373
9,9,de2fr,3,de,4,0.6249
9,9,de2fr,3,de,6,0.5712
9,9,de2fr,3,fr,4,0.8178
9,9,de2fr,3,fr,6,0.7835
9,9,de2fr,6,de,4,0.5678
9,9,de2fr,6,de,6,0.5048
9,9,de2fr,6,fr,4,0.7399
9,9,de2fr,6,fr,6,0.6988
9,9,de2fr,7,de,4,0.6262
9,9,de2fr,7,de,6,0.5975
9,9,de2fr,7,fr,4,0.7891
9,9,de2fr,7,fr,6,0.721
9,9,de2fr,8,de,4,0.5378
9,9,de2fr,8,de,6,0.4736
9,9,de2fr,8,fr,4,0.728
9,9,de2fr,8,fr,6,0.6772
9,9,en2fr,2,de,4,0.5042
9,9,en2fr,2,de,6,0.435
9,9,en2fr,2,fr,4,0.7394
9,9,en2fr,2,fr,6,0.7117
9,9,en2fr,3,de,4,0.552
9,9,en2fr,3,de,6,0.4865
9,9,en2fr,3,fr,4,0.7173
9,9,en2fr,3,fr,6,0.685
9,9,en2fr,6,de,4,0.5772
9,9,en2fr,6,de,6,0.5159
9,9,en2fr,6,fr,4,0.7704
9,9,en2fr,6,fr,6,0.7584
9,9,en2fr,7,de,4,0.5914
9,9,en2fr,7,de,6,0.5429
9,9,en2fr,7,fr,4,0.788
9,9,en2fr,7,fr,6,0.7697
9,9,en2fr,8,de,4,0.5767
9,9,en2fr,8,de,6,0.5347
9,9,en2fr,8,fr,4,0.7878
9,9,en2fr,8,fr,6,0.7581
9,9,en2fr,9,de,4,0.5846
9,9,en2fr,9,de,6,0.5404
9,9,en2fr,9,fr,4,0.7663
9,9,en2fr,9,fr,6,0.7475
9,9,en2fr,0,de,4,0.5875
9,9,en2fr,0,de,6,0.526
9,9,en2fr,0,fr,4,0.7525
9,9,en2fr,0,fr,6,0.7245
10,9,de2fr,2,de,4,0.6504
10,9,de2fr,2,de,6,0.67
10,9,de2fr,2,fr,4,0.7654
10,9,de2fr,2,fr,6,0.7275
10,9,de2fr,3,de,4,0.6168
10,9,de2fr,3,de,6,0.5909
10,9,de2fr,3,fr,4,0.8424
10,9,de2fr,3,fr,6,0.7856
10,9,de2fr,6,de,4,0.558
10,9,de2fr,6,de,6,0.5108
10,9,de2fr,6,fr,4,0.7613
10,9,de2fr,6,fr,6,0.7216
10,9,de2fr,7,de,4,0.6299
10,9,de2fr,7,de,6,0.6604
10,9,de2fr,7,fr,4,0.7997
10,9,de2fr,7,fr,6,0.7483
10,9,de2fr,8,de,4,0.4767
10,9,de2fr,8,de,6,0.4195
10,9,de2fr,8,fr,4,0.7163
10,9,de2fr,8,fr,6,0.6534
10,9,en2fr,2,de,4,0.4639
10,9,en2fr,2,de,6,0.4168
10,9,en2fr,2,fr,4,0.763
10,9,en2fr,2,fr,6,0.7086
10,9,en2fr,3,de,4,0.4997
10,9,en2fr,3,de,6,0.4308
10,9,en2fr,3,fr,4,0.7047
10,9,en2fr,3,fr,6,0.6834
10,9,en2fr,6,de,4,0.5387
10,9,en2fr,6,de,6,0.4884
10,9,en2fr,6,fr,4,0.7774
10,9,en2fr,6,fr,6,0.781
10,9,en2fr,7,de,4,0.5296
10,9,en2fr,7,de,6,0.4877
10,9,en2fr,7,fr,4,0.7776
10,9,en2fr,7,fr,6,0.7714
10,9,en2fr,8,de,4,0.5577
10,9,en2fr,8,de,6,0.5154
10,9,en2fr,8,fr,4,0.7828
10,9,en2fr,8,fr,6,0.7773
10,9,en2fr,9,de,4,0.6097
10,9,en2fr,9,de,6,0.5952
10,9,en2fr,9,fr,4,0.7691
10,9,en2fr,9,fr,6,0.7799
10,9,en2fr,0,de,4,0.5968
10,9,en2fr,0,de,6,0.5449
10,9,en2fr,0,fr,4,0.7863
10,9,en2fr,0,fr,6,0.7737
11,9,de2fr,2,de,4,0.6287
11,9,de2fr,2,de,6,0.6708
11,9,de2fr,2,fr,4,0.762
11,9,de2fr,2,fr,6,0.7221
11,9,de2fr,3,de,4,0.6023
11,9,de2fr,3,de,6,0.5786
11,9,de2fr,3,fr,4,0.8162
11,9,de2fr,3,fr,6,0.8144
11,9,de2fr,6,de,4,0.554
11,9,de2fr,6,de,6,0.523
11,9,de2fr,6,fr,4,0.7566
11,9,de2fr,6,fr,6,0.7027
11,9,de2fr,7,de,4,0.5828
11,9,de2fr,7,de,6,0.616
11,9,de2fr,7,fr,4,0.7591
11,9,de2fr,7,fr,6,0.6885
11,9,de2fr,8,de,4,0.4635
11,9,de2fr,8,de,6,0.4303
11,9,de2fr,8,fr,4,0.7123
11,9,de2fr,8,fr,6,0.688
11,9,en2fr,2,de,4,0.454
11,9,en2fr,2,de,6,0.4209
11,9,en2fr,2,fr,4,0.7366
11,9,en2fr,2,fr,6,0.7513
11,9,en2fr,3,de,4,0.5226
11,9,en2fr,3,de,6,0.488
11,9,en2fr,3,fr,4,0.7492
11,9,en2fr,3,fr,6,0.7184
11,9,en2fr,6,de,4,0.551
11,9,en2fr,6,de,6,0.5377
11,9,en2fr,6,fr,4,0.7811
11,9,en2fr,6,fr,6,0.7985
11,9,en2fr,7,de,4,0.5073
11,9,en2fr,7,de,6,0.4587
11,9,en2fr,7,fr,4,0.7577
11,9,en2fr,7,fr,6,0.7728
11,9,en2fr,8,de,4,0.5644
11,9,en2fr,8,de,6,0.5552
11,9,en2fr,8,fr,4,0.8007
11,9,en2fr,8,fr,6,0.7783
11,9,en2fr,9,de,4,0.5899
11,9,en2fr,9,de,6,0.5681
11,9,en2fr,9,fr,4,0.7727
11,9,en2fr,9,fr,6,0.7553
11,9,en2fr,0,de,4,0.6016
11,9,en2fr,0,de,6,0.5732
11,9,en2fr,0,fr,4,0.8081
11,9,en2fr,0,fr,6,0.7891
12,9,de2fr,2,de,4,0.6405
12,9,de2fr,2,de,6,0.6506
12,9,de2fr,2,fr,4,0.7591
12,9,de2fr,2,fr,6,0.7403
12,9,de2fr,3,de,4,0.5953
12,9,de2fr,3,de,6,0.5338
12,9,de2fr,3,fr,4,0.8183
12,9,de2fr,3,fr,6,0.8221
12,9,de2fr,6,de,4,0.5744
12,9,de2fr,6,de,6,0.5079
12,9,de2fr,6,fr,4,0.7899
12,9,de2fr,6,fr,6,0.7864
12,9,de2fr,7,de,4,0.6536
12,9,de2fr,7,de,6,0.6757
12,9,de2fr,7,fr,4,0.8017
12,9,de2fr,7,fr,6,0.7439
12,9,de2fr,8,de,4,0.5502
12,9,de2fr,8,de,6,0.4747
12,9,de2fr,8,fr,4,0.82
12,9,de2fr,8,fr,6,0.7617
12,9,en2fr,2,de,4,0.4646
12,9,en2fr,2,de,6,0.3712
12,9,en2fr,2,fr,4,0.7579
12,9,en2fr,2,fr,6,0.7875
12,9,en2fr,3,de,4,0.5521
12,9,en2fr,3,de,6,0.4766
12,9,en2fr,3,fr,4,0.7743
12,9,en2fr,3,fr,6,0.7823
12,9,en2fr,6,de,4,0.5877
12,9,en2fr,6,de,6,0.5356
12,9,en2fr,6,fr,4,0.7909
12,9,en2fr,6,fr,6,0.822
12,9,en2fr,7,de,4,0.5408
12,9,en2fr,7,de,6,0.4578
12,9,en2fr,7,fr,4,0.758
12,9,en2fr,7,fr,6,0.8204
12,9,en2fr,8,de,4,0.594
12,9,en2fr,8,de,6,0.5433
12,9,en2fr,8,fr,4,0.8286
12,9,en2fr,8,fr,6,0.805
12,9,en2fr,9,de,4,0.6229
12,9,en2fr,9,de,6,0.5823
12,9,en2fr,9,fr,4,0.8011
12,9,en2fr,9,fr,6,0.8115
12,9,en2fr,0,de,4,0.6056
12,9,en2fr,0,de,6,0.5548
12,9,en2fr,0,fr,4,0.8292
12,9,en2fr,0,fr,6,0.828
13,9,de2fr,2,de,4,0.6445
13,9,de2fr,2,de,6,0.6868
13,9,de2fr,2,fr,4,0.8016
13,9,de2fr,2,fr,6,0.7422
13,9,de2fr,3,de,4,0.5698
13,9,de2fr,3,de,6,0.5408
13,9,de2fr,3,fr,4,0.8219
13,9,de2fr,3,fr,6,0.8091
13,9,de2fr,6,de,4,0.5724
13,9,de2fr,6,de,6,0.5361
13,9,de2fr,6,fr,4,0.7953
13,9,de2fr,6,fr,6,0.7773
13,9,de2fr,7,de,4,0.6617
13,9,de2fr,7,de,6,0.7029
13,9,de2fr,7,fr,4,0.8065
13,9,de2fr,7,fr,6,0.7377
13,9,de2fr,8,de,4,0.5519
13,9,de2fr,8,de,6,0.5236
13,9,de2fr,8,fr,4,0.8197
13,9,de2fr,8,fr,6,0.7801
13,9,en2fr,2,de,4,0.4342
13,9,en2fr,2,de,6,0.3803
13,9,en2fr,2,fr,4,0.7353
13,9,en2fr,2,fr,6,0.7118
13,9,en2fr,3,de,4,0.557
13,9,en2fr,3,de,6,0.5088
13,9,en2fr,3,fr,4,0.7638
13,9,en2fr,3,fr,6,0.7734
13,9,en2fr,6,de,4,0.5845
13,9,en2fr,6,de,6,0.5792
13,9,en2fr,6,fr,4,0.7995
13,9,en2fr,6,fr,6,0.8104
13,9,en2fr,7,de,4,0.4945
13,9,en2fr,7,de,6,0.4464
13,9,en2fr,7,fr,4,0.758
13,9,en2fr,7,fr,6,0.7602
13,9,en2fr,8,de,4,0.6043
13,9,en2fr,8,de,6,0.5917
13,9,en2fr,8,fr,4,0.8424
13,9,en2fr,8,fr,6,0.8194
13,9,en2fr,9,de,4,0.5795
13,9,en2fr,9,de,6,0.5659
13,9,en2fr,9,fr,4,0.7693
13,9,en2fr,9,fr,6,0.7589
13,9,en2fr,0,de,4,0.5866
13,9,en2fr,0,de,6,0.5603
13,9,en2fr,0,fr,4,0.8146
13,9,en2fr,0,fr,6,0.7876
14,9,de2fr,2,de,4,0.6457
14,9,de2fr,2,de,6,0.6439
14,9,de2fr,2,fr,4,0.82
14,9,de2fr,2,fr,6,0.7751
14,9,de2fr,3,de,4,0.6162
14,9,de2fr,3,de,6,0.5715
14,9,de2fr,3,fr,4,0.8391
14,9,de2fr,3,fr,6,0.8057
14,9,de2fr,6,de,4,0.5434
14,9,de2fr,6,de,6,0.4878
14,9,de2fr,6,fr,4,0.8027
14,9,de2fr,6,fr,6,0.7414
14,9,de2fr,7,de,4,0.6364
14,9,de2fr,7,de,6,0.6626
14,9,de2fr,7,fr,4,0.7742
14,9,de2fr,7,fr,6,0.7241
14,9,de2fr,8,de,4,0.539
14,9,de2fr,8,de,6,0.4896
14,9,de2fr,8,fr,4,0.8267
14,9,de2fr,8,fr,6,0.7653
14,9,en2fr,2,de,4,0.435
14,9,en2fr,2,de,6,0.3804
14,9,en2fr,2,fr,4,0.7752
14,9,en2fr,2,fr,6,0.7457
14,9,en2fr,3,de,4,0.559
14,9,en2fr,3,de,6,0.5132
14,9,en2fr,3,fr,4,0.7854
14,9,en2fr,3,fr,6,0.771
14,9,en2fr,6,de,4,0.589
14,9,en2fr,6,de,6,0.5718
14,9,en2fr,6,fr,4,0.7858
14,9,en2fr,6,fr,6,0.8187
14,9,en2fr,7,de,4,0.4742
14,9,en2fr,7,de,6,0.4053
14,9,en2fr,7,fr,4,0.7949
14,9,en2fr,7,fr,6,0.7796
14,9,en2fr,8,de,4,0.6024
14,9,en2fr,8,de,6,0.5693
14,9,en2fr,8,fr,4,0.8341
14,9,en2fr,8,fr,6,0.8356
14,9,en2fr,9,de,4,0.6299
14,9,en2fr,9,de,6,0.6014
14,9,en2fr,9,fr,4,0.7755
14,9,en2fr,9,fr,6,0.7905
14,9,en2fr,0,de,4,0.604
14,9,en2fr,0,de,6,0.571
14,9,en2fr,0,fr,4,0.8241
14,9,en2fr,0,fr,6,0.8295
15,9,de2fr,2,de,4,0.6592
15,9,de2fr,2,de,6,0.6788
15,9,de2fr,2,fr,4,0.8119
15,9,de2fr,2,fr,6,0.7437
15,9,de2fr,3,de,4,0.6176
15,9,de2fr,3,de,6,0.5859
15,9,de2fr,3,fr,4,0.838
15,9,de2fr,3,fr,6,0.8327
15,9,de2fr,6,de,4,0.5657
15,9,de2fr,6,de,6,0.5266
15,9,de2fr,6,fr,4,0.8094
15,9,de2fr,6,fr,6,0.8011
15,9,de2fr,7,de,4,0.6419
15,9,de2fr,7,de,6,0.6692
15,9,de2fr,7,fr,4,0.8005
15,9,de2fr,7,fr,6,0.7515
15,9,de2fr,8,de,4,0.5438
15,9,de2fr,8,de,6,0.5027
15,9,de2fr,8,fr,4,0.8232
15,9,de2fr,8,fr,6,0.7649
15,9,en2fr,2,de,4,0.4813
15,9,en2fr,2,de,6,0.4246
15,9,en2fr,2,fr,4,0.7785
15,9,en2fr,2,fr,6,0.7761
15,9,en2fr,3,de,4,0.5409
15,9,en2fr,3,de,6,0.4944
15,9,en2fr,3,fr,4,0.7808
15,9,en2fr,3,fr,6,0.7482
15,9,en2fr,6,de,4,0.5625
15,9,en2fr,6,de,6,0.5277
15,9,en2fr,6,fr,4,0.8077
15,9,en2fr,6,fr,6,0.7903
15,9,en2fr,7,de,4,0.4986
15,9,en2fr,7,de,6,0.4384
15,9,en2fr,7,fr,4,0.793
15,9,en2fr,7,fr,6,0.8
15,9,en2fr,8,de,4,0.6119
15,9,en2fr,8,de,6,0.5852
15,9,en2fr,8,fr,4,0.8461
15,9,en2fr,8,fr,6,0.8237
15,9,en2fr,9,de,4,0.6255
15,9,en2fr,9,de,6,0.603
15,9,en2fr,9,fr,4,0.8098
15,9,en2fr,9,fr,6,0.7821
15,9,en2fr,0,de,4,0.6043
15,9,en2fr,0,de,6,0.578
15,9,en2fr,0,fr,4,0.8332
15,9,en2fr,0,fr,6,0.8108
16,9,de2fr,2,de,4,0.6564
16,9,de2fr,2,de,6,0.6678
16,9,de2fr,2,fr,4,0.8139
16,9,de2fr,2,fr,6,0.8025
16,9,de2fr,3,de,4,0.607
16,9,de2fr,3,de,6,0.574
16,9,de2fr,3,fr,4,0.8313
16,9,de2fr,3,fr,6,0.8299
16,9,de2fr,6,de,4,0.5588
16,9,de2fr,6,de,6,0.5185
16,9,de2fr,6,fr,4,0.8129
16,9,de2fr,6,fr,6,0.7923
16,9,de2fr,7,de,4,0.6419
16,9,de2fr,7,de,6,0.6755
16,9,de2fr,7,fr,4,0.7909
16,9,de2fr,7,fr,6,0.7333
16,9,de2fr,8,de,4,0.5284
16,9,de2fr,8,de,6,0.4765
16,9,de2fr,8,fr,4,0.8095
16,9,de2fr,8,fr,6,0.7753
16,9,en2fr,2,de,4,0.4945
16,9,en2fr,2,de,6,0.4511
16,9,en2fr,2,fr,4,0.7765
16,9,en2fr,2,fr,6,0.7856
16,9,en2fr,3,de,4,0.549
16,9,en2fr,3,de,6,0.4938
16,9,en2fr,3,fr,4,0.7739
16,9,en2fr,3,fr,6,0.7826
16,9,en2fr,6,de,4,0.5973
16,9,en2fr,6,de,6,0.5611
16,9,en2fr,6,fr,4,0.8136
16,9,en2fr,6,fr,6,0.822
16,9,en2fr,7,de,4,0.4808
16,9,en2fr,7,de,6,0.4199
16,9,en2fr,7,fr,4,0.7681
16,9,en2fr,7,fr,6,0.7707
16,9,en2fr,8,de,4,0.6206
16,9,en2fr,8,de,6,0.59
16,9,en2fr,8,fr,4,0.8378
16,9,en2fr,8,fr,6,0.8188
16,9,en2fr,9,de,4,0.6421
16,9,en2fr,9,de,6,0.6077
16,9,en2fr,9,fr,4,0.8078
16,9,en2fr,9,fr,6,0.8078
16,9,en2fr,0,de,4,0.5988
16,9,en2fr,0,de,6,0.5705
16,9,en2fr,0,fr,4,0.818
16,9,en2fr,0,fr,6,0.8147
17,9,de2fr,2,de,4,0.621
17,9,de2fr,2,de,6,0.6285
17,9,de2fr,2,fr,4,0.8223
17,9,de2fr,2,fr,6,0.7879
17,9,de2fr,3,de,4,0.5881
17,9,de2fr,3,de,6,0.5485
17,9,de2fr,3,fr,4,0.8197
17,9,de2fr,3,fr,6,0.8381
17,9,de2fr,6,de,4,0.5446
17,9,de2fr,6,de,6,0.4816
17,9,de2fr,6,fr,4,0.8056
17,9,de2fr,6,fr,6,0.7864
17,9,de2fr,7,de,4,0.6229
17,9,de2fr,7,de,6,0.6534
17,9,de2fr,7,fr,4,0.8024
17,9,de2fr,7,fr,6,0.7851
17,9,de2fr,8,de,4,0.4908
17,9,de2fr,8,de,6,0.4336
17,9,de2fr,8,fr,4,0.7802
17,9,de2fr,8,fr,6,0.7487
17,9,en2fr,2,de,4,0.4434
17,9,en2fr,2,de,6,0.383
17,9,en2fr,2,fr,4,0.7501
17,9,en2fr,2,fr,6,0.772
17,9,en2fr,3,de,4,0.5375
17,9,en2fr,3,de,6,0.4843
17,9,en2fr,3,fr,4,0.7733
17,9,en2fr,3,fr,6,0.8087
17,9,en2fr,6,de,4,0.5473
17,9,en2fr,6,de,6,0.5109
17,9,en2fr,6,fr,4,0.7884
17,9,en2fr,6,fr,6,0.8071
17,9,en2fr,7,de,4,0.4839
17,9,en2fr,7,de,6,0.427
17,9,en2fr,7,fr,4,0.7657
17,9,en2fr,7,fr,6,0.7925
17,9,en2fr,8,de,4,0.5994
17,9,en2fr,8,de,6,0.5732
17,9,en2fr,8,fr,4,0.8238
17,9,en2fr,8,fr,6,0.8483
17,9,en2fr,9,de,4,0.5978
17,9,en2fr,9,de,6,0.567
17,9,en2fr,9,fr,4,0.7854
17,9,en2fr,9,fr,6,0.8229
17,9,en2fr,0,de,4,0.5761
17,9,en2fr,0,de,6,0.5329
17,9,en2fr,0,fr,4,0.814
17,9,en2fr,0,fr,6,0.8317
18,9,de2fr,2,de,4,0.6622
18,9,de2fr,2,de,6,0.667
18,9,de2fr,2,fr,4,0.8292
18,9,de2fr,2,fr,6,0.801
18,9,de2fr,3,de,4,0.5965
18,9,de2fr,3,de,6,0.5511
18,9,de2fr,3,fr,4,0.8312
18,9,de2fr,3,fr,6,0.8571
18,9,de2fr,6,de,4,0.5653
18,9,de2fr,6,de,6,0.5131
18,9,de2fr,6,fr,4,0.8039
18,9,de2fr,6,fr,6,0.8123
18,9,de2fr,7,de,4,0.6344
18,9,de2fr,7,de,6,0.6432
18,9,de2fr,7,fr,4,0.8223
18,9,de2fr,7,fr,6,0.7871
18,9,de2fr,8,de,4,0.5237
18,9,de2fr,8,de,6,0.4644
18,9,de2fr,8,fr,4,0.796
18,9,de2fr,8,fr,6,0.8139
18,9,en2fr,2,de,4,0.4562
18,9,en2fr,2,de,6,0.4012
18,9,en2fr,2,fr,4,0.7491
18,9,en2fr,2,fr,6,0.8064
18,9,en2fr,3,de,4,0.5293
18,9,en2fr,3,de,6,0.4679
18,9,en2fr,3,fr,4,0.777
18,9,en2fr,3,fr,6,0.8184
18,9,en2fr,6,de,4,0.5646
18,9,en2fr,6,de,6,0.5411
18,9,en2fr,6,fr,4,0.8076
18,9,en2fr,6,fr,6,0.8385
18,9,en2fr,7,de,4,0.4815
18,9,en2fr,7,de,6,0.4112
18,9,en2fr,7,fr,4,0.7714
18,9,en2fr,7,fr,6,0.8221
18,9,en2fr,8,de,4,0.5962
18,9,en2fr,8,de,6,0.5671
18,9,en2fr,8,fr,4,0.8517
18,9,en2fr,8,fr,6,0.8513
18,9,en2fr,9,de,4,0.6155
18,9,en2fr,9,de,6,0.5882
18,9,en2fr,9,fr,4,0.7992
18,9,en2fr,9,fr,6,0.8099
18,9,en2fr,0,de,4,0.6083
18,9,en2fr,0,de,6,0.575
18,9,en2fr,0,fr,4,0.8234
18,9,en2fr,0,fr,6,0.845
19,9,de2fr,2,de,4,0.6289
19,9,de2fr,2,de,6,0.6377
19,9,de2fr,2,fr,4,0.8415
19,9,de2fr,2,fr,6,0.7906
19,9,de2fr,3,de,4,0.5955
19,9,de2fr,3,de,6,0.5685
19,9,de2fr,3,fr,4,0.8305
19,9,de2fr,3,fr,6,0.8363
19,9,de2fr,6,de,4,0.564
19,9,de2fr,6,de,6,0.5315
19,9,de2fr,6,fr,4,0.8124
19,9,de2fr,6,fr,6,0.8114
19,9,de2fr,7,de,4,0.6065
19,9,de2fr,7,de,6,0.6362
19,9,de2fr,7,fr,4,0.8236
19,9,de2fr,7,fr,6,0.7966
19,9,de2fr,8,de,4,0.5456
19,9,de2fr,8,de,6,0.5104
19,9,de2fr,8,fr,4,0.8057
19,9,de2fr,8,fr,6,0.7874
19,9,en2fr,2,de,4,0.4552
19,9,en2fr,2,de,6,0.4279
19,9,en2fr,2,fr,4,0.7652
19,9,en2fr,2,fr,6,0.7856
19,9,en2fr,3,de,4,0.5224
19,9,en2fr,3,de,6,0.4941
19,9,en2fr,3,fr,4,0.7864
19,9,en2fr,3,fr,6,0.7957
19,9,en2fr,6,de,4,0.5704
19,9,en2fr,6,de,6,0.5696
19,9,en2fr,6,fr,4,0.8126
19,9,en2fr,6,fr,6,0.8137
19,9,en2fr,7,de,4,0.5175
19,9,en2fr,7,de,6,0.4664
19,9,en2fr,7,fr,4,0.7796
19,9,en2fr,7,fr,6,0.8003
19,9,en2fr,8,de,4,0.5998
19,9,en2fr,8,de,6,0.6024
19,9,en2fr,8,fr,4,0.8192
19,9,en2fr,8,fr,6,0.8366
19,9,en2fr,9,de,4,0.5907
19,9,en2fr,9,de,6,0.5824
19,9,en2fr,9,fr,4,0.8171
19,9,en2fr,9,fr,6,0.8135
19,9,en2fr,0,de,4,0.5745
19,9,en2fr,0,de,6,0.5579
19,9,en2fr,0,fr,4,0.8139
19,9,en2fr,0,fr,6,0.813
20,9,de2fr,2,de,4,0.6435
20,9,de2fr,2,de,6,0.6552
20,9,de2fr,2,fr,4,0.8419
20,9,de2fr,2,fr,6,0.7792
20,9,de2fr,3,de,4,0.6076
20,9,de2fr,3,de,6,0.5769
20,9,de2fr,3,fr,4,0.8567
20,9,de2fr,3,fr,6,0.8362
20,9,de2fr,6,de,4,0.5584
20,9,de2fr,6,de,6,0.5252
20,9,de2fr,6,fr,4,0.8326
20,9,de2fr,6,fr,6,0.8256
20,9,de2fr,7,de,4,0.6436
20,9,de2fr,7,de,6,0.6615
20,9,de2fr,7,fr,4,0.8357
20,9,de2fr,7,fr,6,0.7858
20,9,de2fr,8,de,4,0.5758
20,9,de2fr,8,de,6,0.5312
20,9,de2fr,8,fr,4,0.8232
20,9,de2fr,8,fr,6,0.7813
20,9,en2fr,2,de,4,0.5022
20,9,en2fr,2,de,6,0.465
20,9,en2fr,2,fr,4,0.7877
20,9,en2fr,2,fr,6,0.8093
20,9,en2fr,3,de,4,0.534
20,9,en2fr,3,de,6,0.4796
20,9,en2fr,3,fr,4,0.7638
20,9,en2fr,3,fr,6,0.7642
20,9,en2fr,6,de,4,0.547
20,9,en2fr,6,de,6,0.5195
20,9,en2fr,6,fr,4,0.7943
20,9,en2fr,6,fr,6,0.8378
20,9,en2fr,7,de,4,0.5045
20,9,en2fr,7,de,6,0.4528
20,9,en2fr,7,fr,4,0.7898
20,9,en2fr,7,fr,6,0.8086
20,9,en2fr,8,de,4,0.6367
20,9,en2fr,8,de,6,0.6235
20,9,en2fr,8,fr,4,0.8395
20,9,en2fr,8,fr,6,0.8129
20,9,en2fr,9,de,4,0.6238
20,9,en2fr,9,de,6,0.6154
20,9,en2fr,9,fr,4,0.8195
20,9,en2fr,9,fr,6,0.8037
20,9,en2fr,0,de,4,0.6113
20,9,en2fr,0,de,6,0.5819
20,9,en2fr,0,fr,4,0.8406
20,9,en2fr,0,fr,6,0.8508
21,9,de2fr,2,de,4,0.6205
21,9,de2fr,2,de,6,0.6343
21,9,de2fr,2,fr,4,0.8294
21,9,de2fr,2,fr,6,0.7828
21,9,de2fr,3,de,4,0.5605
21,9,de2fr,3,de,6,0.5411
21,9,de2fr,3,fr,4,0.8199
21,9,de2fr,3,fr,6,0.8522
21,9,de2fr,6,de,4,0.5698
21,9,de2fr,6,de,6,0.5505
21,9,de2fr,6,fr,4,0.8395
21,9,de2fr,6,fr,6,0.8214
21,9,de2fr,7,de,4,0.6275
21,9,de2fr,7,de,6,0.6589
21,9,de2fr,7,fr,4,0.812
21,9,de2fr,7,fr,6,0.7947
21,9,de2fr,8,de,4,0.5375
21,9,de2fr,8,de,6,0.4967
21,9,de2fr,8,fr,4,0.8274
21,9,de2fr,8,fr,6,0.794
21,9,en2fr,2,de,4,0.4948
21,9,en2fr,2,de,6,0.4527
21,9,en2fr,2,fr,4,0.7865
21,9,en2fr,2,fr,6,0.7983
21,9,en2fr,3,de,4,0.5538
21,9,en2fr,3,de,6,0.5228
21,9,en2fr,3,fr,4,0.8001
21,9,en2fr,3,fr,6,0.8092
21,9,en2fr,6,de,4,0.5676
21,9,en2fr,6,de,6,0.5542
21,9,en2fr,6,fr,4,0.8103
21,9,en2fr,6,fr,6,0.8259
21,9,en2fr,7,de,4,0.5353
21,9,en2fr,7,de,6,0.5161
21,9,en2fr,7,fr,4,0.8143
21,9,en2fr,7,fr,6,0.8505
21,9,en2fr,8,de,4,0.6014
21,9,en2fr,8,de,6,0.608
21,9,en2fr,8,fr,4,0.8359
21,9,en2fr,8,fr,6,0.8417
21,9,en2fr,9,de,4,0.5868
21,9,en2fr,9,de,6,0.5639
21,9,en2fr,9,fr,4,0.8271
21,9,en2fr,9,fr,6,0.84
21,9,en2fr,0,de,4,0.6009
21,9,en2fr,0,de,6,0.5822
21,9,en2fr,0,fr,4,0.8268
21,9,en2fr,0,fr,6,0.8423
22,9,de2fr,2,de,4,0.6281
22,9,de2fr,2,de,6,0.6219
22,9,de2fr,2,fr,4,0.8308
22,9,de2fr,2,fr,6,0.8086
22,9,de2fr,3,de,4,0.5533
22,9,de2fr,3,de,6,0.5238
22,9,de2fr,3,fr,4,0.8149
22,9,de2fr,3,fr,6,0.853
22,9,de2fr,6,de,4,0.5665
22,9,de2fr,6,de,6,0.5197
22,9,de2fr,6,fr,4,0.8202
22,9,de2fr,6,fr,6,0.8162
22,9,de2fr,7,de,4,0.6365
22,9,de2fr,7,de,6,0.6385
22,9,de2fr,7,fr,4,0.8288
22,9,de2fr,7,fr,6,0.819
22,9,de2fr,8,de,4,0.5339
22,9,de2fr,8,de,6,0.4851
22,9,de2fr,8,fr,4,0.8201
22,9,de2fr,8,fr,6,0.7962
22,9,en2fr,2,de,4,0.4765
22,9,en2fr,2,de,6,0.4403
22,9,en2fr,2,fr,4,0.7802
22,9,en2fr,2,fr,6,0.8189
22,9,en2fr,3,de,4,0.5429
22,9,en2fr,3,de,6,0.4882
22,9,en2fr,3,fr,4,0.7938
22,9,en2fr,3,fr,6,0.8005
22,9,en2fr,6,de,4,0.5943
22,9,en2fr,6,de,6,0.5611
22,9,en2fr,6,fr,4,0.7998
22,9,en2fr,6,fr,6,0.8132
22,9,en2fr,7,de,4,0.4832
22,9,en2fr,7,de,6,0.4361
22,9,en2fr,7,fr,4,0.786
22,9,en2fr,7,fr,6,0.8214
22,9,en2fr,8,de,4,0.6221
22,9,en2fr,8,de,6,0.6093
22,9,en2fr,8,fr,4,0.8338
22,9,en2fr,8,fr,6,0.8406
22,9,en2fr,9,de,4,0.5955
22,9,en2fr,9,de,6,0.562
22,9,en2fr,9,fr,4,0.8114
22,9,en2fr,9,fr,6,0.8413
22,9,en2fr,0,de,4,0.5997
22,9,en2fr,0,de,6,0.5762
22,9,en2fr,0,fr,4,0.8089
22,9,en2fr,0,fr,6,0.8415
23,9,de2fr,2,de,4,0.6304
23,9,de2fr,2,de,6,0.6208
23,9,de2fr,2,fr,4,0.8264
23,9,de2fr,2,fr,6,0.8002
23,9,de2fr,3,de,4,0.5423
23,9,de2fr,3,de,6,0.4704
23,9,de2fr,3,fr,4,0.8049
23,9,de2fr,3,fr,6,0.8532
23,9,de2fr,6,de,4,0.5739
23,9,de2fr,6,de,6,0.513
23,9,de2fr,6,fr,4,0.8306
23,9,de2fr,6,fr,6,0.8235
23,9,de2fr,7,de,4,0.63
23,9,de2fr,7,de,6,0.6261
23,9,de2fr,7,fr,4,0.7837
23,9,de2fr,7,fr,6,0.7687
23,9,de2fr,8,de,4,0.5684
23,9,de2fr,8,de,6,0.5097
23,9,de2fr,8,fr,4,0.8159
23,9,de2fr,8,fr,6,0.7956
23,9,en2fr,2,de,4,0.5079
23,9,en2fr,2,de,6,0.4574
23,9,en2fr,2,fr,4,0.7921
23,9,en2fr,2,fr,6,0.8344
23,9,en2fr,3,de,4,0.5264
23,9,en2fr,3,de,6,0.4541
23,9,en2fr,3,fr,4,0.7844
23,9,en2fr,3,fr,6,0.7934
23,9,en2fr,6,de,4,0.5479
23,9,en2fr,6,de,6,0.5182
23,9,en2fr,6,fr,4,0.7909
23,9,en2fr,6,fr,6,0.8486
23,9,en2fr,7,de,4,0.4942
23,9,en2fr,7,de,6,0.4189
23,9,en2fr,7,fr,4,0.7984
23,9,en2fr,7,fr,6,0.8182
23,9,en2fr,8,de,4,0.6177
23,9,en2fr,8,de,6,0.5805
23,9,en2fr,8,fr,4,0.8325
23,9,en2fr,8,fr,6,0.8526
23,9,en2fr,9,de,4,0.627
23,9,en2fr,9,de,6,0.5885
23,9,en2fr,9,fr,4,0.812
23,9,en2fr,9,fr,6,0.8152
23,9,en2fr,0,de,4,0.6189
23,9,en2fr,0,de,6,0.5566
23,9,en2fr,0,fr,4,0.814
23,9,en2fr,0,fr,6,0.8279
24,9,de2fr,2,de,4,0.6361
24,9,de2fr,2,de,6,0.6716
24,9,de2fr,2,fr,4,0.8109
24,9,de2fr,2,fr,6,0.7976
24,9,de2fr,3,de,4,0.5666
24,9,de2fr,3,de,6,0.5399
24,9,de2fr,3,fr,4,0.7699
24,9,de2fr,3,fr,6,0.8449
24,9,de2fr,6,de,4,0.555
24,9,de2fr,6,de,6,0.5349
24,9,de2fr,6,fr,4,0.7906
24,9,de2fr,6,fr,6,0.8252
24,9,de2fr,7,de,4,0.6086
24,9,de2fr,7,de,6,0.6284
24,9,de2fr,7,fr,4,0.8118
24,9,de2fr,7,fr,6,0.8235
24,9,de2fr,8,de,4,0.5308
24,9,de2fr,8,de,6,0.505
24,9,de2fr,8,fr,4,0.7835
24,9,de2fr,8,fr,6,0.8002
24,9,en2fr,2,de,4,0.4909
24,9,en2fr,2,de,6,0.4648
24,9,en2fr,2,fr,4,0.7561
24,9,en2fr,2,fr,6,0.8151
24,9,en2fr,3,de,4,0.5485
24,9,en2fr,3,de,6,0.5285
24,9,en2fr,3,fr,4,0.7655
24,9,en2fr,3,fr,6,0.8204
24,9,en2fr,6,de,4,0.5775
24,9,en2fr,6,de,6,0.5771
24,9,en2fr,6,fr,4,0.7615
24,9,en2fr,6,fr,6,0.8492
24,9,en2fr,7,de,4,0.5457
24,9,en2fr,7,de,6,0.5101
24,9,en2fr,7,fr,4,0.7812
24,9,en2fr,7,fr,6,0.8442
24,9,en2fr,8,de,4,0.6077
24,9,en2fr,8,de,6,0.5944
24,9,en2fr,8,fr,4,0.7894
24,9,en2fr,8,fr,6,0.8473
24,9,en2fr,9,de,4,0.5889
24,9,en2fr,9,de,6,0.5828
24,9,en2fr,9,fr,4,0.8019
24,9,en2fr,9,fr,6,0.8278
24,9,en2fr,0,de,4,0.6288
24,9,en2fr,0,de,6,0.604
24,9,en2fr,0,fr,4,0.7878
24,9,en2fr,0,fr,6,0.8235
25,9,de2fr,2,de,4,0.6208
25,9,de2fr,2,de,6,0.6462
25,9,de2fr,2,fr,4,0.8167
25,9,de2fr,2,fr,6,0.7971
25,9,de2fr,3,de,4,0.5953
25,9,de2fr,3,de,6,0.5684
25,9,de2fr,3,fr,4,0.8247
25,9,de2fr,3,fr,6,0.8613
25,9,de2fr,6,de,4,0.561
25,9,de2fr,6,de,6,0.5476
25,9,de2fr,6,fr,4,0.7908
25,9,de2fr,6,fr,6,0.8228
25,9,de2fr,7,de,4,0.6531
25,9,de2fr,7,de,6,0.6829
25,9,de2fr,7,fr,4,0.8041
25,9,de2fr,7,fr,6,0.8154
25,9,de2fr,8,de,4,0.5309
25,9,de2fr,8,de,6,0.4823
25,9,de2fr,8,fr,4,0.7973
25,9,de2fr,8,fr,6,0.7946
25,9,en2fr,2,de,4,0.5336
25,9,en2fr,2,de,6,0.5247
25,9,en2fr,2,fr,4,0.7686
25,9,en2fr,2,fr,6,0.8353
25,9,en2fr,3,de,4,0.5402
25,9,en2fr,3,de,6,0.5171
25,9,en2fr,3,fr,4,0.7592
25,9,en2fr,3,fr,6,0.8241
25,9,en2fr,6,de,4,0.5922
25,9,en2fr,6,de,6,0.585
25,9,en2fr,6,fr,4,0.7909
25,9,en2fr,6,fr,6,0.8407
25,9,en2fr,7,de,4,0.5528
25,9,en2fr,7,de,6,0.5192
25,9,en2fr,7,fr,4,0.7883
25,9,en2fr,7,fr,6,0.8296
25,9,en2fr,8,de,4,0.6095
25,9,en2fr,8,de,6,0.6029
25,9,en2fr,8,fr,4,0.8173
25,9,en2fr,8,fr,6,0.8548
25,9,en2fr,9,de,4,0.6087
25,9,en2fr,9,de,6,0.598
25,9,en2fr,9,fr,4,0.808
25,9,en2fr,9,fr,6,0.8484
25,9,en2fr,0,de,4,0.6093
25,9,en2fr,0,de,6,0.5793
25,9,en2fr,0,fr,4,0.7883
25,9,en2fr,0,fr,6,0.8265
26,9,de2fr,2,de,4,0.6376
26,9,de2fr,2,de,6,0.6543
26,9,de2fr,2,fr,4,0.8215
26,9,de2fr,2,fr,6,0.8168
26,9,de2fr,3,de,4,0.6188
26,9,de2fr,3,de,6,0.5979
26,9,de2fr,3,fr,4,0.8172
26,9,de2fr,3,fr,6,0.859
26,9,de2fr,6,de,4,0.5479
26,9,de2fr,6,de,6,0.5195
26,9,de2fr,6,fr,4,0.7771
26,9,de2fr,6,fr,6,0.8206
26,9,de2fr,7,de,4,0.6502
26,9,de2fr,7,de,6,0.6729
26,9,de2fr,7,fr,4,0.8091
26,9,de2fr,7,fr,6,0.8187
26,9,de2fr,8,de,4,0.5857
26,9,de2fr,8,de,6,0.5582
26,9,de2fr,8,fr,4,0.8076
26,9,de2fr,8,fr,6,0.8265
26,9,en2fr,2,de,4,0.5137
26,9,en2fr,2,de,6,0.4928
26,9,en2fr,2,fr,4,0.7623
26,9,en2fr,2,fr,6,0.8331
26,9,en2fr,3,de,4,0.5139
26,9,en2fr,3,de,6,0.4841
26,9,en2fr,3,fr,4,0.7701
26,9,en2fr,3,fr,6,0.8031
26,9,en2fr,6,de,4,0.5569
26,9,en2fr,6,de,6,0.5442
26,9,en2fr,6,fr,4,0.7622
26,9,en2fr,6,fr,6,0.8409
26,9,en2fr,7,de,4,0.5253
26,9,en2fr,7,de,6,0.4971
26,9,en2fr,7,fr,4,0.7611
26,9,en2fr,7,fr,6,0.8118
26,9,en2fr,8,de,4,0.6166
26,9,en2fr,8,de,6,0.62
26,9,en2fr,8,fr,4,0.8029
26,9,en2fr,8,fr,6,0.8553
26,9,en2fr,9,de,4,0.587
26,9,en2fr,9,de,6,0.5665
26,9,en2fr,9,fr,4,0.7958
26,9,en2fr,9,fr,6,0.8207
26,9,en2fr,0,de,4,0.6316
26,9,en2fr,0,de,6,0.6265
26,9,en2fr,0,fr,4,0.8128
26,9,en2fr,0,fr,6,0.8402
27,9,de2fr,2,de,4,0.6291
27,9,de2fr,2,de,6,0.6469
27,9,de2fr,2,fr,4,0.8188
27,9,de2fr,2,fr,6,0.7919
27,9,de2fr,3,de,4,0.6
27,9,de2fr,3,de,6,0.5905
27,9,de2fr,3,fr,4,0.8086
27,9,de2fr,3,fr,6,0.8667
27,9,de2fr,6,de,4,0.5597
27,9,de2fr,6,de,6,0.5249
27,9,de2fr,6,fr,4,0.7949
27,9,de2fr,6,fr,6,0.8168
27,9,de2fr,7,de,4,0.6148
27,9,de2fr,7,de,6,0.6234
27,9,de2fr,7,fr,4,0.8072
27,9,de2fr,7,fr,6,0.8314
27,9,de2fr,8,de,4,0.567
27,9,de2fr,8,de,6,0.533
27,9,de2fr,8,fr,4,0.8062
27,9,de2fr,8,fr,6,0.8089
27,9,en2fr,2,de,4,0.5112
27,9,en2fr,2,de,6,0.4872
27,9,en2fr,2,fr,4,0.7639
27,9,en2fr,2,fr,6,0.8249
27,9,en2fr,3,de,4,0.5208
27,9,en2fr,3,de,6,0.4917
27,9,en2fr,3,fr,4,0.7656
27,9,en2fr,3,fr,6,0.8203
27,9,en2fr,6,de,4,0.567
27,9,en2fr,6,de,6,0.555
27,9,en2fr,6,fr,4,0.7565
27,9,en2fr,6,fr,6,0.838
27,9,en2fr,7,de,4,0.5377
27,9,en2fr,7,de,6,0.493
27,9,en2fr,7,fr,4,0.7853
27,9,en2fr,7,fr,6,0.8295
27,9,en2fr,8,de,4,0.6301
27,9,en2fr,8,de,6,0.6284
27,9,en2fr,8,fr,4,0.7978
27,9,en2fr,8,fr,6,0.8504
27,9,en2fr,9,de,4,0.5956
27,9,en2fr,9,de,6,0.5816
27,9,en2fr,9,fr,4,0.808
27,9,en2fr,9,fr,6,0.8451
27,9,en2fr,0,de,4,0.625
27,9,en2fr,0,de,6,0.6061
27,9,en2fr,0,fr,4,0.8032
27,9,en2fr,0,fr,6,0.8438
28,9,de2fr,2,de,4,0.6256
28,9,de2fr,2,de,6,0.6534
28,9,de2fr,2,fr,4,0.7943
28,9,de2fr,2,fr,6,0.7721
28,9,de2fr,3,de,4,0.6265
28,9,de2fr,3,de,6,0.6166
28,9,de2fr,3,fr,4,0.8038
28,9,de2fr,3,fr,6,0.8541
28,9,de2fr,6,de,4,0.5745
28,9,de2fr,6,de,6,0.5517
28,9,de2fr,6,fr,4,0.7979
28,9,de2fr,6,fr,6,0.8322
28,9,de2fr,7,de,4,0.6452
28,9,de2fr,7,de,6,0.6733
28,9,de2fr,7,fr,4,0.8032
28,9,de2fr,7,fr,6,0.8149
28,9,de2fr,8,de,4,0.5716
28,9,de2fr,8,de,6,0.5442
28,9,de2fr,8,fr,4,0.813
28,9,de2fr,8,fr,6,0.799
28,9,en2fr,2,de,4,0.524
28,9,en2fr,2,de,6,0.511
28,9,en2fr,2,fr,4,0.7765
28,9,en2fr,2,fr,6,0.826
28,9,en2fr,3,de,4,0.5501
28,9,en2fr,3,de,6,0.5248
28,9,en2fr,3,fr,4,0.7743
28,9,en2fr,3,fr,6,0.8234
28,9,en2fr,6,de,4,0.5779
28,9,en2fr,6,de,6,0.5832
28,9,en2fr,6,fr,4,0.7649
28,9,en2fr,6,fr,6,0.8517
28,9,en2fr,7,de,4,0.5557
28,9,en2fr,7,de,6,0.5306
28,9,en2fr,7,fr,4,0.7685
28,9,en2fr,7,fr,6,0.8305
28,9,en2fr,8,de,4,0.6253
28,9,en2fr,8,de,6,0.6276
28,9,en2fr,8,fr,4,0.8057
28,9,en2fr,8,fr,6,0.8674
28,9,en2fr,9,de,4,0.6266
28,9,en2fr,9,de,6,0.6137
28,9,en2fr,9,fr,4,0.7912
28,9,en2fr,9,fr,6,0.8393
28,9,en2fr,0,de,4,0.6132
28,9,en2fr,0,de,6,0.5909
28,9,en2fr,0,fr,4,0.8162
28,9,en2fr,0,fr,6,0.8355
29,9,de2fr,2,de,4,0.6296
29,9,de2fr,2,de,6,0.6435
29,9,de2fr,2,fr,4,0.81
29,9,de2fr,2,fr,6,0.7904
29,9,de2fr,3,de,4,0.628
29,9,de2fr,3,de,6,0.6185
29,9,de2fr,3,fr,4,0.8234
29,9,de2fr,3,fr,6,0.8562
29,9,de2fr,6,de,4,0.5827
29,9,de2fr,6,de,6,0.5652
29,9,de2fr,6,fr,4,0.8049
29,9,de2fr,6,fr,6,0.8217
29,9,de2fr,7,de,4,0.6274
29,9,de2fr,7,de,6,0.6472
29,9,de2fr,7,fr,4,0.8042
29,9,de2fr,7,fr,6,0.8301
29,9,de2fr,8,de,4,0.5099
29,9,de2fr,8,de,6,0.4649
29,9,de2fr,8,fr,4,0.7776
29,9,de2fr,8,fr,6,0.7619
29,9,en2fr,2,de,4,0.4812
29,9,en2fr,2,de,6,0.4569
29,9,en2fr,2,fr,4,0.7488
29,9,en2fr,2,fr,6,0.8107
29,9,en2fr,3,de,4,0.5601
29,9,en2fr,3,de,6,0.5392
29,9,en2fr,3,fr,4,0.7861
29,9,en2fr,3,fr,6,0.814
29,9,en2fr,6,de,4,0.5926
29,9,en2fr,6,de,6,0.5933
29,9,en2fr,6,fr,4,0.7837
29,9,en2fr,6,fr,6,0.8427
29,9,en2fr,7,de,4,0.5718
29,9,en2fr,7,de,6,0.5461
29,9,en2fr,7,fr,4,0.7882
29,9,en2fr,7,fr,6,0.8306
29,9,en2fr,8,de,4,0.6174
29,9,en2fr,8,de,6,0.6189
29,9,en2fr,8,fr,4,0.7847
29,9,en2fr,8,fr,6,0.8504
29,9,en2fr,9,de,4,0.6028
29,9,en2fr,9,de,6,0.5846
29,9,en2fr,9,fr,4,0.7736
29,9,en2fr,9,fr,6,0.8352
29,9,en2fr,0,de,4,0.5828
29,9,en2fr,0,de,6,0.5735
29,9,en2fr,0,fr,4,0.7785
29,9,en2fr,0,fr,6,0.8222
4,10,de2fr,2,de,4,0.8441
4,10,de2fr,2,de,6,0.8782
4,10,de2fr,2,fr,4,0.5387
4,10,de2fr,2,fr,6,0.6287
4,10,de2fr,3,de,4,0.8385
4,10,de2fr,3,de,6,0.8546
4,10,de2fr,3,fr,4,0.5649
4,10,de2fr,3,fr,6,0.6548
4,10,de2fr,6,de,4,0.8513
4,10,de2fr,6,de,6,0.8711
4,10,de2fr,6,fr,4,0.5531
4,10,de2fr,6,fr,6,0.6509
4,10,de2fr,7,de,4,0.8363
4,10,de2fr,7,de,6,0.8808
4,10,de2fr,7,fr,4,0.5265
4,10,de2fr,7,fr,6,0.6149
4,10,de2fr,8,de,4,0.8405
4,10,de2fr,8,de,6,0.843
4,10,de2fr,8,fr,4,0.5393
4,10,de2fr,8,fr,6,0.6069
4,10,en2fr,2,de,4,0.6381
4,10,en2fr,2,de,6,0.661
4,10,en2fr,2,fr,4,0.6268
4,10,en2fr,2,fr,6,0.7577
4,10,en2fr,3,de,4,0.6248
4,10,en2fr,3,de,6,0.6339
4,10,en2fr,3,fr,4,0.6445
4,10,en2fr,3,fr,6,0.7651
4,10,en2fr,6,de,4,0.6225
4,10,en2fr,6,de,6,0.6365
4,10,en2fr,6,fr,4,0.6311
4,10,en2fr,6,fr,6,0.7698
4,10,en2fr,7,de,4,0.598
4,10,en2fr,7,de,6,0.6451
4,10,en2fr,7,fr,4,0.605
4,10,en2fr,7,fr,6,0.7456
4,10,en2fr,8,de,4,0.5931
4,10,en2fr,8,de,6,0.6406
4,10,en2fr,8,fr,4,0.5903
4,10,en2fr,8,fr,6,0.7278
4,10,en2fr,9,de,4,0.6213
4,10,en2fr,9,de,6,0.6585
4,10,en2fr,9,fr,4,0.6338
4,10,en2fr,9,fr,6,0.7717
4,10,en2fr,0,de,4,0.6504
4,10,en2fr,0,de,6,0.6657
4,10,en2fr,0,fr,4,0.6505
4,10,en2fr,0,fr,6,0.779
5,10,de2fr,2,de,4,0.6092
5,10,de2fr,2,de,6,0.5806
5,10,de2fr,2,fr,4,0.7349
5,10,de2fr,2,fr,6,0.787
5,10,de2fr,3,de,4,0.5938
5,10,de2fr,3,de,6,0.5531
5,10,de2fr,3,fr,4,0.7219
5,10,de2fr,3,fr,6,0.7838
5,10,de2fr,6,de,4,0.6083
5,10,de2fr,6,de,6,0.5832
5,10,de2fr,6,fr,4,0.7179
5,10,de2fr,6,fr,6,0.7824
5,10,de2fr,7,de,4,0.6117
5,10,de2fr,7,de,6,0.5944
5,10,de2fr,7,fr,4,0.7283
5,10,de2fr,7,fr,6,0.8036
5,10,de2fr,8,de,4,0.5595
5,10,de2fr,8,de,6,0.5242
5,10,de2fr,8,fr,4,0.6806
5,10,de2fr,8,fr,6,0.7402
5,10,en2fr,2,de,4,0.5397
5,10,en2fr,2,de,6,0.4855
5,10,en2fr,2,fr,4,0.7022
5,10,en2fr,2,fr,6,0.7782
5,10,en2fr,3,de,4,0.5598
5,10,en2fr,3,de,6,0.5033
5,10,en2fr,3,fr,4,0.7155
5,10,en2fr,3,fr,6,0.7709
5,10,en2fr,6,de,4,0.5749
5,10,en2fr,6,de,6,0.5244
5,10,en2fr,6,fr,4,0.7342
5,10,en2fr,6,fr,6,0.7996
5,10,en2fr,7,de,4,0.565
5,10,en2fr,7,de,6,0.5191
5,10,en2fr,7,fr,4,0.7238
5,10,en2fr,7,fr,6,0.7834
5,10,en2fr,8,de,4,0.5586
5,10,en2fr,8,de,6,0.5103
5,10,en2fr,8,fr,4,0.723
5,10,en2fr,8,fr,6,0.7891
5,10,en2fr,9,de,4,0.5605
5,10,en2fr,9,de,6,0.503
5,10,en2fr,9,fr,4,0.7263
5,10,en2fr,9,fr,6,0.7927
5,10,en2fr,0,de,4,0.5474
5,10,en2fr,0,de,6,0.4831
5,10,en2fr,0,fr,4,0.6996
5,10,en2fr,0,fr,6,0.7635
6,10,de2fr,2,de,4,0.6194
6,10,de2fr,2,de,6,0.5844
6,10,de2fr,2,fr,4,0.7893
6,10,de2fr,2,fr,6,0.8003
6,10,de2fr,3,de,4,0.6118
6,10,de2fr,3,de,6,0.5387
6,10,de2fr,3,fr,4,0.7792
6,10,de2fr,3,fr,6,0.7881
6,10,de2fr,6,de,4,0.6116
6,10,de2fr,6,de,6,0.5832
6,10,de2fr,6,fr,4,0.7547
6,10,de2fr,6,fr,6,0.7597
6,10,de2fr,7,de,4,0.6527
6,10,de2fr,7,de,6,0.6229
6,10,de2fr,7,fr,4,0.7663
6,10,de2fr,7,fr,6,0.8104
6,10,de2fr,8,de,4,0.5766
6,10,de2fr,8,de,6,0.5058
6,10,de2fr,8,fr,4,0.765
6,10,de2fr,8,fr,6,0.7507
6,10,en2fr,2,de,4,0.5765
6,10,en2fr,2,de,6,0.4859
6,10,en2fr,2,fr,4,0.7788
6,10,en2fr,2,fr,6,0.8023
6,10,en2fr,3,de,4,0.5905
6,10,en2fr,3,de,6,0.515
6,10,en2fr,3,fr,4,0.7885
6,10,en2fr,3,fr,6,0.8148
6,10,en2fr,6,de,4,0.5707
6,10,en2fr,6,de,6,0.4903
6,10,en2fr,6,fr,4,0.7737
6,10,en2fr,6,fr,6,0.8068
6,10,en2fr,7,de,4,0.6104
6,10,en2fr,7,de,6,0.5507
6,10,en2fr,7,fr,4,0.7946
6,10,en2fr,7,fr,6,0.823
6,10,en2fr,8,de,4,0.5718
6,10,en2fr,8,de,6,0.4845
6,10,en2fr,8,fr,4,0.8013
6,10,en2fr,8,fr,6,0.8
6,10,en2fr,9,de,4,0.5793
6,10,en2fr,9,de,6,0.5083
6,10,en2fr,9,fr,4,0.7787
6,10,en2fr,9,fr,6,0.7956
6,10,en2fr,0,de,4,0.6025
6,10,en2fr,0,de,6,0.5186
6,10,en2fr,0,fr,4,0.7856
6,10,en2fr,0,fr,6,0.8088
7,10,de2fr,2,de,4,0.5799
7,10,de2fr,2,de,6,0.5473
7,10,de2fr,2,fr,4,0.7406
7,10,de2fr,2,fr,6,0.7189
7,10,de2fr,3,de,4,0.5548
7,10,de2fr,3,de,6,0.4629
7,10,de2fr,3,fr,4,0.7553
7,10,de2fr,3,fr,6,0.724
7,10,de2fr,6,de,4,0.5455
7,10,de2fr,6,de,6,0.4924
7,10,de2fr,6,fr,4,0.7354
7,10,de2fr,6,fr,6,0.7079
7,10,de2fr,7,de,4,0.6078
7,10,de2fr,7,de,6,0.5825
7,10,de2fr,7,fr,4,0.7663
7,10,de2fr,7,fr,6,0.7578
7,10,de2fr,8,de,4,0.5485
7,10,de2fr,8,de,6,0.4765
7,10,de2fr,8,fr,4,0.744
7,10,de2fr,8,fr,6,0.7284
7,10,en2fr,2,de,4,0.5609
7,10,en2fr,2,de,6,0.4785
7,10,en2fr,2,fr,4,0.7877
7,10,en2fr,2,fr,6,0.7625
7,10,en2fr,3,de,4,0.5495
7,10,en2fr,3,de,6,0.4657
7,10,en2fr,3,fr,4,0.7639
7,10,en2fr,3,fr,6,0.7507
7,10,en2fr,6,de,4,0.5507
7,10,en2fr,6,de,6,0.4815
7,10,en2fr,6,fr,4,0.7604
7,10,en2fr,6,fr,6,0.7621
7,10,en2fr,7,de,4,0.5652
7,10,en2fr,7,de,6,0.5103
7,10,en2fr,7,fr,4,0.7714
7,10,en2fr,7,fr,6,0.7741
7,10,en2fr,8,de,4,0.5452
7,10,en2fr,8,de,6,0.5019
7,10,en2fr,8,fr,4,0.7618
7,10,en2fr,8,fr,6,0.7425
7,10,en2fr,9,de,4,0.5645
7,10,en2fr,9,de,6,0.497
7,10,en2fr,9,fr,4,0.7622
7,10,en2fr,9,fr,6,0.7423
7,10,en2fr,0,de,4,0.5683
7,10,en2fr,0,de,6,0.5167
7,10,en2fr,0,fr,4,0.7639
7,10,en2fr,0,fr,6,0.7583
8,10,de2fr,2,de,4,0.5341
8,10,de2fr,2,de,6,0.4942
8,10,de2fr,2,fr,4,0.7862
8,10,de2fr,2,fr,6,0.7203
8,10,de2fr,3,de,4,0.5634
8,10,de2fr,3,de,6,0.5138
8,10,de2fr,3,fr,4,0.8089
8,10,de2fr,3,fr,6,0.7739
8,10,de2fr,6,de,4,0.5667
8,10,de2fr,6,de,6,0.5422
8,10,de2fr,6,fr,4,0.783
8,10,de2fr,6,fr,6,0.7549
8,10,de2fr,7,de,4,0.5935
8,10,de2fr,7,de,6,0.5752
8,10,de2fr,7,fr,4,0.7972
8,10,de2fr,7,fr,6,0.7682
8,10,de2fr,8,de,4,0.5346
8,10,de2fr,8,de,6,0.4865
8,10,de2fr,8,fr,4,0.7904
8,10,de2fr,8,fr,6,0.7433
8,10,en2fr,2,de,4,0.5412
8,10,en2fr,2,de,6,0.4741
8,10,en2fr,2,fr,4,0.8232
8,10,en2fr,2,fr,6,0.8018
8,10,en2fr,3,de,4,0.5317
8,10,en2fr,3,de,6,0.4352
8,10,en2fr,3,fr,4,0.7696
8,10,en2fr,3,fr,6,0.7491
8,10,en2fr,6,de,4,0.5246
8,10,en2fr,6,de,6,0.4708
8,10,en2fr,6,fr,4,0.7608
8,10,en2fr,6,fr,6,0.7553
8,10,en2fr,7,de,4,0.5541
8,10,en2fr,7,de,6,0.4997
8,10,en2fr,7,fr,4,0.7834
8,10,en2fr,7,fr,6,0.7822
8,10,en2fr,8,de,4,0.5258
8,10,en2fr,8,de,6,0.4751
8,10,en2fr,8,fr,4,0.7845
8,10,en2fr,8,fr,6,0.7328
8,10,en2fr,9,de,4,0.5269
8,10,en2fr,9,de,6,0.4455
8,10,en2fr,9,fr,4,0.747
8,10,en2fr,9,fr,6,0.7206
8,10,en2fr,0,de,4,0.5543
8,10,en2fr,0,de,6,0.4799
8,10,en2fr,0,fr,4,0.7772
8,10,en2fr,0,fr,6,0.7577
9,10,de2fr,2,de,4,0.5676
9,10,de2fr,2,de,6,0.5526
9,10,de2fr,2,fr,4,0.7949
9,10,de2fr,2,fr,6,0.783
9,10,de2fr,3,de,4,0.5469
9,10,de2fr,3,de,6,0.4788
9,10,de2fr,3,fr,4,0.8015
9,10,de2fr,3,fr,6,0.7834
9,10,de2fr,6,de,4,0.561
9,10,de2fr,6,de,6,0.536
9,10,de2fr,6,fr,4,0.7733
9,10,de2fr,6,fr,6,0.7756
9,10,de2fr,7,de,4,0.5966
9,10,de2fr,7,de,6,0.584
9,10,de2fr,7,fr,4,0.7876
9,10,de2fr,7,fr,6,0.7748
9,10,de2fr,8,de,4,0.5387
9,10,de2fr,8,de,6,0.4694
9,10,de2fr,8,fr,4,0.7818
9,10,de2fr,8,fr,6,0.7662
9,10,en2fr,2,de,4,0.517
9,10,en2fr,2,de,6,0.4478
9,10,en2fr,2,fr,4,0.8116
9,10,en2fr,2,fr,6,0.7956
9,10,en2fr,3,de,4,0.5322
9,10,en2fr,3,de,6,0.4761
9,10,en2fr,3,fr,4,0.7717
9,10,en2fr,3,fr,6,0.7645
9,10,en2fr,6,de,4,0.5383
9,10,en2fr,6,de,6,0.491
9,10,en2fr,6,fr,4,0.7535
9,10,en2fr,6,fr,6,0.7511
9,10,en2fr,7,de,4,0.5323
9,10,en2fr,7,de,6,0.4804
9,10,en2fr,7,fr,4,0.7918
9,10,en2fr,7,fr,6,0.7905
9,10,en2fr,8,de,4,0.5284
9,10,en2fr,8,de,6,0.4838
9,10,en2fr,8,fr,4,0.7832
9,10,en2fr,8,fr,6,0.7596
9,10,en2fr,9,de,4,0.5393
9,10,en2fr,9,de,6,0.4862
9,10,en2fr,9,fr,4,0.7673
9,10,en2fr,9,fr,6,0.7635
9,10,en2fr,0,de,4,0.5834
9,10,en2fr,0,de,6,0.54
9,10,en2fr,0,fr,4,0.7721
9,10,en2fr,0,fr,6,0.7678
10,10,de2fr,2,de,4,0.5834
10,10,de2fr,2,de,6,0.5766
10,10,de2fr,2,fr,4,0.7777
10,10,de2fr,2,fr,6,0.7588
10,10,de2fr,3,de,4,0.5769
10,10,de2fr,3,de,6,0.5123
10,10,de2fr,3,fr,4,0.82
10,10,de2fr,3,fr,6,0.7805
10,10,de2fr,6,de,4,0.5791
10,10,de2fr,6,de,6,0.5456
10,10,de2fr,6,fr,4,0.797
10,10,de2fr,6,fr,6,0.7681
10,10,de2fr,7,de,4,0.6152
10,10,de2fr,7,de,6,0.6152
10,10,de2fr,7,fr,4,0.793
10,10,de2fr,7,fr,6,0.7741
10,10,de2fr,8,de,4,0.5146
10,10,de2fr,8,de,6,0.4484
10,10,de2fr,8,fr,4,0.7796
10,10,de2fr,8,fr,6,0.733
10,10,en2fr,2,de,4,0.5186
10,10,en2fr,2,de,6,0.4323
10,10,en2fr,2,fr,4,0.8109
10,10,en2fr,2,fr,6,0.7588
10,10,en2fr,3,de,4,0.536
10,10,en2fr,3,de,6,0.4561
10,10,en2fr,3,fr,4,0.7743
10,10,en2fr,3,fr,6,0.7466
10,10,en2fr,6,de,4,0.5171
10,10,en2fr,6,de,6,0.4773
10,10,en2fr,6,fr,4,0.7317
10,10,en2fr,6,fr,6,0.742
10,10,en2fr,7,de,4,0.5257
10,10,en2fr,7,de,6,0.4645
10,10,en2fr,7,fr,4,0.7779
10,10,en2fr,7,fr,6,0.7755
10,10,en2fr,8,de,4,0.5331
10,10,en2fr,8,de,6,0.4785
10,10,en2fr,8,fr,4,0.7683
10,10,en2fr,8,fr,6,0.7579
10,10,en2fr,9,de,4,0.5906
10,10,en2fr,9,de,6,0.569
10,10,en2fr,9,fr,4,0.7466
10,10,en2fr,9,fr,6,0.7738
10,10,en2fr,0,de,4,0.5946
10,10,en2fr,0,de,6,0.5523
10,10,en2fr,0,fr,4,0.787
10,10,en2fr,0,fr,6,0.7819
11,10,de2fr,2,de,4,0.5795
11,10,de2fr,2,de,6,0.5461
11,10,de2fr,2,fr,4,0.8078
11,10,de2fr,2,fr,6,0.7754
11,10,de2fr,3,de,4,0.5707
11,10,de2fr,3,de,6,0.5084
11,10,de2fr,3,fr,4,0.8334
11,10,de2fr,3,fr,6,0.8254
11,10,de2fr,6,de,4,0.5879
11,10,de2fr,6,de,6,0.5526
11,10,de2fr,6,fr,4,0.8092
11,10,de2fr,6,fr,6,0.7776
11,10,de2fr,7,de,4,0.5818
11,10,de2fr,7,de,6,0.5732
11,10,de2fr,7,fr,4,0.7877
11,10,de2fr,7,fr,6,0.7479
11,10,de2fr,8,de,4,0.5249
11,10,de2fr,8,de,6,0.4419
11,10,de2fr,8,fr,4,0.796
11,10,de2fr,8,fr,6,0.7829
11,10,en2fr,2,de,4,0.5029
11,10,en2fr,2,de,6,0.4147
11,10,en2fr,2,fr,4,0.7979
11,10,en2fr,2,fr,6,0.802
11,10,en2fr,3,de,4,0.5431
11,10,en2fr,3,de,6,0.4688
11,10,en2fr,3,fr,4,0.8052
11,10,en2fr,3,fr,6,0.7935
11,10,en2fr,6,de,4,0.5235
11,10,en2fr,6,de,6,0.4881
11,10,en2fr,6,fr,4,0.7209
11,10,en2fr,6,fr,6,0.7281
11,10,en2fr,7,de,4,0.5095
11,10,en2fr,7,de,6,0.4216
11,10,en2fr,7,fr,4,0.784
11,10,en2fr,7,fr,6,0.784
11,10,en2fr,8,de,4,0.5193
11,10,en2fr,8,de,6,0.4737
11,10,en2fr,8,fr,4,0.7757
11,10,en2fr,8,fr,6,0.7324
11,10,en2fr,9,de,4,0.5691
11,10,en2fr,9,de,6,0.5272
11,10,en2fr,9,fr,4,0.7612
11,10,en2fr,9,fr,6,0.746
11,10,en2fr,0,de,4,0.5968
11,10,en2fr,0,de,6,0.5622
11,10,en2fr,0,fr,4,0.8092
11,10,en2fr,0,fr,6,0.7938
12,10,de2fr,2,de,4,0.5656
12,10,de2fr,2,de,6,0.5389
12,10,de2fr,2,fr,4,0.8164
12,10,de2fr,2,fr,6,0.8065
12,10,de2fr,3,de,4,0.545
12,10,de2fr,3,de,6,0.4752
12,10,de2fr,3,fr,4,0.8293
12,10,de2fr,3,fr,6,0.8187
12,10,de2fr,6,de,4,0.573
12,10,de2fr,6,de,6,0.5381
12,10,de2fr,6,fr,4,0.8258
12,10,de2fr,6,fr,6,0.8195
12,10,de2fr,7,de,4,0.6111
12,10,de2fr,7,de,6,0.6129
12,10,de2fr,7,fr,4,0.8317
12,10,de2fr,7,fr,6,0.8097
12,10,de2fr,8,de,4,0.5483
12,10,de2fr,8,de,6,0.483
12,10,de2fr,8,fr,4,0.8428
12,10,de2fr,8,fr,6,0.814
12,10,en2fr,2,de,4,0.509
12,10,en2fr,2,de,6,0.4148
12,10,en2fr,2,fr,4,0.8141
12,10,en2fr,2,fr,6,0.8346
12,10,en2fr,3,de,4,0.5415
12,10,en2fr,3,de,6,0.4716
12,10,en2fr,3,fr,4,0.8254
12,10,en2fr,3,fr,6,0.8375
12,10,en2fr,6,de,4,0.5466
12,10,en2fr,6,de,6,0.5405
12,10,en2fr,6,fr,4,0.7355
12,10,en2fr,6,fr,6,0.7452
12,10,en2fr,7,de,4,0.5283
12,10,en2fr,7,de,6,0.4534
12,10,en2fr,7,fr,4,0.7945
12,10,en2fr,7,fr,6,0.8318
12,10,en2fr,8,de,4,0.5448
12,10,en2fr,8,de,6,0.5047
12,10,en2fr,8,fr,4,0.8324
12,10,en2fr,8,fr,6,0.7969
12,10,en2fr,9,de,4,0.5798
12,10,en2fr,9,de,6,0.5599
12,10,en2fr,9,fr,4,0.804
12,10,en2fr,9,fr,6,0.7852
12,10,en2fr,0,de,4,0.5865
12,10,en2fr,0,de,6,0.5596
12,10,en2fr,0,fr,4,0.8336
12,10,en2fr,0,fr,6,0.8326
13,10,de2fr,2,de,4,0.56
13,10,de2fr,2,de,6,0.5699
13,10,de2fr,2,fr,4,0.8318
13,10,de2fr,2,fr,6,0.8128
13,10,de2fr,3,de,4,0.5482
13,10,de2fr,3,de,6,0.5198
13,10,de2fr,3,fr,4,0.8417
13,10,de2fr,3,fr,6,0.8332
13,10,de2fr,6,de,4,0.5611
13,10,de2fr,6,de,6,0.5454
13,10,de2fr,6,fr,4,0.8388
13,10,de2fr,6,fr,6,0.8255
13,10,de2fr,7,de,4,0.597
13,10,de2fr,7,de,6,0.6067
13,10,de2fr,7,fr,4,0.8342
13,10,de2fr,7,fr,6,0.8126
13,10,de2fr,8,de,4,0.5422
13,10,de2fr,8,de,6,0.5115
13,10,de2fr,8,fr,4,0.8528
13,10,de2fr,8,fr,6,0.8137
13,10,en2fr,2,de,4,0.4887
13,10,en2fr,2,de,6,0.4525
13,10,en2fr,2,fr,4,0.8173
13,10,en2fr,2,fr,6,0.7824
13,10,en2fr,3,de,4,0.5336
13,10,en2fr,3,de,6,0.5056
13,10,en2fr,3,fr,4,0.8193
13,10,en2fr,3,fr,6,0.8204
13,10,en2fr,6,de,4,0.5491
13,10,en2fr,6,de,6,0.5376
13,10,en2fr,6,fr,4,0.7695
13,10,en2fr,6,fr,6,0.7562
13,10,en2fr,7,de,4,0.4843
13,10,en2fr,7,de,6,0.4361
13,10,en2fr,7,fr,4,0.7891
13,10,en2fr,7,fr,6,0.765
13,10,en2fr,8,de,4,0.5362
13,10,en2fr,8,de,6,0.5282
13,10,en2fr,8,fr,4,0.833
13,10,en2fr,8,fr,6,0.8007
13,10,en2fr,9,de,4,0.562
13,10,en2fr,9,de,6,0.5478
13,10,en2fr,9,fr,4,0.7962
13,10,en2fr,9,fr,6,0.7788
13,10,en2fr,0,de,4,0.5764
13,10,en2fr,0,de,6,0.5678
13,10,en2fr,0,fr,4,0.8373
13,10,en2fr,0,fr,6,0.8063
14,10,de2fr,2,de,4,0.5693
14,10,de2fr,2,de,6,0.5227
14,10,de2fr,2,fr,4,0.8445
14,10,de2fr,2,fr,6,0.8024
14,10,de2fr,3,de,4,0.5839
14,10,de2fr,3,de,6,0.5052
14,10,de2fr,3,fr,4,0.8543
14,10,de2fr,3,fr,6,0.8256
14,10,de2fr,6,de,4,0.5711
14,10,de2fr,6,de,6,0.518
14,10,de2fr,6,fr,4,0.8295
14,10,de2fr,6,fr,6,0.784
14,10,de2fr,7,de,4,0.6071
14,10,de2fr,7,de,6,0.5823
14,10,de2fr,7,fr,4,0.8336
14,10,de2fr,7,fr,6,0.7974
14,10,de2fr,8,de,4,0.5552
14,10,de2fr,8,de,6,0.4785
14,10,de2fr,8,fr,4,0.8548
14,10,de2fr,8,fr,6,0.8106
14,10,en2fr,2,de,4,0.5067
14,10,en2fr,2,de,6,0.4239
14,10,en2fr,2,fr,4,0.8328
14,10,en2fr,2,fr,6,0.7976
14,10,en2fr,3,de,4,0.572
14,10,en2fr,3,de,6,0.5092
14,10,en2fr,3,fr,4,0.8397
14,10,en2fr,3,fr,6,0.8281
14,10,en2fr,6,de,4,0.5552
14,10,en2fr,6,de,6,0.5338
14,10,en2fr,6,fr,4,0.7354
14,10,en2fr,6,fr,6,0.748
14,10,en2fr,7,de,4,0.5114
14,10,en2fr,7,de,6,0.4169
14,10,en2fr,7,fr,4,0.8233
14,10,en2fr,7,fr,6,0.8113
14,10,en2fr,8,de,4,0.5564
14,10,en2fr,8,de,6,0.5161
14,10,en2fr,8,fr,4,0.826
14,10,en2fr,8,fr,6,0.8051
14,10,en2fr,9,de,4,0.6072
14,10,en2fr,9,de,6,0.5811
14,10,en2fr,9,fr,4,0.7873
14,10,en2fr,9,fr,6,0.7804
14,10,en2fr,0,de,4,0.6042
14,10,en2fr,0,de,6,0.5581
14,10,en2fr,0,fr,4,0.8131
14,10,en2fr,0,fr,6,0.8297
15,10,de2fr,2,de,4,0.588
15,10,de2fr,2,de,6,0.5748
15,10,de2fr,2,fr,4,0.8622
15,10,de2fr,2,fr,6,0.8248
15,10,de2fr,3,de,4,0.5759
15,10,de2fr,3,de,6,0.5437
15,10,de2fr,3,fr,4,0.8397
15,10,de2fr,3,fr,6,0.8372
15,10,de2fr,6,de,4,0.5596
15,10,de2fr,6,de,6,0.5412
15,10,de2fr,6,fr,4,0.8342
15,10,de2fr,6,fr,6,0.8204
15,10,de2fr,7,de,4,0.5997
15,10,de2fr,7,de,6,0.6
15,10,de2fr,7,fr,4,0.8282
15,10,de2fr,7,fr,6,0.8023
15,10,de2fr,8,de,4,0.5436
15,10,de2fr,8,de,6,0.5099
15,10,de2fr,8,fr,4,0.8511
15,10,de2fr,8,fr,6,0.8132
15,10,en2fr,2,de,4,0.5229
15,10,en2fr,2,de,6,0.4786
15,10,en2fr,2,fr,4,0.831
15,10,en2fr,2,fr,6,0.8159
15,10,en2fr,3,de,4,0.5386
15,10,en2fr,3,de,6,0.5067
15,10,en2fr,3,fr,4,0.8478
15,10,en2fr,3,fr,6,0.823
15,10,en2fr,6,de,4,0.5592
15,10,en2fr,6,de,6,0.5387
15,10,en2fr,6,fr,4,0.7867
15,10,en2fr,6,fr,6,0.7714
15,10,en2fr,7,de,4,0.4981
15,10,en2fr,7,de,6,0.451
15,10,en2fr,7,fr,4,0.8082
15,10,en2fr,7,fr,6,0.8217
15,10,en2fr,8,de,4,0.5541
15,10,en2fr,8,de,6,0.5389
15,10,en2fr,8,fr,4,0.8259
15,10,en2fr,8,fr,6,0.8237
15,10,en2fr,9,de,4,0.5916
15,10,en2fr,9,de,6,0.5775
15,10,en2fr,9,fr,4,0.8158
15,10,en2fr,9,fr,6,0.7729
15,10,en2fr,0,de,4,0.6037
15,10,en2fr,0,de,6,0.5903
15,10,en2fr,0,fr,4,0.8469
15,10,en2fr,0,fr,6,0.8371
16,10,de2fr,2,de,4,0.5767
16,10,de2fr,2,de,6,0.5716
16,10,de2fr,2,fr,4,0.8189
16,10,de2fr,2,fr,6,0.8275
16,10,de2fr,3,de,4,0.5771
16,10,de2fr,3,de,6,0.5478
16,10,de2fr,3,fr,4,0.8226
16,10,de2fr,3,fr,6,0.8356
16,10,de2fr,6,de,4,0.5754
16,10,de2fr,6,de,6,0.5591
16,10,de2fr,6,fr,4,0.8308
16,10,de2fr,6,fr,6,0.825
16,10,de2fr,7,de,4,0.5963
16,10,de2fr,7,de,6,0.6126
16,10,de2fr,7,fr,4,0.8199
16,10,de2fr,7,fr,6,0.8041
16,10,de2fr,8,de,4,0.5203
16,10,de2fr,8,de,6,0.4821
16,10,de2fr,8,fr,4,0.8121
16,10,de2fr,8,fr,6,0.8028
16,10,en2fr,2,de,4,0.5216
16,10,en2fr,2,de,6,0.492
16,10,en2fr,2,fr,4,0.8062
16,10,en2fr,2,fr,6,0.8227
16,10,en2fr,3,de,4,0.5562
16,10,en2fr,3,de,6,0.5179
16,10,en2fr,3,fr,4,0.8188
16,10,en2fr,3,fr,6,0.8302
16,10,en2fr,6,de,4,0.54
16,10,en2fr,6,de,6,0.524
16,10,en2fr,6,fr,4,0.744
16,10,en2fr,6,fr,6,0.7524
16,10,en2fr,7,de,4,0.4858
16,10,en2fr,7,de,6,0.433
16,10,en2fr,7,fr,4,0.7716
16,10,en2fr,7,fr,6,0.7905
16,10,en2fr,8,de,4,0.5358
16,10,en2fr,8,de,6,0.5238
16,10,en2fr,8,fr,4,0.8057
16,10,en2fr,8,fr,6,0.7731
16,10,en2fr,9,de,4,0.6069
16,10,en2fr,9,de,6,0.598
16,10,en2fr,9,fr,4,0.7917
16,10,en2fr,9,fr,6,0.8046
16,10,en2fr,0,de,4,0.6015
16,10,en2fr,0,de,6,0.6044
16,10,en2fr,0,fr,4,0.8163
16,10,en2fr,0,fr,6,0.8273
17,10,de2fr,2,de,4,0.5734
17,10,de2fr,2,de,6,0.5491
17,10,de2fr,2,fr,4,0.8497
17,10,de2fr,2,fr,6,0.8168
17,10,de2fr,3,de,4,0.5794
17,10,de2fr,3,de,6,0.5184
17,10,de2fr,3,fr,4,0.8285
17,10,de2fr,3,fr,6,0.8339
17,10,de2fr,6,de,4,0.5718
17,10,de2fr,6,de,6,0.5236
17,10,de2fr,6,fr,4,0.8364
17,10,de2fr,6,fr,6,0.8245
17,10,de2fr,7,de,4,0.6052
17,10,de2fr,7,de,6,0.5977
17,10,de2fr,7,fr,4,0.833
17,10,de2fr,7,fr,6,0.8204
17,10,de2fr,8,de,4,0.5391
17,10,de2fr,8,de,6,0.4804
17,10,de2fr,8,fr,4,0.8254
17,10,de2fr,8,fr,6,0.798
17,10,en2fr,2,de,4,0.5179
17,10,en2fr,2,de,6,0.4662
17,10,en2fr,2,fr,4,0.828
17,10,en2fr,2,fr,6,0.8125
17,10,en2fr,3,de,4,0.562
17,10,en2fr,3,de,6,0.5077
17,10,en2fr,3,fr,4,0.8321
17,10,en2fr,3,fr,6,0.8344
17,10,en2fr,6,de,4,0.5612
17,10,en2fr,6,de,6,0.5391
17,10,en2fr,6,fr,4,0.7853
17,10,en2fr,6,fr,6,0.7826
17,10,en2fr,7,de,4,0.5046
17,10,en2fr,7,de,6,0.4331
17,10,en2fr,7,fr,4,0.7961
17,10,en2fr,7,fr,6,0.803
17,10,en2fr,8,de,4,0.5577
17,10,en2fr,8,de,6,0.5221
17,10,en2fr,8,fr,4,0.8276
17,10,en2fr,8,fr,6,0.8176
17,10,en2fr,9,de,4,0.5834
17,10,en2fr,9,de,6,0.5548
17,10,en2fr,9,fr,4,0.8022
17,10,en2fr,9,fr,6,0.8061
17,10,en2fr,0,de,4,0.6047
17,10,en2fr,0,de,6,0.5752
17,10,en2fr,0,fr,4,0.8438
17,10,en2fr,0,fr,6,0.8439
18,10,de2fr,2,de,4,0.5619
18,10,de2fr,2,de,6,0.5399
18,10,de2fr,2,fr,4,0.8285
18,10,de2fr,2,fr,6,0.8515
18,10,de2fr,3,de,4,0.5732
18,10,de2fr,3,de,6,0.5272
18,10,de2fr,3,fr,4,0.8303
18,10,de2fr,3,fr,6,0.8571
18,10,de2fr,6,de,4,0.5656
18,10,de2fr,6,de,6,0.5408
18,10,de2fr,6,fr,4,0.8245
18,10,de2fr,6,fr,6,0.8417
18,10,de2fr,7,de,4,0.587
18,10,de2fr,7,de,6,0.5903
18,10,de2fr,7,fr,4,0.826
18,10,de2fr,7,fr,6,0.8334
18,10,de2fr,8,de,4,0.5403
18,10,de2fr,8,de,6,0.4775
18,10,de2fr,8,fr,4,0.8192
18,10,de2fr,8,fr,6,0.8503
18,10,en2fr,2,de,4,0.5002
18,10,en2fr,2,de,6,0.4591
18,10,en2fr,2,fr,4,0.7852
18,10,en2fr,2,fr,6,0.8508
18,10,en2fr,3,de,4,0.5436
18,10,en2fr,3,de,6,0.4925
18,10,en2fr,3,fr,4,0.8306
18,10,en2fr,3,fr,6,0.8661
18,10,en2fr,6,de,4,0.5645
18,10,en2fr,6,de,6,0.5536
18,10,en2fr,6,fr,4,0.7936
18,10,en2fr,6,fr,6,0.7893
18,10,en2fr,7,de,4,0.4869
18,10,en2fr,7,de,6,0.4082
18,10,en2fr,7,fr,4,0.7903
18,10,en2fr,7,fr,6,0.8502
18,10,en2fr,8,de,4,0.5246
18,10,en2fr,8,de,6,0.4997
18,10,en2fr,8,fr,4,0.7994
18,10,en2fr,8,fr,6,0.7972
18,10,en2fr,9,de,4,0.559
18,10,en2fr,9,de,6,0.5426
18,10,en2fr,9,fr,4,0.7803
18,10,en2fr,9,fr,6,0.7867
18,10,en2fr,0,de,4,0.6005
18,10,en2fr,0,de,6,0.5916
18,10,en2fr,0,fr,4,0.8428
18,10,en2fr,0,fr,6,0.8581
19,10,de2fr,2,de,4,0.5671
19,10,de2fr,2,de,6,0.5392
19,10,de2fr,2,fr,4,0.8476
19,10,de2fr,2,fr,6,0.8308
19,10,de2fr,3,de,4,0.5722
19,10,de2fr,3,de,6,0.5068
19,10,de2fr,3,fr,4,0.8271
19,10,de2fr,3,fr,6,0.8399
19,10,de2fr,6,de,4,0.5818
19,10,de2fr,6,de,6,0.5414
19,10,de2fr,6,fr,4,0.8296
19,10,de2fr,6,fr,6,0.8381
19,10,de2fr,7,de,4,0.5881
19,10,de2fr,7,de,6,0.5895
19,10,de2fr,7,fr,4,0.844
19,10,de2fr,7,fr,6,0.8404
19,10,de2fr,8,de,4,0.5558
19,10,de2fr,8,de,6,0.5049
19,10,de2fr,8,fr,4,0.826
19,10,de2fr,8,fr,6,0.8276
19,10,en2fr,2,de,4,0.5315
19,10,en2fr,2,de,6,0.4974
19,10,en2fr,2,fr,4,0.8263
19,10,en2fr,2,fr,6,0.843
19,10,en2fr,3,de,4,0.554
19,10,en2fr,3,de,6,0.5125
19,10,en2fr,3,fr,4,0.8306
19,10,en2fr,3,fr,6,0.8431
19,10,en2fr,6,de,4,0.5485
19,10,en2fr,6,de,6,0.5437
19,10,en2fr,6,fr,4,0.7819
19,10,en2fr,6,fr,6,0.7752
19,10,en2fr,7,de,4,0.5136
19,10,en2fr,7,de,6,0.4398
19,10,en2fr,7,fr,4,0.7876
19,10,en2fr,7,fr,6,0.8133
19,10,en2fr,8,de,4,0.5437
19,10,en2fr,8,de,6,0.529
19,10,en2fr,8,fr,4,0.8173
19,10,en2fr,8,fr,6,0.7999
19,10,en2fr,9,de,4,0.5858
19,10,en2fr,9,de,6,0.5562
19,10,en2fr,9,fr,4,0.8202
19,10,en2fr,9,fr,6,0.8001
19,10,en2fr,0,de,4,0.5829
19,10,en2fr,0,de,6,0.5637
19,10,en2fr,0,fr,4,0.834
19,10,en2fr,0,fr,6,0.8332
20,10,de2fr,2,de,4,0.5684
20,10,de2fr,2,de,6,0.5459
20,10,de2fr,2,fr,4,0.8463
20,10,de2fr,2,fr,6,0.8209
20,10,de2fr,3,de,4,0.5834
20,10,de2fr,3,de,6,0.5248
20,10,de2fr,3,fr,4,0.8404
20,10,de2fr,3,fr,6,0.8369
20,10,de2fr,6,de,4,0.5768
20,10,de2fr,6,de,6,0.5442
20,10,de2fr,6,fr,4,0.8319
20,10,de2fr,6,fr,6,0.8394
20,10,de2fr,7,de,4,0.6114
20,10,de2fr,7,de,6,0.5989
20,10,de2fr,7,fr,4,0.8378
20,10,de2fr,7,fr,6,0.8325
20,10,de2fr,8,de,4,0.5954
20,10,de2fr,8,de,6,0.5372
20,10,de2fr,8,fr,4,0.8494
20,10,de2fr,8,fr,6,0.8404
20,10,en2fr,2,de,4,0.5491
20,10,en2fr,2,de,6,0.5089
20,10,en2fr,2,fr,4,0.8294
20,10,en2fr,2,fr,6,0.8451
20,10,en2fr,3,de,4,0.5533
20,10,en2fr,3,de,6,0.5037
20,10,en2fr,3,fr,4,0.8124
20,10,en2fr,3,fr,6,0.8214
20,10,en2fr,6,de,4,0.5418
20,10,en2fr,6,de,6,0.5267
20,10,en2fr,6,fr,4,0.7723
20,10,en2fr,6,fr,6,0.7676
20,10,en2fr,7,de,4,0.5042
20,10,en2fr,7,de,6,0.415
20,10,en2fr,7,fr,4,0.7751
20,10,en2fr,7,fr,6,0.8201
20,10,en2fr,8,de,4,0.5707
20,10,en2fr,8,de,6,0.5488
20,10,en2fr,8,fr,4,0.824
20,10,en2fr,8,fr,6,0.7948
20,10,en2fr,9,de,4,0.5825
20,10,en2fr,9,de,6,0.5627
20,10,en2fr,9,fr,4,0.8211
20,10,en2fr,9,fr,6,0.8097
20,10,en2fr,0,de,4,0.6066
20,10,en2fr,0,de,6,0.59
20,10,en2fr,0,fr,4,0.8426
20,10,en2fr,0,fr,6,0.8484
21,10,de2fr,2,de,4,0.5565
21,10,de2fr,2,de,6,0.544
21,10,de2fr,2,fr,4,0.8231
21,10,de2fr,2,fr,6,0.8265
21,10,de2fr,3,de,4,0.5661
21,10,de2fr,3,de,6,0.5362
21,10,de2fr,3,fr,4,0.8164
21,10,de2fr,3,fr,6,0.8602
21,10,de2fr,6,de,4,0.5791
21,10,de2fr,6,de,6,0.56
21,10,de2fr,6,fr,4,0.8331
21,10,de2fr,6,fr,6,0.8604
21,10,de2fr,7,de,4,0.5918
21,10,de2fr,7,de,6,0.6007
21,10,de2fr,7,fr,4,0.8152
21,10,de2fr,7,fr,6,0.8283
21,10,de2fr,8,de,4,0.5552
21,10,de2fr,8,de,6,0.5289
21,10,de2fr,8,fr,4,0.8352
21,10,de2fr,8,fr,6,0.8392
21,10,en2fr,2,de,4,0.5433
21,10,en2fr,2,de,6,0.5277
21,10,en2fr,2,fr,4,0.814
21,10,en2fr,2,fr,6,0.8473
21,10,en2fr,3,de,4,0.5708
21,10,en2fr,3,de,6,0.5428
21,10,en2fr,3,fr,4,0.8279
21,10,en2fr,3,fr,6,0.8583
21,10,en2fr,6,de,4,0.552
21,10,en2fr,6,de,6,0.5376
21,10,en2fr,6,fr,4,0.7737
21,10,en2fr,6,fr,6,0.7896
21,10,en2fr,7,de,4,0.5224
21,10,en2fr,7,de,6,0.4758
21,10,en2fr,7,fr,4,0.7847
21,10,en2fr,7,fr,6,0.8589
21,10,en2fr,8,de,4,0.5713
21,10,en2fr,8,de,6,0.553
21,10,en2fr,8,fr,4,0.826
21,10,en2fr,8,fr,6,0.8289
21,10,en2fr,9,de,4,0.5855
21,10,en2fr,9,de,6,0.5578
21,10,en2fr,9,fr,4,0.8039
21,10,en2fr,9,fr,6,0.8275
21,10,en2fr,0,de,4,0.5971
21,10,en2fr,0,de,6,0.5883
21,10,en2fr,0,fr,4,0.8306
21,10,en2fr,0,fr,6,0.8547
22,10,de2fr,2,de,4,0.5707
22,10,de2fr,2,de,6,0.5231
22,10,de2fr,2,fr,4,0.8413
22,10,de2fr,2,fr,6,0.8452
22,10,de2fr,3,de,4,0.5805
22,10,de2fr,3,de,6,0.5185
22,10,de2fr,3,fr,4,0.8227
22,10,de2fr,3,fr,6,0.8614
22,10,de2fr,6,de,4,0.593
22,10,de2fr,6,de,6,0.541
22,10,de2fr,6,fr,4,0.8266
22,10,de2fr,6,fr,6,0.8514
22,10,de2fr,7,de,4,0.5995
22,10,de2fr,7,de,6,0.5708
22,10,de2fr,7,fr,4,0.832
22,10,de2fr,7,fr,6,0.846
22,10,de2fr,8,de,4,0.5665
22,10,de2fr,8,de,6,0.5135
22,10,de2fr,8,fr,4,0.8389
22,10,de2fr,8,fr,6,0.8413
22,10,en2fr,2,de,4,0.5596
22,10,en2fr,2,de,6,0.5132
22,10,en2fr,2,fr,4,0.8188
22,10,en2fr,2,fr,6,0.8568
22,10,en2fr,3,de,4,0.5832
22,10,en2fr,3,de,6,0.5133
22,10,en2fr,3,fr,4,0.8251
22,10,en2fr,3,fr,6,0.8549
22,10,en2fr,6,de,4,0.5778
22,10,en2fr,6,de,6,0.5375
22,10,en2fr,6,fr,4,0.7757
22,10,en2fr,6,fr,6,0.7663
22,10,en2fr,7,de,4,0.5197
22,10,en2fr,7,de,6,0.4412
22,10,en2fr,7,fr,4,0.7934
22,10,en2fr,7,fr,6,0.8352
22,10,en2fr,8,de,4,0.5784
22,10,en2fr,8,de,6,0.5315
22,10,en2fr,8,fr,4,0.8132
22,10,en2fr,8,fr,6,0.8251
22,10,en2fr,9,de,4,0.5915
22,10,en2fr,9,de,6,0.5369
22,10,en2fr,9,fr,4,0.7796
22,10,en2fr,9,fr,6,0.8056
22,10,en2fr,0,de,4,0.6115
22,10,en2fr,0,de,6,0.5764
22,10,en2fr,0,fr,4,0.816
22,10,en2fr,0,fr,6,0.8486
23,10,de2fr,2,de,4,0.578
23,10,de2fr,2,de,6,0.5134
23,10,de2fr,2,fr,4,0.8458
23,10,de2fr,2,fr,6,0.8472
23,10,de2fr,3,de,4,0.558
23,10,de2fr,3,de,6,0.4657
23,10,de2fr,3,fr,4,0.8129
23,10,de2fr,3,fr,6,0.8538
23,10,de2fr,6,de,4,0.5804
23,10,de2fr,6,de,6,0.519
23,10,de2fr,6,fr,4,0.8461
23,10,de2fr,6,fr,6,0.8558
23,10,de2fr,7,de,4,0.5948
23,10,de2fr,7,de,6,0.5563
23,10,de2fr,7,fr,4,0.8073
23,10,de2fr,7,fr,6,0.8181
23,10,de2fr,8,de,4,0.5962
23,10,de2fr,8,de,6,0.5259
23,10,de2fr,8,fr,4,0.8407
23,10,de2fr,8,fr,6,0.8366
23,10,en2fr,2,de,4,0.5473
23,10,en2fr,2,de,6,0.477
23,10,en2fr,2,fr,4,0.812
23,10,en2fr,2,fr,6,0.8494
23,10,en2fr,3,de,4,0.5554
23,10,en2fr,3,de,6,0.4702
23,10,en2fr,3,fr,4,0.8138
23,10,en2fr,3,fr,6,0.8477
23,10,en2fr,6,de,4,0.564
23,10,en2fr,6,de,6,0.5161
23,10,en2fr,6,fr,4,0.7781
23,10,en2fr,6,fr,6,0.8147
23,10,en2fr,7,de,4,0.5068
23,10,en2fr,7,de,6,0.3994
23,10,en2fr,7,fr,4,0.7957
23,10,en2fr,7,fr,6,0.8271
23,10,en2fr,8,de,4,0.5651
23,10,en2fr,8,de,6,0.4931
23,10,en2fr,8,fr,4,0.817
23,10,en2fr,8,fr,6,0.8248
23,10,en2fr,9,de,4,0.5727
23,10,en2fr,9,de,6,0.5121
23,10,en2fr,9,fr,4,0.8008
23,10,en2fr,9,fr,6,0.8051
23,10,en2fr,0,de,4,0.6025
23,10,en2fr,0,de,6,0.546
23,10,en2fr,0,fr,4,0.8167
23,10,en2fr,0,fr,6,0.8439
24,10,de2fr,2,de,4,0.5732
24,10,de2fr,2,de,6,0.5185
24,10,de2fr,2,fr,4,0.8283
24,10,de2fr,2,fr,6,0.8486
24,10,de2fr,3,de,4,0.5678
24,10,de2fr,3,de,6,0.4881
24,10,de2fr,3,fr,4,0.7748
24,10,de2fr,3,fr,6,0.8447
24,10,de2fr,6,de,4,0.5758
24,10,de2fr,6,de,6,0.515
24,10,de2fr,6,fr,4,0.7966
24,10,de2fr,6,fr,6,0.851
24,10,de2fr,7,de,4,0.5974
24,10,de2fr,7,de,6,0.5624
24,10,de2fr,7,fr,4,0.817
24,10,de2fr,7,fr,6,0.8309
24,10,de2fr,8,de,4,0.5754
24,10,de2fr,8,de,6,0.4997
24,10,de2fr,8,fr,4,0.8078
24,10,de2fr,8,fr,6,0.8446
24,10,en2fr,2,de,4,0.5599
24,10,en2fr,2,de,6,0.4878
24,10,en2fr,2,fr,4,0.806
24,10,en2fr,2,fr,6,0.8571
24,10,en2fr,3,de,4,0.5765
24,10,en2fr,3,de,6,0.4968
24,10,en2fr,3,fr,4,0.8086
24,10,en2fr,3,fr,6,0.8501
24,10,en2fr,6,de,4,0.5872
24,10,en2fr,6,de,6,0.5422
24,10,en2fr,6,fr,4,0.7574
24,10,en2fr,6,fr,6,0.8064
24,10,en2fr,7,de,4,0.5437
24,10,en2fr,7,de,6,0.4502
24,10,en2fr,7,fr,4,0.7779
24,10,en2fr,7,fr,6,0.8353
24,10,en2fr,8,de,4,0.5617
24,10,en2fr,8,de,6,0.5004
24,10,en2fr,8,fr,4,0.791
24,10,en2fr,8,fr,6,0.8119
24,10,en2fr,9,de,4,0.5747
24,10,en2fr,9,de,6,0.5329
24,10,en2fr,9,fr,4,0.8003
24,10,en2fr,9,fr,6,0.796
24,10,en2fr,0,de,4,0.6169
24,10,en2fr,0,de,6,0.5806
24,10,en2fr,0,fr,4,0.8006
24,10,en2fr,0,fr,6,0.8455
25,10,de2fr,2,de,4,0.5671
25,10,de2fr,2,de,6,0.4982
25,10,de2fr,2,fr,4,0.8252
25,10,de2fr,2,fr,6,0.8351
25,10,de2fr,3,de,4,0.5946
25,10,de2fr,3,de,6,0.5147
25,10,de2fr,3,fr,4,0.8191
25,10,de2fr,3,fr,6,0.8611
25,10,de2fr,6,de,4,0.5707
25,10,de2fr,6,de,6,0.5293
25,10,de2fr,6,fr,4,0.797
25,10,de2fr,6,fr,6,0.8384
25,10,de2fr,7,de,4,0.6122
25,10,de2fr,7,de,6,0.5777
25,10,de2fr,7,fr,4,0.8151
25,10,de2fr,7,fr,6,0.8414
25,10,de2fr,8,de,4,0.5812
25,10,de2fr,8,de,6,0.491
25,10,de2fr,8,fr,4,0.8209
25,10,de2fr,8,fr,6,0.8357
25,10,en2fr,2,de,4,0.5792
25,10,en2fr,2,de,6,0.5166
25,10,en2fr,2,fr,4,0.8159
25,10,en2fr,2,fr,6,0.867
25,10,en2fr,3,de,4,0.5716
25,10,en2fr,3,de,6,0.4866
25,10,en2fr,3,fr,4,0.8011
25,10,en2fr,3,fr,6,0.8615
25,10,en2fr,6,de,4,0.5722
25,10,en2fr,6,de,6,0.531
25,10,en2fr,6,fr,4,0.7945
25,10,en2fr,6,fr,6,0.8013
25,10,en2fr,7,de,4,0.5497
25,10,en2fr,7,de,6,0.4672
25,10,en2fr,7,fr,4,0.7923
25,10,en2fr,7,fr,6,0.848
25,10,en2fr,8,de,4,0.5627
25,10,en2fr,8,de,6,0.5003
25,10,en2fr,8,fr,4,0.8182
25,10,en2fr,8,fr,6,0.8304
25,10,en2fr,9,de,4,0.5974
25,10,en2fr,9,de,6,0.5515
25,10,en2fr,9,fr,4,0.805
25,10,en2fr,9,fr,6,0.8348
25,10,en2fr,0,de,4,0.5961
25,10,en2fr,0,de,6,0.5566
25,10,en2fr,0,fr,4,0.811
25,10,en2fr,0,fr,6,0.8536
26,10,de2fr,2,de,4,0.5827
26,10,de2fr,2,de,6,0.5301
26,10,de2fr,2,fr,4,0.822
26,10,de2fr,2,fr,6,0.8465
26,10,de2fr,3,de,4,0.602
26,10,de2fr,3,de,6,0.5309
26,10,de2fr,3,fr,4,0.8078
26,10,de2fr,3,fr,6,0.8482
26,10,de2fr,6,de,4,0.5871
26,10,de2fr,6,de,6,0.5179
26,10,de2fr,6,fr,4,0.7956
26,10,de2fr,6,fr,6,0.8548
26,10,de2fr,7,de,4,0.5993
26,10,de2fr,7,de,6,0.5632
26,10,de2fr,7,fr,4,0.8194
26,10,de2fr,7,fr,6,0.8395
26,10,de2fr,8,de,4,0.6012
26,10,de2fr,8,de,6,0.5182
26,10,de2fr,8,fr,4,0.821
26,10,de2fr,8,fr,6,0.8607
26,10,en2fr,2,de,4,0.567
26,10,en2fr,2,de,6,0.5022
26,10,en2fr,2,fr,4,0.8098
26,10,en2fr,2,fr,6,0.8579
26,10,en2fr,3,de,4,0.5595
26,10,en2fr,3,de,6,0.464
26,10,en2fr,3,fr,4,0.8076
26,10,en2fr,3,fr,6,0.8401
26,10,en2fr,6,de,4,0.5468
26,10,en2fr,6,de,6,0.5076
26,10,en2fr,6,fr,4,0.7548
26,10,en2fr,6,fr,6,0.7772
26,10,en2fr,7,de,4,0.5442
26,10,en2fr,7,de,6,0.4573
26,10,en2fr,7,fr,4,0.784
26,10,en2fr,7,fr,6,0.8431
26,10,en2fr,8,de,4,0.5667
26,10,en2fr,8,de,6,0.5138
26,10,en2fr,8,fr,4,0.7999
26,10,en2fr,8,fr,6,0.8184
26,10,en2fr,9,de,4,0.5491
26,10,en2fr,9,de,6,0.4856
26,10,en2fr,9,fr,4,0.8022
26,10,en2fr,9,fr,6,0.7914
26,10,en2fr,0,de,4,0.5973
26,10,en2fr,0,de,6,0.5627
26,10,en2fr,0,fr,4,0.8139
26,10,en2fr,0,fr,6,0.8437
27,10,de2fr,2,de,4,0.5823
27,10,de2fr,2,de,6,0.5328
27,10,de2fr,2,fr,4,0.8343
27,10,de2fr,2,fr,6,0.8293
27,10,de2fr,3,de,4,0.5939
27,10,de2fr,3,de,6,0.5227
27,10,de2fr,3,fr,4,0.8103
27,10,de2fr,3,fr,6,0.8705
27,10,de2fr,6,de,4,0.5661
27,10,de2fr,6,de,6,0.4971
27,10,de2fr,6,fr,4,0.8044
27,10,de2fr,6,fr,6,0.8475
27,10,de2fr,7,de,4,0.5999
27,10,de2fr,7,de,6,0.5557
27,10,de2fr,7,fr,4,0.8177
27,10,de2fr,7,fr,6,0.8509
27,10,de2fr,8,de,4,0.6003
27,10,de2fr,8,de,6,0.5226
27,10,de2fr,8,fr,4,0.8214
27,10,de2fr,8,fr,6,0.8542
27,10,en2fr,2,de,4,0.5738
27,10,en2fr,2,de,6,0.5006
27,10,en2fr,2,fr,4,0.8161
27,10,en2fr,2,fr,6,0.8661
27,10,en2fr,3,de,4,0.5526
27,10,en2fr,3,de,6,0.47
27,10,en2fr,3,fr,4,0.8046
27,10,en2fr,3,fr,6,0.8473
27,10,en2fr,6,de,4,0.5791
27,10,en2fr,6,de,6,0.5364
27,10,en2fr,6,fr,4,0.7622
27,10,en2fr,6,fr,6,0.8199
27,10,en2fr,7,de,4,0.5575
27,10,en2fr,7,de,6,0.4634
27,10,en2fr,7,fr,4,0.8005
27,10,en2fr,7,fr,6,0.8512
27,10,en2fr,8,de,4,0.5766
27,10,en2fr,8,de,6,0.5155
27,10,en2fr,8,fr,4,0.8032
27,10,en2fr,8,fr,6,0.8367
27,10,en2fr,9,de,4,0.573
27,10,en2fr,9,de,6,0.5265
27,10,en2fr,9,fr,4,0.7964
27,10,en2fr,9,fr,6,0.818
27,10,en2fr,0,de,4,0.6051
27,10,en2fr,0,de,6,0.559
27,10,en2fr,0,fr,4,0.7957
27,10,en2fr,0,fr,6,0.838
28,10,de2fr,2,de,4,0.567
28,10,de2fr,2,de,6,0.5141
28,10,de2fr,2,fr,4,0.8162
28,10,de2fr,2,fr,6,0.8135
28,10,de2fr,3,de,4,0.6112
28,10,de2fr,3,de,6,0.539
28,10,de2fr,3,fr,4,0.8071
28,10,de2fr,3,fr,6,0.8611
28,10,de2fr,6,de,4,0.5833
28,10,de2fr,6,de,6,0.5226
28,10,de2fr,6,fr,4,0.8008
28,10,de2fr,6,fr,6,0.8508
28,10,de2fr,7,de,4,0.6075
28,10,de2fr,7,de,6,0.5791
28,10,de2fr,7,fr,4,0.8044
28,10,de2fr,7,fr,6,0.8237
28,10,de2fr,8,de,4,0.5983
28,10,de2fr,8,de,6,0.5147
28,10,de2fr,8,fr,4,0.8261
28,10,de2fr,8,fr,6,0.8458
28,10,en2fr,2,de,4,0.575
28,10,en2fr,2,de,6,0.5098
28,10,en2fr,2,fr,4,0.8144
28,10,en2fr,2,fr,6,0.8556
28,10,en2fr,3,de,4,0.5716
28,10,en2fr,3,de,6,0.4985
28,10,en2fr,3,fr,4,0.8084
28,10,en2fr,3,fr,6,0.8491
28,10,en2fr,6,de,4,0.5716
28,10,en2fr,6,de,6,0.534
28,10,en2fr,6,fr,4,0.7587
28,10,en2fr,6,fr,6,0.7966
28,10,en2fr,7,de,4,0.5721
28,10,en2fr,7,de,6,0.4854
28,10,en2fr,7,fr,4,0.7837
28,10,en2fr,7,fr,6,0.8535
28,10,en2fr,8,de,4,0.5897
28,10,en2fr,8,de,6,0.531
28,10,en2fr,8,fr,4,0.7953
28,10,en2fr,8,fr,6,0.8402
28,10,en2fr,9,de,4,0.6031
28,10,en2fr,9,de,6,0.543
28,10,en2fr,9,fr,4,0.7948
28,10,en2fr,9,fr,6,0.8281
28,10,en2fr,0,de,4,0.5847
28,10,en2fr,0,de,6,0.5467
28,10,en2fr,0,fr,4,0.8026
28,10,en2fr,0,fr,6,0.8155
29,10,de2fr,2,de,4,0.5705
29,10,de2fr,2,de,6,0.5108
29,10,de2fr,2,fr,4,0.8181
29,10,de2fr,2,fr,6,0.8235
29,10,de2fr,3,de,4,0.6223
29,10,de2fr,3,de,6,0.5645
29,10,de2fr,3,fr,4,0.815
29,10,de2fr,3,fr,6,0.8561
29,10,de2fr,6,de,4,0.5864
29,10,de2fr,6,de,6,0.5251
29,10,de2fr,6,fr,4,0.8073
29,10,de2fr,6,fr,6,0.8447
29,10,de2fr,7,de,4,0.6022
29,10,de2fr,7,de,6,0.5759
29,10,de2fr,7,fr,4,0.7975
29,10,de2fr,7,fr,6,0.8349
29,10,de2fr,8,de,4,0.565
29,10,de2fr,8,de,6,0.4724
29,10,de2fr,8,fr,4,0.8145
29,10,de2fr,8,fr,6,0.8143
29,10,en2fr,2,de,4,0.5547
29,10,en2fr,2,de,6,0.4881
29,10,en2fr,2,fr,4,0.8007
29,10,en2fr,2,fr,6,0.8477
29,10,en2fr,3,de,4,0.5795
29,10,en2fr,3,de,6,0.5151
29,10,en2fr,3,fr,4,0.8287
29,10,en2fr,3,fr,6,0.8503
29,10,en2fr,6,de,4,0.5633
29,10,en2fr,6,de,6,0.527
29,10,en2fr,6,fr,4,0.7587
29,10,en2fr,6,fr,6,0.7706
29,10,en2fr,7,de,4,0.5766
29,10,en2fr,7,de,6,0.4976
29,10,en2fr,7,fr,4,0.8041
29,10,en2fr,7,fr,6,0.8512
29,10,en2fr,8,de,4,0.578
29,10,en2fr,8,de,6,0.5173
29,10,en2fr,8,fr,4,0.7998
29,10,en2fr,8,fr,6,0.8285
29,10,en2fr,9,de,4,0.5583
29,10,en2fr,9,de,6,0.5109
29,10,en2fr,9,fr,4,0.7808
29,10,en2fr,9,fr,6,0.7993
29,10,en2fr,0,de,4,0.567
29,10,en2fr,0,de,6,0.5373
29,10,en2fr,0,fr,4,0.7879
29,10,en2fr,0,fr,6,0.7938
4,11,de2fr,2,de,4,0.8612
4,11,de2fr,2,de,6,0.8719
4,11,de2fr,2,fr,4,0.5541
4,11,de2fr,2,fr,6,0.5691
4,11,de2fr,3,de,4,0.8379
4,11,de2fr,3,de,6,0.8328
4,11,de2fr,3,fr,4,0.5284
4,11,de2fr,3,fr,6,0.5465
4,11,de2fr,6,de,4,0.8617
4,11,de2fr,6,de,6,0.8754
4,11,de2fr,6,fr,4,0.5029
4,11,de2fr,6,fr,6,0.5266
4,11,de2fr,7,de,4,0.8535
4,11,de2fr,7,de,6,0.8877
4,11,de2fr,7,fr,4,0.5147
4,11,de2fr,7,fr,6,0.5321
4,11,de2fr,8,de,4,0.8474
4,11,de2fr,8,de,6,0.8537
4,11,de2fr,8,fr,4,0.4833
4,11,de2fr,8,fr,6,0.5088
4,11,en2fr,2,de,4,0.6238
4,11,en2fr,2,de,6,0.6553
4,11,en2fr,2,fr,4,0.5896
4,11,en2fr,2,fr,6,0.6245
4,11,en2fr,3,de,4,0.6277
4,11,en2fr,3,de,6,0.6672
4,11,en2fr,3,fr,4,0.6314
4,11,en2fr,3,fr,6,0.6679
4,11,en2fr,6,de,4,0.6288
4,11,en2fr,6,de,6,0.6573
4,11,en2fr,6,fr,4,0.6188
4,11,en2fr,6,fr,6,0.6645
4,11,en2fr,7,de,4,0.5953
4,11,en2fr,7,de,6,0.6377
4,11,en2fr,7,fr,4,0.6219
4,11,en2fr,7,fr,6,0.667
4,11,en2fr,8,de,4,0.6403
4,11,en2fr,8,de,6,0.68
4,11,en2fr,8,fr,4,0.6226
4,11,en2fr,8,fr,6,0.6605
4,11,en2fr,9,de,4,0.6377
4,11,en2fr,9,de,6,0.6839
4,11,en2fr,9,fr,4,0.6197
4,11,en2fr,9,fr,6,0.6597
4,11,en2fr,0,de,4,0.6276
4,11,en2fr,0,de,6,0.6729
4,11,en2fr,0,fr,4,0.6099
4,11,en2fr,0,fr,6,0.6552
5,11,de2fr,2,de,4,0.5659
5,11,de2fr,2,de,6,0.5351
5,11,de2fr,2,fr,4,0.7385
5,11,de2fr,2,fr,6,0.7202
5,11,de2fr,3,de,4,0.5381
5,11,de2fr,3,de,6,0.494
5,11,de2fr,3,fr,4,0.7106
5,11,de2fr,3,fr,6,0.707
5,11,de2fr,6,de,4,0.584
5,11,de2fr,6,de,6,0.5682
5,11,de2fr,6,fr,4,0.7305
5,11,de2fr,6,fr,6,0.7183
5,11,de2fr,7,de,4,0.5632
5,11,de2fr,7,de,6,0.552
5,11,de2fr,7,fr,4,0.7397
5,11,de2fr,7,fr,6,0.7209
5,11,de2fr,8,de,4,0.5038
5,11,de2fr,8,de,6,0.4677
5,11,de2fr,8,fr,4,0.6892
5,11,de2fr,8,fr,6,0.6982
5,11,en2fr,2,de,4,0.4935
5,11,en2fr,2,de,6,0.4747
5,11,en2fr,2,fr,4,0.7065
5,11,en2fr,2,fr,6,0.7224
5,11,en2fr,3,de,4,0.5292
5,11,en2fr,3,de,6,0.5061
5,11,en2fr,3,fr,4,0.7501
5,11,en2fr,3,fr,6,0.7345
5,11,en2fr,6,de,4,0.5246
5,11,en2fr,6,de,6,0.5087
5,11,en2fr,6,fr,4,0.7505
5,11,en2fr,6,fr,6,0.7408
5,11,en2fr,7,de,4,0.506
5,11,en2fr,7,de,6,0.4875
5,11,en2fr,7,fr,4,0.7234
5,11,en2fr,7,fr,6,0.7159
5,11,en2fr,8,de,4,0.5048
5,11,en2fr,8,de,6,0.4815
5,11,en2fr,8,fr,4,0.7316
5,11,en2fr,8,fr,6,0.7374
5,11,en2fr,9,de,4,0.5004
5,11,en2fr,9,de,6,0.4827
5,11,en2fr,9,fr,4,0.7305
5,11,en2fr,9,fr,6,0.7393
5,11,en2fr,0,de,4,0.5153
5,11,en2fr,0,de,6,0.4935
5,11,en2fr,0,fr,4,0.7289
5,11,en2fr,0,fr,6,0.7259
6,11,de2fr,2,de,4,0.5777
6,11,de2fr,2,de,6,0.5705
6,11,de2fr,2,fr,4,0.7773
6,11,de2fr,2,fr,6,0.8004
6,11,de2fr,3,de,4,0.5394
6,11,de2fr,3,de,6,0.5178
6,11,de2fr,3,fr,4,0.7592
6,11,de2fr,3,fr,6,0.7856
6,11,de2fr,6,de,4,0.5919
6,11,de2fr,6,de,6,0.6126
6,11,de2fr,6,fr,4,0.7399
6,11,de2fr,6,fr,6,0.7618
6,11,de2fr,7,de,4,0.6033
6,11,de2fr,7,de,6,0.6112
6,11,de2fr,7,fr,4,0.7664
6,11,de2fr,7,fr,6,0.7905
6,11,de2fr,8,de,4,0.537
6,11,de2fr,8,de,6,0.5266
6,11,de2fr,8,fr,4,0.7684
6,11,de2fr,8,fr,6,0.7931
6,11,en2fr,2,de,4,0.5203
6,11,en2fr,2,de,6,0.5248
6,11,en2fr,2,fr,4,0.7524
6,11,en2fr,2,fr,6,0.7904
6,11,en2fr,3,de,4,0.5327
6,11,en2fr,3,de,6,0.534
6,11,en2fr,3,fr,4,0.7761
6,11,en2fr,3,fr,6,0.7998
6,11,en2fr,6,de,4,0.5339
6,11,en2fr,6,de,6,0.5416
6,11,en2fr,6,fr,4,0.7693
6,11,en2fr,6,fr,6,0.7964
6,11,en2fr,7,de,4,0.5549
6,11,en2fr,7,de,6,0.5517
6,11,en2fr,7,fr,4,0.7895
6,11,en2fr,7,fr,6,0.8148
6,11,en2fr,8,de,4,0.5205
6,11,en2fr,8,de,6,0.5131
6,11,en2fr,8,fr,4,0.8049
6,11,en2fr,8,fr,6,0.8194
6,11,en2fr,9,de,4,0.543
6,11,en2fr,9,de,6,0.5391
6,11,en2fr,9,fr,4,0.7831
6,11,en2fr,9,fr,6,0.7944
6,11,en2fr,0,de,4,0.5425
6,11,en2fr,0,de,6,0.5448
6,11,en2fr,0,fr,4,0.7622
6,11,en2fr,0,fr,6,0.8009
7,11,de2fr,2,de,4,0.5309
7,11,de2fr,2,de,6,0.564
7,11,de2fr,2,fr,4,0.7388
7,11,de2fr,2,fr,6,0.7909
7,11,de2fr,3,de,4,0.5042
7,11,de2fr,3,de,6,0.5234
7,11,de2fr,3,fr,4,0.7646
7,11,de2fr,3,fr,6,0.7816
7,11,de2fr,6,de,4,0.5357
7,11,de2fr,6,de,6,0.573
7,11,de2fr,6,fr,4,0.7439
7,11,de2fr,6,fr,6,0.7866
7,11,de2fr,7,de,4,0.5553
7,11,de2fr,7,de,6,0.5854
7,11,de2fr,7,fr,4,0.7786
7,11,de2fr,7,fr,6,0.8055
7,11,de2fr,8,de,4,0.5241
7,11,de2fr,8,de,6,0.5425
7,11,de2fr,8,fr,4,0.7719
7,11,de2fr,8,fr,6,0.8011
7,11,en2fr,2,de,4,0.5253
7,11,en2fr,2,de,6,0.5595
7,11,en2fr,2,fr,4,0.776
7,11,en2fr,2,fr,6,0.8105
7,11,en2fr,3,de,4,0.4952
7,11,en2fr,3,de,6,0.5204
7,11,en2fr,3,fr,4,0.7533
7,11,en2fr,3,fr,6,0.7831
7,11,en2fr,6,de,4,0.52
7,11,en2fr,6,de,6,0.5549
7,11,en2fr,6,fr,4,0.7599
7,11,en2fr,6,fr,6,0.7993
7,11,en2fr,7,de,4,0.5168
7,11,en2fr,7,de,6,0.5504
7,11,en2fr,7,fr,4,0.7912
7,11,en2fr,7,fr,6,0.8083
7,11,en2fr,8,de,4,0.519
7,11,en2fr,8,de,6,0.5589
7,11,en2fr,8,fr,4,0.7959
7,11,en2fr,8,fr,6,0.8183
7,11,en2fr,9,de,4,0.5274
7,11,en2fr,9,de,6,0.5608
7,11,en2fr,9,fr,4,0.7805
7,11,en2fr,9,fr,6,0.8067
7,11,en2fr,0,de,4,0.529
7,11,en2fr,0,de,6,0.5683
7,11,en2fr,0,fr,4,0.7483
7,11,en2fr,0,fr,6,0.8045
8,11,de2fr,2,de,4,0.4984
8,11,de2fr,2,de,6,0.5387
8,11,de2fr,2,fr,4,0.7794
8,11,de2fr,2,fr,6,0.8064
8,11,de2fr,3,de,4,0.5094
8,11,de2fr,3,de,6,0.5468
8,11,de2fr,3,fr,4,0.7995
8,11,de2fr,3,fr,6,0.8177
8,11,de2fr,6,de,4,0.5405
8,11,de2fr,6,de,6,0.5868
8,11,de2fr,6,fr,4,0.7676
8,11,de2fr,6,fr,6,0.799
8,11,de2fr,7,de,4,0.5369
8,11,de2fr,7,de,6,0.5835
8,11,de2fr,7,fr,4,0.8147
8,11,de2fr,7,fr,6,0.8234
8,11,de2fr,8,de,4,0.5223
8,11,de2fr,8,de,6,0.5655
8,11,de2fr,8,fr,4,0.7869
8,11,de2fr,8,fr,6,0.8217
8,11,en2fr,2,de,4,0.5191
8,11,en2fr,2,de,6,0.5733
8,11,en2fr,2,fr,4,0.816
8,11,en2fr,2,fr,6,0.8278
8,11,en2fr,3,de,4,0.4955
8,11,en2fr,3,de,6,0.5295
8,11,en2fr,3,fr,4,0.7672
8,11,en2fr,3,fr,6,0.8079
8,11,en2fr,6,de,4,0.5048
8,11,en2fr,6,de,6,0.5424
8,11,en2fr,6,fr,4,0.7439
8,11,en2fr,6,fr,6,0.7864
8,11,en2fr,7,de,4,0.5245
8,11,en2fr,7,de,6,0.5648
8,11,en2fr,7,fr,4,0.8003
8,11,en2fr,7,fr,6,0.8143
8,11,en2fr,8,de,4,0.5047
8,11,en2fr,8,de,6,0.5536
8,11,en2fr,8,fr,4,0.8115
8,11,en2fr,8,fr,6,0.8282
8,11,en2fr,9,de,4,0.502
8,11,en2fr,9,de,6,0.5377
8,11,en2fr,9,fr,4,0.7803
8,11,en2fr,9,fr,6,0.8186
8,11,en2fr,0,de,4,0.5183
8,11,en2fr,0,de,6,0.5643
8,11,en2fr,0,fr,4,0.7809
8,11,en2fr,0,fr,6,0.822
9,11,de2fr,2,de,4,0.5454
9,11,de2fr,2,de,6,0.574
9,11,de2fr,2,fr,4,0.8172
9,11,de2fr,2,fr,6,0.8388
9,11,de2fr,3,de,4,0.511
9,11,de2fr,3,de,6,0.5384
9,11,de2fr,3,fr,4,0.8041
9,11,de2fr,3,fr,6,0.8161
9,11,de2fr,6,de,4,0.5584
9,11,de2fr,6,de,6,0.6038
9,11,de2fr,6,fr,4,0.7975
9,11,de2fr,6,fr,6,0.8416
9,11,de2fr,7,de,4,0.559
9,11,de2fr,7,de,6,0.6055
9,11,de2fr,7,fr,4,0.8163
9,11,de2fr,7,fr,6,0.8314
9,11,de2fr,8,de,4,0.5179
9,11,de2fr,8,de,6,0.5518
9,11,de2fr,8,fr,4,0.8041
9,11,de2fr,8,fr,6,0.8307
9,11,en2fr,2,de,4,0.5136
9,11,en2fr,2,de,6,0.5661
9,11,en2fr,2,fr,4,0.8067
9,11,en2fr,2,fr,6,0.8318
9,11,en2fr,3,de,4,0.5109
9,11,en2fr,3,de,6,0.5558
9,11,en2fr,3,fr,4,0.7868
9,11,en2fr,3,fr,6,0.8131
9,11,en2fr,6,de,4,0.5317
9,11,en2fr,6,de,6,0.5644
9,11,en2fr,6,fr,4,0.7547
9,11,en2fr,6,fr,6,0.8063
9,11,en2fr,7,de,4,0.5312
9,11,en2fr,7,de,6,0.5845
9,11,en2fr,7,fr,4,0.8348
9,11,en2fr,7,fr,6,0.8443
9,11,en2fr,8,de,4,0.518
9,11,en2fr,8,de,6,0.5576
9,11,en2fr,8,fr,4,0.8198
9,11,en2fr,8,fr,6,0.8362
9,11,en2fr,9,de,4,0.5188
9,11,en2fr,9,de,6,0.5582
9,11,en2fr,9,fr,4,0.8165
9,11,en2fr,9,fr,6,0.8378
9,11,en2fr,0,de,4,0.5589
9,11,en2fr,0,de,6,0.5946
9,11,en2fr,0,fr,4,0.7859
9,11,en2fr,0,fr,6,0.8167
10,11,de2fr,2,de,4,0.5602
10,11,de2fr,2,de,6,0.5892
10,11,de2fr,2,fr,4,0.7927
10,11,de2fr,2,fr,6,0.8314
10,11,de2fr,3,de,4,0.5269
10,11,de2fr,3,de,6,0.5556
10,11,de2fr,3,fr,4,0.8019
10,11,de2fr,3,fr,6,0.8033
10,11,de2fr,6,de,4,0.55
10,11,de2fr,6,de,6,0.5852
10,11,de2fr,6,fr,4,0.8131
10,11,de2fr,6,fr,6,0.8384
10,11,de2fr,7,de,4,0.5756
10,11,de2fr,7,de,6,0.6084
10,11,de2fr,7,fr,4,0.8424
10,11,de2fr,7,fr,6,0.8435
10,11,de2fr,8,de,4,0.5027
10,11,de2fr,8,de,6,0.5449
10,11,de2fr,8,fr,4,0.8136
10,11,de2fr,8,fr,6,0.8226
10,11,en2fr,2,de,4,0.5402
10,11,en2fr,2,de,6,0.5854
10,11,en2fr,2,fr,4,0.8261
10,11,en2fr,2,fr,6,0.8289
10,11,en2fr,3,de,4,0.5243
10,11,en2fr,3,de,6,0.5625
10,11,en2fr,3,fr,4,0.8123
10,11,en2fr,3,fr,6,0.8315
10,11,en2fr,6,de,4,0.5191
10,11,en2fr,6,de,6,0.5479
10,11,en2fr,6,fr,4,0.7745
10,11,en2fr,6,fr,6,0.8301
10,11,en2fr,7,de,4,0.5395
10,11,en2fr,7,de,6,0.5822
10,11,en2fr,7,fr,4,0.8423
10,11,en2fr,7,fr,6,0.8472
10,11,en2fr,8,de,4,0.5418
10,11,en2fr,8,de,6,0.572
10,11,en2fr,8,fr,4,0.811
10,11,en2fr,8,fr,6,0.836
10,11,en2fr,9,de,4,0.5595
10,11,en2fr,9,de,6,0.5987
10,11,en2fr,9,fr,4,0.8187
10,11,en2fr,9,fr,6,0.8409
10,11,en2fr,0,de,4,0.5595
10,11,en2fr,0,de,6,0.5929
10,11,en2fr,0,fr,4,0.8035
10,11,en2fr,0,fr,6,0.8453
11,11,de2fr,2,de,4,0.5499
11,11,de2fr,2,de,6,0.567
11,11,de2fr,2,fr,4,0.81
11,11,de2fr,2,fr,6,0.8321
11,11,de2fr,3,de,4,0.5441
11,11,de2fr,3,de,6,0.5536
11,11,de2fr,3,fr,4,0.8316
11,11,de2fr,3,fr,6,0.8454
11,11,de2fr,6,de,4,0.5622
11,11,de2fr,6,de,6,0.5966
11,11,de2fr,6,fr,4,0.8329
11,11,de2fr,6,fr,6,0.8487
11,11,de2fr,7,de,4,0.5467
11,11,de2fr,7,de,6,0.5711
11,11,de2fr,7,fr,4,0.8258
11,11,de2fr,7,fr,6,0.8339
11,11,de2fr,8,de,4,0.52
11,11,de2fr,8,de,6,0.5389
11,11,de2fr,8,fr,4,0.816
11,11,de2fr,8,fr,6,0.8411
11,11,en2fr,2,de,4,0.5211
11,11,en2fr,2,de,6,0.5516
11,11,en2fr,2,fr,4,0.8258
11,11,en2fr,2,fr,6,0.837
11,11,en2fr,3,de,4,0.5204
11,11,en2fr,3,de,6,0.5517
11,11,en2fr,3,fr,4,0.8314
11,11,en2fr,3,fr,6,0.8487
11,11,en2fr,6,de,4,0.5171
11,11,en2fr,6,de,6,0.5266
11,11,en2fr,6,fr,4,0.7556
11,11,en2fr,6,fr,6,0.8029
11,11,en2fr,7,de,4,0.5219
11,11,en2fr,7,de,6,0.5395
11,11,en2fr,7,fr,4,0.8398
11,11,en2fr,7,fr,6,0.8417
11,11,en2fr,8,de,4,0.5262
11,11,en2fr,8,de,6,0.5487
11,11,en2fr,8,fr,4,0.8166
11,11,en2fr,8,fr,6,0.8359
11,11,en2fr,9,de,4,0.5414
11,11,en2fr,9,de,6,0.5738
11,11,en2fr,9,fr,4,0.8399
11,11,en2fr,9,fr,6,0.8503
11,11,en2fr,0,de,4,0.5399
11,11,en2fr,0,de,6,0.5696
11,11,en2fr,0,fr,4,0.8378
11,11,en2fr,0,fr,6,0.8429
12,11,de2fr,2,de,4,0.5438
12,11,de2fr,2,de,6,0.5827
12,11,de2fr,2,fr,4,0.8301
12,11,de2fr,2,fr,6,0.842
12,11,de2fr,3,de,4,0.5167
12,11,de2fr,3,de,6,0.5363
12,11,de2fr,3,fr,4,0.8467
12,11,de2fr,3,fr,6,0.8439
12,11,de2fr,6,de,4,0.5247
12,11,de2fr,6,de,6,0.5641
12,11,de2fr,6,fr,4,0.8424
12,11,de2fr,6,fr,6,0.8411
12,11,de2fr,7,de,4,0.5447
12,11,de2fr,7,de,6,0.5857
12,11,de2fr,7,fr,4,0.8692
12,11,de2fr,7,fr,6,0.8586
12,11,de2fr,8,de,4,0.516
12,11,de2fr,8,de,6,0.5596
12,11,de2fr,8,fr,4,0.8546
12,11,de2fr,8,fr,6,0.8506
12,11,en2fr,2,de,4,0.5173
12,11,en2fr,2,de,6,0.5674
12,11,en2fr,2,fr,4,0.8442
12,11,en2fr,2,fr,6,0.8489
12,11,en2fr,3,de,4,0.5138
12,11,en2fr,3,de,6,0.5575
12,11,en2fr,3,fr,4,0.8537
12,11,en2fr,3,fr,6,0.8535
12,11,en2fr,6,de,4,0.5155
12,11,en2fr,6,de,6,0.5343
12,11,en2fr,6,fr,4,0.7747
12,11,en2fr,6,fr,6,0.7999
12,11,en2fr,7,de,4,0.5237
12,11,en2fr,7,de,6,0.5648
12,11,en2fr,7,fr,4,0.8541
12,11,en2fr,7,fr,6,0.8456
12,11,en2fr,8,de,4,0.5262
12,11,en2fr,8,de,6,0.5755
12,11,en2fr,8,fr,4,0.8596
12,11,en2fr,8,fr,6,0.8567
12,11,en2fr,9,de,4,0.5337
12,11,en2fr,9,de,6,0.5733
12,11,en2fr,9,fr,4,0.8519
12,11,en2fr,9,fr,6,0.8507
12,11,en2fr,0,de,4,0.5324
12,11,en2fr,0,de,6,0.5771
12,11,en2fr,0,fr,4,0.8628
12,11,en2fr,0,fr,6,0.8586
13,11,de2fr,2,de,4,0.54
13,11,de2fr,2,de,6,0.5901
13,11,de2fr,2,fr,4,0.8364
13,11,de2fr,2,fr,6,0.8255
13,11,de2fr,3,de,4,0.5153
13,11,de2fr,3,de,6,0.5601
13,11,de2fr,3,fr,4,0.8595
13,11,de2fr,3,fr,6,0.8465
13,11,de2fr,6,de,4,0.5233
13,11,de2fr,6,de,6,0.5736
13,11,de2fr,6,fr,4,0.8686
13,11,de2fr,6,fr,6,0.843
13,11,de2fr,7,de,4,0.5365
13,11,de2fr,7,de,6,0.572
13,11,de2fr,7,fr,4,0.872
13,11,de2fr,7,fr,6,0.8342
13,11,de2fr,8,de,4,0.512
13,11,de2fr,8,de,6,0.5608
13,11,de2fr,8,fr,4,0.8726
13,11,de2fr,8,fr,6,0.8387
13,11,en2fr,2,de,4,0.4929
13,11,en2fr,2,de,6,0.5423
13,11,en2fr,2,fr,4,0.8425
13,11,en2fr,2,fr,6,0.8272
13,11,en2fr,3,de,4,0.4916
13,11,en2fr,3,de,6,0.5522
13,11,en2fr,3,fr,4,0.8395
13,11,en2fr,3,fr,6,0.8359
13,11,en2fr,6,de,4,0.517
13,11,en2fr,6,de,6,0.5489
13,11,en2fr,6,fr,4,0.7854
13,11,en2fr,6,fr,6,0.7919
13,11,en2fr,7,de,4,0.5015
13,11,en2fr,7,de,6,0.5484
13,11,en2fr,7,fr,4,0.8509
13,11,en2fr,7,fr,6,0.8247
13,11,en2fr,8,de,4,0.5082
13,11,en2fr,8,de,6,0.5657
13,11,en2fr,8,fr,4,0.8544
13,11,en2fr,8,fr,6,0.8395
13,11,en2fr,9,de,4,0.5167
13,11,en2fr,9,de,6,0.568
13,11,en2fr,9,fr,4,0.8604
13,11,en2fr,9,fr,6,0.8362
13,11,en2fr,0,de,4,0.5215
13,11,en2fr,0,de,6,0.5738
13,11,en2fr,0,fr,4,0.8699
13,11,en2fr,0,fr,6,0.837
14,11,de2fr,2,de,4,0.5545
14,11,de2fr,2,de,6,0.5508
14,11,de2fr,2,fr,4,0.8522
14,11,de2fr,2,fr,6,0.8476
14,11,de2fr,3,de,4,0.5564
14,11,de2fr,3,de,6,0.5358
14,11,de2fr,3,fr,4,0.867
14,11,de2fr,3,fr,6,0.8428
14,11,de2fr,6,de,4,0.5516
14,11,de2fr,6,de,6,0.5571
14,11,de2fr,6,fr,4,0.853
14,11,de2fr,6,fr,6,0.8368
14,11,de2fr,7,de,4,0.5634
14,11,de2fr,7,de,6,0.5521
14,11,de2fr,7,fr,4,0.8742
14,11,de2fr,7,fr,6,0.854
14,11,de2fr,8,de,4,0.5413
14,11,de2fr,8,de,6,0.5337
14,11,de2fr,8,fr,4,0.8755
14,11,de2fr,8,fr,6,0.8484
14,11,en2fr,2,de,4,0.5376
14,11,en2fr,2,de,6,0.5303
14,11,en2fr,2,fr,4,0.864
14,11,en2fr,2,fr,6,0.8425
14,11,en2fr,3,de,4,0.5446
14,11,en2fr,3,de,6,0.5373
14,11,en2fr,3,fr,4,0.8647
14,11,en2fr,3,fr,6,0.8461
14,11,en2fr,6,de,4,0.5352
14,11,en2fr,6,de,6,0.5291
14,11,en2fr,6,fr,4,0.7876
14,11,en2fr,6,fr,6,0.8074
14,11,en2fr,7,de,4,0.5327
14,11,en2fr,7,de,6,0.5259
14,11,en2fr,7,fr,4,0.879
14,11,en2fr,7,fr,6,0.8505
14,11,en2fr,8,de,4,0.5445
14,11,en2fr,8,de,6,0.5576
14,11,en2fr,8,fr,4,0.8627
14,11,en2fr,8,fr,6,0.8437
14,11,en2fr,9,de,4,0.5815
14,11,en2fr,9,de,6,0.5788
14,11,en2fr,9,fr,4,0.8438
14,11,en2fr,9,fr,6,0.8455
14,11,en2fr,0,de,4,0.5605
14,11,en2fr,0,de,6,0.5662
14,11,en2fr,0,fr,4,0.8506
14,11,en2fr,0,fr,6,0.8378
15,11,de2fr,2,de,4,0.5463
15,11,de2fr,2,de,6,0.5995
15,11,de2fr,2,fr,4,0.8572
15,11,de2fr,2,fr,6,0.8512
15,11,de2fr,3,de,4,0.5195
15,11,de2fr,3,de,6,0.5599
15,11,de2fr,3,fr,4,0.8458
15,11,de2fr,3,fr,6,0.8442
15,11,de2fr,6,de,4,0.5236
15,11,de2fr,6,de,6,0.5821
15,11,de2fr,6,fr,4,0.8537
15,11,de2fr,6,fr,6,0.8494
15,11,de2fr,7,de,4,0.5127
15,11,de2fr,7,de,6,0.5652
15,11,de2fr,7,fr,4,0.8508
15,11,de2fr,7,fr,6,0.8464
15,11,de2fr,8,de,4,0.5166
15,11,de2fr,8,de,6,0.5723
15,11,de2fr,8,fr,4,0.8715
15,11,de2fr,8,fr,6,0.8576
15,11,en2fr,2,de,4,0.4991
15,11,en2fr,2,de,6,0.5479
15,11,en2fr,2,fr,4,0.8523
15,11,en2fr,2,fr,6,0.8494
15,11,en2fr,3,de,4,0.49
15,11,en2fr,3,de,6,0.5398
15,11,en2fr,3,fr,4,0.8546
15,11,en2fr,3,fr,6,0.853
15,11,en2fr,6,de,4,0.5053
15,11,en2fr,6,de,6,0.5439
15,11,en2fr,6,fr,4,0.833
15,11,en2fr,6,fr,6,0.8405
15,11,en2fr,7,de,4,0.4938
15,11,en2fr,7,de,6,0.5527
15,11,en2fr,7,fr,4,0.8557
15,11,en2fr,7,fr,6,0.8553
15,11,en2fr,8,de,4,0.51
15,11,en2fr,8,de,6,0.5661
15,11,en2fr,8,fr,4,0.8596
15,11,en2fr,8,fr,6,0.8437
15,11,en2fr,9,de,4,0.5253
15,11,en2fr,9,de,6,0.5789
15,11,en2fr,9,fr,4,0.8493
15,11,en2fr,9,fr,6,0.8342
15,11,en2fr,0,de,4,0.5296
15,11,en2fr,0,de,6,0.5864
15,11,en2fr,0,fr,4,0.8653
15,11,en2fr,0,fr,6,0.8552
16,11,de2fr,2,de,4,0.5564
16,11,de2fr,2,de,6,0.5734
16,11,de2fr,2,fr,4,0.8372
16,11,de2fr,2,fr,6,0.8581
16,11,de2fr,3,de,4,0.5405
16,11,de2fr,3,de,6,0.5551
16,11,de2fr,3,fr,4,0.8347
16,11,de2fr,3,fr,6,0.8502
16,11,de2fr,6,de,4,0.5483
16,11,de2fr,6,de,6,0.5726
16,11,de2fr,6,fr,4,0.8498
16,11,de2fr,6,fr,6,0.8555
16,11,de2fr,7,de,4,0.5487
16,11,de2fr,7,de,6,0.5686
16,11,de2fr,7,fr,4,0.8606
16,11,de2fr,7,fr,6,0.8541
16,11,de2fr,8,de,4,0.5192
16,11,de2fr,8,de,6,0.5419
16,11,de2fr,8,fr,4,0.8566
16,11,de2fr,8,fr,6,0.8525
16,11,en2fr,2,de,4,0.5394
16,11,en2fr,2,de,6,0.5592
16,11,en2fr,2,fr,4,0.843
16,11,en2fr,2,fr,6,0.8622
16,11,en2fr,3,de,4,0.5419
16,11,en2fr,3,de,6,0.5656
16,11,en2fr,3,fr,4,0.8591
16,11,en2fr,3,fr,6,0.8615
16,11,en2fr,6,de,4,0.5074
16,11,en2fr,6,de,6,0.5053
16,11,en2fr,6,fr,4,0.7684
16,11,en2fr,6,fr,6,0.8106
16,11,en2fr,7,de,4,0.4988
16,11,en2fr,7,de,6,0.5303
16,11,en2fr,7,fr,4,0.8402
16,11,en2fr,7,fr,6,0.8367
16,11,en2fr,8,de,4,0.5105
16,11,en2fr,8,de,6,0.5351
16,11,en2fr,8,fr,4,0.8403
16,11,en2fr,8,fr,6,0.835
16,11,en2fr,9,de,4,0.565
16,11,en2fr,9,de,6,0.5805
16,11,en2fr,9,fr,4,0.8511
16,11,en2fr,9,fr,6,0.8605
16,11,en2fr,0,de,4,0.5553
16,11,en2fr,0,de,6,0.5779
16,11,en2fr,0,fr,4,0.8421
16,11,en2fr,0,fr,6,0.8413
17,11,de2fr,2,de,4,0.559
17,11,de2fr,2,de,6,0.581
17,11,de2fr,2,fr,4,0.8501
17,11,de2fr,2,fr,6,0.8475
17,11,de2fr,3,de,4,0.5403
17,11,de2fr,3,de,6,0.5547
17,11,de2fr,3,fr,4,0.8348
17,11,de2fr,3,fr,6,0.8536
17,11,de2fr,6,de,4,0.5489
17,11,de2fr,6,de,6,0.5686
17,11,de2fr,6,fr,4,0.8584
17,11,de2fr,6,fr,6,0.8617
17,11,de2fr,7,de,4,0.5515
17,11,de2fr,7,de,6,0.5732
17,11,de2fr,7,fr,4,0.8658
17,11,de2fr,7,fr,6,0.8544
17,11,de2fr,8,de,4,0.5358
17,11,de2fr,8,de,6,0.5519
17,11,de2fr,8,fr,4,0.8629
17,11,de2fr,8,fr,6,0.8381
17,11,en2fr,2,de,4,0.525
17,11,en2fr,2,de,6,0.5435
17,11,en2fr,2,fr,4,0.848
17,11,en2fr,2,fr,6,0.836
17,11,en2fr,3,de,4,0.5416
17,11,en2fr,3,de,6,0.5634
17,11,en2fr,3,fr,4,0.8596
17,11,en2fr,3,fr,6,0.8496
17,11,en2fr,6,de,4,0.543
17,11,en2fr,6,de,6,0.5571
17,11,en2fr,6,fr,4,0.8272
17,11,en2fr,6,fr,6,0.8349
17,11,en2fr,7,de,4,0.5155
17,11,en2fr,7,de,6,0.5478
17,11,en2fr,7,fr,4,0.8526
17,11,en2fr,7,fr,6,0.843
17,11,en2fr,8,de,4,0.5352
17,11,en2fr,8,de,6,0.5646
17,11,en2fr,8,fr,4,0.85
17,11,en2fr,8,fr,6,0.8558
17,11,en2fr,9,de,4,0.5372
17,11,en2fr,9,de,6,0.5638
17,11,en2fr,9,fr,4,0.8507
17,11,en2fr,9,fr,6,0.8435
17,11,en2fr,0,de,4,0.5526
17,11,en2fr,0,de,6,0.5708
17,11,en2fr,0,fr,4,0.865
17,11,en2fr,0,fr,6,0.8489
18,11,de2fr,2,de,4,0.5746
18,11,de2fr,2,de,6,0.5924
18,11,de2fr,2,fr,4,0.8557
18,11,de2fr,2,fr,6,0.8564
18,11,de2fr,3,de,4,0.5574
18,11,de2fr,3,de,6,0.5731
18,11,de2fr,3,fr,4,0.8404
18,11,de2fr,3,fr,6,0.8595
18,11,de2fr,6,de,4,0.5599
18,11,de2fr,6,de,6,0.5852
18,11,de2fr,6,fr,4,0.8424
18,11,de2fr,6,fr,6,0.8595
18,11,de2fr,7,de,4,0.5472
18,11,de2fr,7,de,6,0.5716
18,11,de2fr,7,fr,4,0.8452
18,11,de2fr,7,fr,6,0.8644
18,11,de2fr,8,de,4,0.54
18,11,de2fr,8,de,6,0.5648
18,11,de2fr,8,fr,4,0.8476
18,11,de2fr,8,fr,6,0.8664
18,11,en2fr,2,de,4,0.5285
18,11,en2fr,2,de,6,0.5456
18,11,en2fr,2,fr,4,0.8245
18,11,en2fr,2,fr,6,0.8578
18,11,en2fr,3,de,4,0.5205
18,11,en2fr,3,de,6,0.5456
18,11,en2fr,3,fr,4,0.8491
18,11,en2fr,3,fr,6,0.8688
18,11,en2fr,6,de,4,0.5471
18,11,en2fr,6,de,6,0.5735
18,11,en2fr,6,fr,4,0.8152
18,11,en2fr,6,fr,6,0.8384
18,11,en2fr,7,de,4,0.5269
18,11,en2fr,7,de,6,0.5576
18,11,en2fr,7,fr,4,0.86
18,11,en2fr,7,fr,6,0.8765
18,11,en2fr,8,de,4,0.5164
18,11,en2fr,8,de,6,0.5488
18,11,en2fr,8,fr,4,0.8107
18,11,en2fr,8,fr,6,0.8371
18,11,en2fr,9,de,4,0.5336
18,11,en2fr,9,de,6,0.5636
18,11,en2fr,9,fr,4,0.8237
18,11,en2fr,9,fr,6,0.847
18,11,en2fr,0,de,4,0.5475
18,11,en2fr,0,de,6,0.5798
18,11,en2fr,0,fr,4,0.8443
18,11,en2fr,0,fr,6,0.8431
19,11,de2fr,2,de,4,0.5358
19,11,de2fr,2,de,6,0.5765
19,11,de2fr,2,fr,4,0.8539
19,11,de2fr,2,fr,6,0.8546
19,11,de2fr,3,de,4,0.5111
19,11,de2fr,3,de,6,0.5375
19,11,de2fr,3,fr,4,0.8322
19,11,de2fr,3,fr,6,0.8419
19,11,de2fr,6,de,4,0.5526
19,11,de2fr,6,de,6,0.5887
19,11,de2fr,6,fr,4,0.8545
19,11,de2fr,6,fr,6,0.8483
19,11,de2fr,7,de,4,0.5301
19,11,de2fr,7,de,6,0.5648
19,11,de2fr,7,fr,4,0.8618
19,11,de2fr,7,fr,6,0.8616
19,11,de2fr,8,de,4,0.5177
19,11,de2fr,8,de,6,0.5608
19,11,de2fr,8,fr,4,0.8384
19,11,de2fr,8,fr,6,0.8415
19,11,en2fr,2,de,4,0.5213
19,11,en2fr,2,de,6,0.5618
19,11,en2fr,2,fr,4,0.8545
19,11,en2fr,2,fr,6,0.8549
19,11,en2fr,3,de,4,0.5208
19,11,en2fr,3,de,6,0.5613
19,11,en2fr,3,fr,4,0.85
19,11,en2fr,3,fr,6,0.8564
19,11,en2fr,6,de,4,0.5185
19,11,en2fr,6,de,6,0.5542
19,11,en2fr,6,fr,4,0.8329
19,11,en2fr,6,fr,6,0.8348
19,11,en2fr,7,de,4,0.5016
19,11,en2fr,7,de,6,0.5365
19,11,en2fr,7,fr,4,0.841
19,11,en2fr,7,fr,6,0.8379
19,11,en2fr,8,de,4,0.5168
19,11,en2fr,8,de,6,0.569
19,11,en2fr,8,fr,4,0.8375
19,11,en2fr,8,fr,6,0.8497
19,11,en2fr,9,de,4,0.5362
19,11,en2fr,9,de,6,0.5717
19,11,en2fr,9,fr,4,0.8521
19,11,en2fr,9,fr,6,0.8438
19,11,en2fr,0,de,4,0.5192
19,11,en2fr,0,de,6,0.5599
19,11,en2fr,0,fr,4,0.8567
19,11,en2fr,0,fr,6,0.8407
20,11,de2fr,2,de,4,0.5535
20,11,de2fr,2,de,6,0.5743
20,11,de2fr,2,fr,4,0.8671
20,11,de2fr,2,fr,6,0.8589
20,11,de2fr,3,de,4,0.5508
20,11,de2fr,3,de,6,0.5638
20,11,de2fr,3,fr,4,0.8494
20,11,de2fr,3,fr,6,0.8445
20,11,de2fr,6,de,4,0.5598
20,11,de2fr,6,de,6,0.5837
20,11,de2fr,6,fr,4,0.8678
20,11,de2fr,6,fr,6,0.8489
20,11,de2fr,7,de,4,0.5532
20,11,de2fr,7,de,6,0.5672
20,11,de2fr,7,fr,4,0.8591
20,11,de2fr,7,fr,6,0.8551
20,11,de2fr,8,de,4,0.5606
20,11,de2fr,8,de,6,0.5752
20,11,de2fr,8,fr,4,0.8649
20,11,de2fr,8,fr,6,0.8621
20,11,en2fr,2,de,4,0.5335
20,11,en2fr,2,de,6,0.5558
20,11,en2fr,2,fr,4,0.8502
20,11,en2fr,2,fr,6,0.8457
20,11,en2fr,3,de,4,0.5173
20,11,en2fr,3,de,6,0.5488
20,11,en2fr,3,fr,4,0.8584
20,11,en2fr,3,fr,6,0.8408
20,11,en2fr,6,de,4,0.5241
20,11,en2fr,6,de,6,0.5431
20,11,en2fr,6,fr,4,0.8189
20,11,en2fr,6,fr,6,0.8088
20,11,en2fr,7,de,4,0.5167
20,11,en2fr,7,de,6,0.5346
20,11,en2fr,7,fr,4,0.8498
20,11,en2fr,7,fr,6,0.851
20,11,en2fr,8,de,4,0.5353
20,11,en2fr,8,de,6,0.5647
20,11,en2fr,8,fr,4,0.8407
20,11,en2fr,8,fr,6,0.832
20,11,en2fr,9,de,4,0.5306
20,11,en2fr,9,de,6,0.5524
20,11,en2fr,9,fr,4,0.8485
20,11,en2fr,9,fr,6,0.8521
20,11,en2fr,0,de,4,0.5484
20,11,en2fr,0,de,6,0.5732
20,11,en2fr,0,fr,4,0.8552
20,11,en2fr,0,fr,6,0.8357
21,11,de2fr,2,de,4,0.5366
21,11,de2fr,2,de,6,0.5799
21,11,de2fr,2,fr,4,0.8396
21,11,de2fr,2,fr,6,0.8507
21,11,de2fr,3,de,4,0.5325
21,11,de2fr,3,de,6,0.5669
21,11,de2fr,3,fr,4,0.8514
21,11,de2fr,3,fr,6,0.8654
21,11,de2fr,6,de,4,0.5449
21,11,de2fr,6,de,6,0.5918
21,11,de2fr,6,fr,4,0.8583
21,11,de2fr,6,fr,6,0.8626
21,11,de2fr,7,de,4,0.5281
21,11,de2fr,7,de,6,0.5618
21,11,de2fr,7,fr,4,0.8461
21,11,de2fr,7,fr,6,0.8673
21,11,de2fr,8,de,4,0.5283
21,11,de2fr,8,de,6,0.5573
21,11,de2fr,8,fr,4,0.8519
21,11,de2fr,8,fr,6,0.8717
21,11,en2fr,2,de,4,0.5189
21,11,en2fr,2,de,6,0.5697
21,11,en2fr,2,fr,4,0.8474
21,11,en2fr,2,fr,6,0.8592
21,11,en2fr,3,de,4,0.5374
21,11,en2fr,3,de,6,0.5808
21,11,en2fr,3,fr,4,0.856
21,11,en2fr,3,fr,6,0.8684
21,11,en2fr,6,de,4,0.5317
21,11,en2fr,6,de,6,0.566
21,11,en2fr,6,fr,4,0.8268
21,11,en2fr,6,fr,6,0.8537
21,11,en2fr,7,de,4,0.5078
21,11,en2fr,7,de,6,0.5425
21,11,en2fr,7,fr,4,0.8324
21,11,en2fr,7,fr,6,0.8617
21,11,en2fr,8,de,4,0.5282
21,11,en2fr,8,de,6,0.5701
21,11,en2fr,8,fr,4,0.8429
21,11,en2fr,8,fr,6,0.8529
21,11,en2fr,9,de,4,0.5286
21,11,en2fr,9,de,6,0.5705
21,11,en2fr,9,fr,4,0.8417
21,11,en2fr,9,fr,6,0.8664
21,11,en2fr,0,de,4,0.527
21,11,en2fr,0,de,6,0.5668
21,11,en2fr,0,fr,4,0.8556
21,11,en2fr,0,fr,6,0.8557
22,11,de2fr,2,de,4,0.5472
22,11,de2fr,2,de,6,0.5654
22,11,de2fr,2,fr,4,0.8634
22,11,de2fr,2,fr,6,0.8695
22,11,de2fr,3,de,4,0.5473
22,11,de2fr,3,de,6,0.5717
22,11,de2fr,3,fr,4,0.8492
22,11,de2fr,3,fr,6,0.8665
22,11,de2fr,6,de,4,0.5461
22,11,de2fr,6,de,6,0.5737
22,11,de2fr,6,fr,4,0.8619
22,11,de2fr,6,fr,6,0.8736
22,11,de2fr,7,de,4,0.5206
22,11,de2fr,7,de,6,0.5551
22,11,de2fr,7,fr,4,0.8569
22,11,de2fr,7,fr,6,0.884
22,11,de2fr,8,de,4,0.5325
22,11,de2fr,8,de,6,0.557
22,11,de2fr,8,fr,4,0.8497
22,11,de2fr,8,fr,6,0.8609
22,11,en2fr,2,de,4,0.5365
22,11,en2fr,2,de,6,0.5547
22,11,en2fr,2,fr,4,0.8484
22,11,en2fr,2,fr,6,0.8612
22,11,en2fr,3,de,4,0.5288
22,11,en2fr,3,de,6,0.554
22,11,en2fr,3,fr,4,0.8609
22,11,en2fr,3,fr,6,0.8738
22,11,en2fr,6,de,4,0.5549
22,11,en2fr,6,de,6,0.5684
22,11,en2fr,6,fr,4,0.8301
22,11,en2fr,6,fr,6,0.8373
22,11,en2fr,7,de,4,0.5067
22,11,en2fr,7,de,6,0.5435
22,11,en2fr,7,fr,4,0.8494
22,11,en2fr,7,fr,6,0.8585
22,11,en2fr,8,de,4,0.5375
22,11,en2fr,8,de,6,0.5636
22,11,en2fr,8,fr,4,0.8349
22,11,en2fr,8,fr,6,0.855
22,11,en2fr,9,de,4,0.5327
22,11,en2fr,9,de,6,0.5567
22,11,en2fr,9,fr,4,0.8177
22,11,en2fr,9,fr,6,0.8337
22,11,en2fr,0,de,4,0.5537
22,11,en2fr,0,de,6,0.5741
22,11,en2fr,0,fr,4,0.8441
22,11,en2fr,0,fr,6,0.8512
23,11,de2fr,2,de,4,0.5499
23,11,de2fr,2,de,6,0.5552
23,11,de2fr,2,fr,4,0.859
23,11,de2fr,2,fr,6,0.8709
23,11,de2fr,3,de,4,0.5312
23,11,de2fr,3,de,6,0.533
23,11,de2fr,3,fr,4,0.8462
23,11,de2fr,3,fr,6,0.8576
23,11,de2fr,6,de,4,0.5483
23,11,de2fr,6,de,6,0.5523
23,11,de2fr,6,fr,4,0.8558
23,11,de2fr,6,fr,6,0.8642
23,11,de2fr,7,de,4,0.5234
23,11,de2fr,7,de,6,0.5361
23,11,de2fr,7,fr,4,0.8397
23,11,de2fr,7,fr,6,0.8481
23,11,de2fr,8,de,4,0.5288
23,11,de2fr,8,de,6,0.5408
23,11,de2fr,8,fr,4,0.8301
23,11,de2fr,8,fr,6,0.8456
23,11,en2fr,2,de,4,0.5202
23,11,en2fr,2,de,6,0.5278
23,11,en2fr,2,fr,4,0.8432
23,11,en2fr,2,fr,6,0.8486
23,11,en2fr,3,de,4,0.5162
23,11,en2fr,3,de,6,0.528
23,11,en2fr,3,fr,4,0.8535
23,11,en2fr,3,fr,6,0.8484
23,11,en2fr,6,de,4,0.5264
23,11,en2fr,6,de,6,0.5333
23,11,en2fr,6,fr,4,0.8204
23,11,en2fr,6,fr,6,0.844
23,11,en2fr,7,de,4,0.4879
23,11,en2fr,7,de,6,0.5114
23,11,en2fr,7,fr,4,0.8364
23,11,en2fr,7,fr,6,0.8399
23,11,en2fr,8,de,4,0.5145
23,11,en2fr,8,de,6,0.535
23,11,en2fr,8,fr,4,0.8253
23,11,en2fr,8,fr,6,0.8372
23,11,en2fr,9,de,4,0.5107
23,11,en2fr,9,de,6,0.523
23,11,en2fr,9,fr,4,0.8396
23,11,en2fr,9,fr,6,0.8478
23,11,en2fr,0,de,4,0.5387
23,11,en2fr,0,de,6,0.54
23,11,en2fr,0,fr,4,0.8303
23,11,en2fr,0,fr,6,0.8448
24,11,de2fr,2,de,4,0.5415
24,11,de2fr,2,de,6,0.5654
24,11,de2fr,2,fr,4,0.838
24,11,de2fr,2,fr,6,0.8651
24,11,de2fr,3,de,4,0.5296
24,11,de2fr,3,de,6,0.5579
24,11,de2fr,3,fr,4,0.8132
24,11,de2fr,3,fr,6,0.8366
24,11,de2fr,6,de,4,0.551
24,11,de2fr,6,de,6,0.5786
24,11,de2fr,6,fr,4,0.8449
24,11,de2fr,6,fr,6,0.8506
24,11,de2fr,7,de,4,0.5486
24,11,de2fr,7,de,6,0.5745
24,11,de2fr,7,fr,4,0.838
24,11,de2fr,7,fr,6,0.8623
24,11,de2fr,8,de,4,0.5294
24,11,de2fr,8,de,6,0.5669
24,11,de2fr,8,fr,4,0.8229
24,11,de2fr,8,fr,6,0.855
24,11,en2fr,2,de,4,0.5291
24,11,en2fr,2,de,6,0.5564
24,11,en2fr,2,fr,4,0.8502
24,11,en2fr,2,fr,6,0.8711
24,11,en2fr,3,de,4,0.5381
24,11,en2fr,3,de,6,0.5757
24,11,en2fr,3,fr,4,0.8388
24,11,en2fr,3,fr,6,0.8575
24,11,en2fr,6,de,4,0.5517
24,11,en2fr,6,de,6,0.5704
24,11,en2fr,6,fr,4,0.81
24,11,en2fr,6,fr,6,0.8268
24,11,en2fr,7,de,4,0.5225
24,11,en2fr,7,de,6,0.5617
24,11,en2fr,7,fr,4,0.8279
24,11,en2fr,7,fr,6,0.8481
24,11,en2fr,8,de,4,0.5228
24,11,en2fr,8,de,6,0.5531
24,11,en2fr,8,fr,4,0.816
24,11,en2fr,8,fr,6,0.8452
24,11,en2fr,9,de,4,0.5199
24,11,en2fr,9,de,6,0.5556
24,11,en2fr,9,fr,4,0.8374
24,11,en2fr,9,fr,6,0.8392
24,11,en2fr,0,de,4,0.5543
24,11,en2fr,0,de,6,0.5727
24,11,en2fr,0,fr,4,0.8283
24,11,en2fr,0,fr,6,0.8438
25,11,de2fr,2,de,4,0.5279
25,11,de2fr,2,de,6,0.5592
25,11,de2fr,2,fr,4,0.8373
25,11,de2fr,2,fr,6,0.8615
25,11,de2fr,3,de,4,0.5495
25,11,de2fr,3,de,6,0.5722
25,11,de2fr,3,fr,4,0.8287
25,11,de2fr,3,fr,6,0.8461
25,11,de2fr,6,de,4,0.5336
25,11,de2fr,6,de,6,0.573
25,11,de2fr,6,fr,4,0.8383
25,11,de2fr,6,fr,6,0.8591
25,11,de2fr,7,de,4,0.5468
25,11,de2fr,7,de,6,0.5764
25,11,de2fr,7,fr,4,0.847
25,11,de2fr,7,fr,6,0.867
25,11,de2fr,8,de,4,0.5394
25,11,de2fr,8,de,6,0.5686
25,11,de2fr,8,fr,4,0.8362
25,11,de2fr,8,fr,6,0.8571
25,11,en2fr,2,de,4,0.5353
25,11,en2fr,2,de,6,0.564
25,11,en2fr,2,fr,4,0.8454
25,11,en2fr,2,fr,6,0.8588
25,11,en2fr,3,de,4,0.5337
25,11,en2fr,3,de,6,0.5623
25,11,en2fr,3,fr,4,0.8444
25,11,en2fr,3,fr,6,0.8721
25,11,en2fr,6,de,4,0.5399
25,11,en2fr,6,de,6,0.5582
25,11,en2fr,6,fr,4,0.8302
25,11,en2fr,6,fr,6,0.8362
25,11,en2fr,7,de,4,0.5367
25,11,en2fr,7,de,6,0.5761
25,11,en2fr,7,fr,4,0.8408
25,11,en2fr,7,fr,6,0.8627
25,11,en2fr,8,de,4,0.5394
25,11,en2fr,8,de,6,0.5715
25,11,en2fr,8,fr,4,0.8451
25,11,en2fr,8,fr,6,0.8655
25,11,en2fr,9,de,4,0.5462
25,11,en2fr,9,de,6,0.5772
25,11,en2fr,9,fr,4,0.8383
25,11,en2fr,9,fr,6,0.8649
25,11,en2fr,0,de,4,0.5425
25,11,en2fr,0,de,6,0.566
25,11,en2fr,0,fr,4,0.8371
25,11,en2fr,0,fr,6,0.848
26,11,de2fr,2,de,4,0.5502
26,11,de2fr,2,de,6,0.57
26,11,de2fr,2,fr,4,0.8307
26,11,de2fr,2,fr,6,0.859
26,11,de2fr,3,de,4,0.5612
26,11,de2fr,3,de,6,0.5744
26,11,de2fr,3,fr,4,0.8173
26,11,de2fr,3,fr,6,0.8485
26,11,de2fr,6,de,4,0.567
26,11,de2fr,6,de,6,0.5925
26,11,de2fr,6,fr,4,0.8313
26,11,de2fr,6,fr,6,0.8485
26,11,de2fr,7,de,4,0.5339
26,11,de2fr,7,de,6,0.5661
26,11,de2fr,7,fr,4,0.8446
26,11,de2fr,7,fr,6,0.8742
26,11,de2fr,8,de,4,0.5355
26,11,de2fr,8,de,6,0.5683
26,11,de2fr,8,fr,4,0.8385
26,11,de2fr,8,fr,6,0.8646
26,11,en2fr,2,de,4,0.5297
26,11,en2fr,2,de,6,0.5531
26,11,en2fr,2,fr,4,0.83
26,11,en2fr,2,fr,6,0.8496
26,11,en2fr,3,de,4,0.5261
26,11,en2fr,3,de,6,0.5557
26,11,en2fr,3,fr,4,0.8458
26,11,en2fr,3,fr,6,0.8612
26,11,en2fr,6,de,4,0.5415
26,11,en2fr,6,de,6,0.5568
26,11,en2fr,6,fr,4,0.8064
26,11,en2fr,6,fr,6,0.8248
26,11,en2fr,7,de,4,0.5429
26,11,en2fr,7,de,6,0.5846
26,11,en2fr,7,fr,4,0.839
26,11,en2fr,7,fr,6,0.8623
26,11,en2fr,8,de,4,0.529
26,11,en2fr,8,de,6,0.5644
26,11,en2fr,8,fr,4,0.8263
26,11,en2fr,8,fr,6,0.8504
26,11,en2fr,9,de,4,0.4983
26,11,en2fr,9,de,6,0.5264
26,11,en2fr,9,fr,4,0.8276
26,11,en2fr,9,fr,6,0.839
26,11,en2fr,0,de,4,0.5349
26,11,en2fr,0,de,6,0.5553
26,11,en2fr,0,fr,4,0.827
26,11,en2fr,0,fr,6,0.8368
27,11,de2fr,2,de,4,0.5466
27,11,de2fr,2,de,6,0.5665
27,11,de2fr,2,fr,4,0.8343
27,11,de2fr,2,fr,6,0.836
27,11,de2fr,3,de,4,0.5557
27,11,de2fr,3,de,6,0.5677
27,11,de2fr,3,fr,4,0.8244
27,11,de2fr,3,fr,6,0.8612
27,11,de2fr,6,de,4,0.5376
27,11,de2fr,6,de,6,0.5624
27,11,de2fr,6,fr,4,0.8431
27,11,de2fr,6,fr,6,0.8536
27,11,de2fr,7,de,4,0.5348
27,11,de2fr,7,de,6,0.5605
27,11,de2fr,7,fr,4,0.848
27,11,de2fr,7,fr,6,0.8725
27,11,de2fr,8,de,4,0.5421
27,11,de2fr,8,de,6,0.5755
27,11,de2fr,8,fr,4,0.8462
27,11,de2fr,8,fr,6,0.8709
27,11,en2fr,2,de,4,0.5328
27,11,en2fr,2,de,6,0.5522
27,11,en2fr,2,fr,4,0.8534
27,11,en2fr,2,fr,6,0.8589
27,11,en2fr,3,de,4,0.5375
27,11,en2fr,3,de,6,0.5646
27,11,en2fr,3,fr,4,0.8517
27,11,en2fr,3,fr,6,0.8697
27,11,en2fr,6,de,4,0.529
27,11,en2fr,6,de,6,0.5539
27,11,en2fr,6,fr,4,0.7905
27,11,en2fr,6,fr,6,0.8291
27,11,en2fr,7,de,4,0.5363
27,11,en2fr,7,de,6,0.5694
27,11,en2fr,7,fr,4,0.8281
27,11,en2fr,7,fr,6,0.8532
27,11,en2fr,8,de,4,0.5494
27,11,en2fr,8,de,6,0.5818
27,11,en2fr,8,fr,4,0.8253
27,11,en2fr,8,fr,6,0.856
27,11,en2fr,9,de,4,0.5152
27,11,en2fr,9,de,6,0.5459
27,11,en2fr,9,fr,4,0.8334
27,11,en2fr,9,fr,6,0.8421
27,11,en2fr,0,de,4,0.5438
27,11,en2fr,0,de,6,0.5581
27,11,en2fr,0,fr,4,0.8169
27,11,en2fr,0,fr,6,0.8365
28,11,de2fr,2,de,4,0.5322
28,11,de2fr,2,de,6,0.5457
28,11,de2fr,2,fr,4,0.8194
28,11,de2fr,2,fr,6,0.826
28,11,de2fr,3,de,4,0.5615
28,11,de2fr,3,de,6,0.5823
28,11,de2fr,3,fr,4,0.8206
28,11,de2fr,3,fr,6,0.8449
28,11,de2fr,6,de,4,0.5445
28,11,de2fr,6,de,6,0.571
28,11,de2fr,6,fr,4,0.8292
28,11,de2fr,6,fr,6,0.8657
28,11,de2fr,7,de,4,0.5363
28,11,de2fr,7,de,6,0.5624
28,11,de2fr,7,fr,4,0.8328
28,11,de2fr,7,fr,6,0.8567
28,11,de2fr,8,de,4,0.5431
28,11,de2fr,8,de,6,0.5774
28,11,de2fr,8,fr,4,0.837
28,11,de2fr,8,fr,6,0.8541
28,11,en2fr,2,de,4,0.5392
28,11,en2fr,2,de,6,0.5707
28,11,en2fr,2,fr,4,0.8371
28,11,en2fr,2,fr,6,0.8509
28,11,en2fr,3,de,4,0.5339
28,11,en2fr,3,de,6,0.5652
28,11,en2fr,3,fr,4,0.8507
28,11,en2fr,3,fr,6,0.8563
28,11,en2fr,6,de,4,0.5182
28,11,en2fr,6,de,6,0.5372
28,11,en2fr,6,fr,4,0.7907
28,11,en2fr,6,fr,6,0.8157
28,11,en2fr,7,de,4,0.5277
28,11,en2fr,7,de,6,0.5618
28,11,en2fr,7,fr,4,0.8158
28,11,en2fr,7,fr,6,0.8593
28,11,en2fr,8,de,4,0.5415
28,11,en2fr,8,de,6,0.5765
28,11,en2fr,8,fr,4,0.8306
28,11,en2fr,8,fr,6,0.8521
28,11,en2fr,9,de,4,0.5416
28,11,en2fr,9,de,6,0.5691
28,11,en2fr,9,fr,4,0.8265
28,11,en2fr,9,fr,6,0.8498
28,11,en2fr,0,de,4,0.5241
28,11,en2fr,0,de,6,0.5436
28,11,en2fr,0,fr,4,0.8116
28,11,en2fr,0,fr,6,0.8046
29,11,de2fr,2,de,4,0.5372
29,11,de2fr,2,de,6,0.5542
29,11,de2fr,2,fr,4,0.8213
29,11,de2fr,2,fr,6,0.8319
29,11,de2fr,3,de,4,0.5723
29,11,de2fr,3,de,6,0.5921
29,11,de2fr,3,fr,4,0.8182
29,11,de2fr,3,fr,6,0.8313
29,11,de2fr,6,de,4,0.5492
29,11,de2fr,6,de,6,0.5704
29,11,de2fr,6,fr,4,0.8433
29,11,de2fr,6,fr,6,0.848
29,11,de2fr,7,de,4,0.5412
29,11,de2fr,7,de,6,0.5674
29,11,de2fr,7,fr,4,0.8325
29,11,de2fr,7,fr,6,0.8607
29,11,de2fr,8,de,4,0.5288
29,11,de2fr,8,de,6,0.5643
29,11,de2fr,8,fr,4,0.8241
29,11,de2fr,8,fr,6,0.8457
29,11,en2fr,2,de,4,0.5215
29,11,en2fr,2,de,6,0.5451
29,11,en2fr,2,fr,4,0.8342
29,11,en2fr,2,fr,6,0.8476
29,11,en2fr,3,de,4,0.5251
29,11,en2fr,3,de,6,0.5495
29,11,en2fr,3,fr,4,0.8463
29,11,en2fr,3,fr,6,0.8459
29,11,en2fr,6,de,4,0.547
29,11,en2fr,6,de,6,0.5585
29,11,en2fr,6,fr,4,0.7906
29,11,en2fr,6,fr,6,0.8135
29,11,en2fr,7,de,4,0.5473
29,11,en2fr,7,de,6,0.5744
29,11,en2fr,7,fr,4,0.8261
29,11,en2fr,7,fr,6,0.8471
29,11,en2fr,8,de,4,0.5427
29,11,en2fr,8,de,6,0.5757
29,11,en2fr,8,fr,4,0.8239
29,11,en2fr,8,fr,6,0.8455
29,11,en2fr,9,de,4,0.5141
29,11,en2fr,9,de,6,0.5467
29,11,en2fr,9,fr,4,0.8153
29,11,en2fr,9,fr,6,0.8241
29,11,en2fr,0,de,4,0.5234
29,11,en2fr,0,de,6,0.546
29,11,en2fr,0,fr,4,0.8092
29,11,en2fr,0,fr,6,0.8091
4,12,de2fr,2,de,4,0.8574
4,12,de2fr,2,de,6,0.8765
4,12,de2fr,2,fr,4,0.443
4,12,de2fr,2,fr,6,0.4526
4,12,de2fr,3,de,4,0.8419
4,12,de2fr,3,de,6,0.838
4,12,de2fr,3,fr,4,0.401
4,12,de2fr,3,fr,6,0.4141
4,12,de2fr,6,de,4,0.8625
4,12,de2fr,6,de,6,0.8654
4,12,de2fr,6,fr,4,0.4162
4,12,de2fr,6,fr,6,0.4256
4,12,de2fr,7,de,4,0.8262
4,12,de2fr,7,de,6,0.8853
4,12,de2fr,7,fr,4,0.4408
4,12,de2fr,7,fr,6,0.4585
4,12,de2fr,8,de,4,0.8377
4,12,de2fr,8,de,6,0.839
4,12,de2fr,8,fr,4,0.3616
4,12,de2fr,8,fr,6,0.3749
4,12,en2fr,2,de,4,0.4657
4,12,en2fr,2,de,6,0.5442
4,12,en2fr,2,fr,4,0.5849
4,12,en2fr,2,fr,6,0.5862
4,12,en2fr,3,de,4,0.4738
4,12,en2fr,3,de,6,0.5702
4,12,en2fr,3,fr,4,0.563
4,12,en2fr,3,fr,6,0.5756
4,12,en2fr,6,de,4,0.5162
4,12,en2fr,6,de,6,0.593
4,12,en2fr,6,fr,4,0.5743
4,12,en2fr,6,fr,6,0.5993
4,12,en2fr,7,de,4,0.4603
4,12,en2fr,7,de,6,0.5508
4,12,en2fr,7,fr,4,0.5849
4,12,en2fr,7,fr,6,0.5933
4,12,en2fr,8,de,4,0.49
4,12,en2fr,8,de,6,0.5774
4,12,en2fr,8,fr,4,0.5592
4,12,en2fr,8,fr,6,0.5698
4,12,en2fr,9,de,4,0.4922
4,12,en2fr,9,de,6,0.5792
4,12,en2fr,9,fr,4,0.5468
4,12,en2fr,9,fr,6,0.5651
4,12,en2fr,0,de,4,0.4935
4,12,en2fr,0,de,6,0.5871
4,12,en2fr,0,fr,4,0.5744
4,12,en2fr,0,fr,6,0.5958
5,12,de2fr,2,de,4,0.4975
5,12,de2fr,2,de,6,0.5151
5,12,de2fr,2,fr,4,0.7186
5,12,de2fr,2,fr,6,0.6686
5,12,de2fr,3,de,4,0.4714
5,12,de2fr,3,de,6,0.4852
5,12,de2fr,3,fr,4,0.7001
5,12,de2fr,3,fr,6,0.6622
5,12,de2fr,6,de,4,0.5183
5,12,de2fr,6,de,6,0.546
5,12,de2fr,6,fr,4,0.7064
5,12,de2fr,6,fr,6,0.6695
5,12,de2fr,7,de,4,0.5074
5,12,de2fr,7,de,6,0.5543
5,12,de2fr,7,fr,4,0.7598
5,12,de2fr,7,fr,6,0.6883
5,12,de2fr,8,de,4,0.4408
5,12,de2fr,8,de,6,0.4542
5,12,de2fr,8,fr,4,0.6787
5,12,de2fr,8,fr,6,0.6435
5,12,en2fr,2,de,4,0.4288
5,12,en2fr,2,de,6,0.4603
5,12,en2fr,2,fr,4,0.7217
5,12,en2fr,2,fr,6,0.6843
5,12,en2fr,3,de,4,0.4671
5,12,en2fr,3,de,6,0.4981
5,12,en2fr,3,fr,4,0.7304
5,12,en2fr,3,fr,6,0.6805
5,12,en2fr,6,de,4,0.4476
5,12,en2fr,6,de,6,0.4841
5,12,en2fr,6,fr,4,0.7256
5,12,en2fr,6,fr,6,0.6753
5,12,en2fr,7,de,4,0.4526
5,12,en2fr,7,de,6,0.4849
5,12,en2fr,7,fr,4,0.7358
5,12,en2fr,7,fr,6,0.6826
5,12,en2fr,8,de,4,0.4511
5,12,en2fr,8,de,6,0.4869
5,12,en2fr,8,fr,4,0.7454
5,12,en2fr,8,fr,6,0.6862
5,12,en2fr,9,de,4,0.4134
5,12,en2fr,9,de,6,0.4471
5,12,en2fr,9,fr,4,0.7066
5,12,en2fr,9,fr,6,0.6727
5,12,en2fr,0,de,4,0.4479
5,12,en2fr,0,de,6,0.4922
5,12,en2fr,0,fr,4,0.7322
5,12,en2fr,0,fr,6,0.6844
6,12,de2fr,2,de,4,0.4946
6,12,de2fr,2,de,6,0.5118
6,12,de2fr,2,fr,4,0.7361
6,12,de2fr,2,fr,6,0.7486
6,12,de2fr,3,de,4,0.479
6,12,de2fr,3,de,6,0.4873
6,12,de2fr,3,fr,4,0.7206
6,12,de2fr,3,fr,6,0.7443
6,12,de2fr,6,de,4,0.5325
6,12,de2fr,6,de,6,0.5653
6,12,de2fr,6,fr,4,0.7086
6,12,de2fr,6,fr,6,0.7212
6,12,de2fr,7,de,4,0.5255
6,12,de2fr,7,de,6,0.5554
6,12,de2fr,7,fr,4,0.7487
6,12,de2fr,7,fr,6,0.7372
6,12,de2fr,8,de,4,0.4829
6,12,de2fr,8,de,6,0.4879
6,12,de2fr,8,fr,4,0.71
6,12,de2fr,8,fr,6,0.7281
6,12,en2fr,2,de,4,0.453
6,12,en2fr,2,de,6,0.4803
6,12,en2fr,2,fr,4,0.7297
6,12,en2fr,2,fr,6,0.7425
6,12,en2fr,3,de,4,0.4546
6,12,en2fr,3,de,6,0.4768
6,12,en2fr,3,fr,4,0.7236
6,12,en2fr,3,fr,6,0.7402
6,12,en2fr,6,de,4,0.4657
6,12,en2fr,6,de,6,0.4815
6,12,en2fr,6,fr,4,0.7091
6,12,en2fr,6,fr,6,0.721
6,12,en2fr,7,de,4,0.468
6,12,en2fr,7,de,6,0.4929
6,12,en2fr,7,fr,4,0.7432
6,12,en2fr,7,fr,6,0.7502
6,12,en2fr,8,de,4,0.4409
6,12,en2fr,8,de,6,0.4682
6,12,en2fr,8,fr,4,0.7567
6,12,en2fr,8,fr,6,0.7477
6,12,en2fr,9,de,4,0.4671
6,12,en2fr,9,de,6,0.4782
6,12,en2fr,9,fr,4,0.7152
6,12,en2fr,9,fr,6,0.7168
6,12,en2fr,0,de,4,0.4551
6,12,en2fr,0,de,6,0.475
6,12,en2fr,0,fr,4,0.7019
6,12,en2fr,0,fr,6,0.7266
7,12,de2fr,2,de,4,0.5005
7,12,de2fr,2,de,6,0.5047
7,12,de2fr,2,fr,4,0.7715
7,12,de2fr,2,fr,6,0.7403
7,12,de2fr,3,de,4,0.4996
7,12,de2fr,3,de,6,0.503
7,12,de2fr,3,fr,4,0.7677
7,12,de2fr,3,fr,6,0.7543
7,12,de2fr,6,de,4,0.5177
7,12,de2fr,6,de,6,0.5288
7,12,de2fr,6,fr,4,0.7729
7,12,de2fr,6,fr,6,0.7523
7,12,de2fr,7,de,4,0.5324
7,12,de2fr,7,de,6,0.5388
7,12,de2fr,7,fr,4,0.8056
7,12,de2fr,7,fr,6,0.7504
7,12,de2fr,8,de,4,0.4955
7,12,de2fr,8,de,6,0.4875
7,12,de2fr,8,fr,4,0.7704
7,12,de2fr,8,fr,6,0.7607
7,12,en2fr,2,de,4,0.5172
7,12,en2fr,2,de,6,0.5189
7,12,en2fr,2,fr,4,0.8016
7,12,en2fr,2,fr,6,0.7586
7,12,en2fr,3,de,4,0.478
7,12,en2fr,3,de,6,0.4651
7,12,en2fr,3,fr,4,0.755
7,12,en2fr,3,fr,6,0.7296
7,12,en2fr,6,de,4,0.503
7,12,en2fr,6,de,6,0.4976
7,12,en2fr,6,fr,4,0.7598
7,12,en2fr,6,fr,6,0.7499
7,12,en2fr,7,de,4,0.4947
7,12,en2fr,7,de,6,0.4954
7,12,en2fr,7,fr,4,0.8104
7,12,en2fr,7,fr,6,0.7502
7,12,en2fr,8,de,4,0.5122
7,12,en2fr,8,de,6,0.5149
7,12,en2fr,8,fr,4,0.7995
7,12,en2fr,8,fr,6,0.7647
7,12,en2fr,9,de,4,0.4955
7,12,en2fr,9,de,6,0.4966
7,12,en2fr,9,fr,4,0.7726
7,12,en2fr,9,fr,6,0.7525
7,12,en2fr,0,de,4,0.5155
7,12,en2fr,0,de,6,0.5176
7,12,en2fr,0,fr,4,0.7703
7,12,en2fr,0,fr,6,0.7553
8,12,de2fr,2,de,4,0.4705
8,12,de2fr,2,de,6,0.5158
8,12,de2fr,2,fr,4,0.8151
8,12,de2fr,2,fr,6,0.7899
8,12,de2fr,3,de,4,0.4956
8,12,de2fr,3,de,6,0.5244
8,12,de2fr,3,fr,4,0.7988
8,12,de2fr,3,fr,6,0.7963
8,12,de2fr,6,de,4,0.5088
8,12,de2fr,6,de,6,0.5447
8,12,de2fr,6,fr,4,0.8147
8,12,de2fr,6,fr,6,0.7939
8,12,de2fr,7,de,4,0.4925
8,12,de2fr,7,de,6,0.5422
8,12,de2fr,7,fr,4,0.8464
8,12,de2fr,7,fr,6,0.7752
8,12,de2fr,8,de,4,0.4953
8,12,de2fr,8,de,6,0.54
8,12,de2fr,8,fr,4,0.8046
8,12,de2fr,8,fr,6,0.7965
8,12,en2fr,2,de,4,0.494
8,12,en2fr,2,de,6,0.5412
8,12,en2fr,2,fr,4,0.8422
8,12,en2fr,2,fr,6,0.7847
8,12,en2fr,3,de,4,0.4718
8,12,en2fr,3,de,6,0.497
8,12,en2fr,3,fr,4,0.7935
8,12,en2fr,3,fr,6,0.7894
8,12,en2fr,6,de,4,0.5
8,12,en2fr,6,de,6,0.5199
8,12,en2fr,6,fr,4,0.789
8,12,en2fr,6,fr,6,0.785
8,12,en2fr,7,de,4,0.5097
8,12,en2fr,7,de,6,0.5499
8,12,en2fr,7,fr,4,0.8302
8,12,en2fr,7,fr,6,0.7701
8,12,en2fr,8,de,4,0.4894
8,12,en2fr,8,de,6,0.526
8,12,en2fr,8,fr,4,0.8352
8,12,en2fr,8,fr,6,0.8089
8,12,en2fr,9,de,4,0.4636
8,12,en2fr,9,de,6,0.5053
8,12,en2fr,9,fr,4,0.8064
8,12,en2fr,9,fr,6,0.7944
8,12,en2fr,0,de,4,0.4928
8,12,en2fr,0,de,6,0.5301
8,12,en2fr,0,fr,4,0.8158
8,12,en2fr,0,fr,6,0.8077
9,12,de2fr,2,de,4,0.5355
9,12,de2fr,2,de,6,0.5378
9,12,de2fr,2,fr,4,0.827
9,12,de2fr,2,fr,6,0.794
9,12,de2fr,3,de,4,0.5246
9,12,de2fr,3,de,6,0.5313
9,12,de2fr,3,fr,4,0.8154
9,12,de2fr,3,fr,6,0.7871
9,12,de2fr,6,de,4,0.5453
9,12,de2fr,6,de,6,0.563
9,12,de2fr,6,fr,4,0.8517
9,12,de2fr,6,fr,6,0.8156
9,12,de2fr,7,de,4,0.5359
9,12,de2fr,7,de,6,0.5532
9,12,de2fr,7,fr,4,0.852
9,12,de2fr,7,fr,6,0.7833
9,12,de2fr,8,de,4,0.5337
9,12,de2fr,8,de,6,0.5309
9,12,de2fr,8,fr,4,0.8177
9,12,de2fr,8,fr,6,0.8018
9,12,en2fr,2,de,4,0.5057
9,12,en2fr,2,de,6,0.5214
9,12,en2fr,2,fr,4,0.8471
9,12,en2fr,2,fr,6,0.7885
9,12,en2fr,3,de,4,0.5185
9,12,en2fr,3,de,6,0.5303
9,12,en2fr,3,fr,4,0.8131
9,12,en2fr,3,fr,6,0.7972
9,12,en2fr,6,de,4,0.5362
9,12,en2fr,6,de,6,0.5463
9,12,en2fr,6,fr,4,0.7934
9,12,en2fr,6,fr,6,0.8118
9,12,en2fr,7,de,4,0.5276
9,12,en2fr,7,de,6,0.5516
9,12,en2fr,7,fr,4,0.8529
9,12,en2fr,7,fr,6,0.7877
9,12,en2fr,8,de,4,0.5157
9,12,en2fr,8,de,6,0.5253
9,12,en2fr,8,fr,4,0.8524
9,12,en2fr,8,fr,6,0.8066
9,12,en2fr,9,de,4,0.5158
9,12,en2fr,9,de,6,0.5198
9,12,en2fr,9,fr,4,0.8419
9,12,en2fr,9,fr,6,0.8027
9,12,en2fr,0,de,4,0.537
9,12,en2fr,0,de,6,0.548
9,12,en2fr,0,fr,4,0.8301
9,12,en2fr,0,fr,6,0.8116
10,12,de2fr,2,de,4,0.5365
10,12,de2fr,2,de,6,0.5501
10,12,de2fr,2,fr,4,0.8448
10,12,de2fr,2,fr,6,0.8034
10,12,de2fr,3,de,4,0.5131
10,12,de2fr,3,de,6,0.521
10,12,de2fr,3,fr,4,0.8219
10,12,de2fr,3,fr,6,0.7763
10,12,de2fr,6,de,4,0.4975
10,12,de2fr,6,de,6,0.5108
10,12,de2fr,6,fr,4,0.8408
10,12,de2fr,6,fr,6,0.7958
10,12,de2fr,7,de,4,0.5161
10,12,de2fr,7,de,6,0.5299
10,12,de2fr,7,fr,4,0.8652
10,12,de2fr,7,fr,6,0.7837
10,12,de2fr,8,de,4,0.4843
10,12,de2fr,8,de,6,0.495
10,12,de2fr,8,fr,4,0.8399
10,12,de2fr,8,fr,6,0.8029
10,12,en2fr,2,de,4,0.5276
10,12,en2fr,2,de,6,0.5412
10,12,en2fr,2,fr,4,0.8524
10,12,en2fr,2,fr,6,0.7761
10,12,en2fr,3,de,4,0.5104
10,12,en2fr,3,de,6,0.5188
10,12,en2fr,3,fr,4,0.8334
10,12,en2fr,3,fr,6,0.7979
10,12,en2fr,6,de,4,0.4931
10,12,en2fr,6,de,6,0.4936
10,12,en2fr,6,fr,4,0.8094
10,12,en2fr,6,fr,6,0.819
10,12,en2fr,7,de,4,0.5156
10,12,en2fr,7,de,6,0.534
10,12,en2fr,7,fr,4,0.8604
10,12,en2fr,7,fr,6,0.7897
10,12,en2fr,8,de,4,0.5003
10,12,en2fr,8,de,6,0.5061
10,12,en2fr,8,fr,4,0.8419
10,12,en2fr,8,fr,6,0.8016
10,12,en2fr,9,de,4,0.5158
10,12,en2fr,9,de,6,0.5327
10,12,en2fr,9,fr,4,0.8455
10,12,en2fr,9,fr,6,0.8082
10,12,en2fr,0,de,4,0.5152
10,12,en2fr,0,de,6,0.5225
10,12,en2fr,0,fr,4,0.8498
10,12,en2fr,0,fr,6,0.8145
11,12,de2fr,2,de,4,0.48
11,12,de2fr,2,de,6,0.5228
11,12,de2fr,2,fr,4,0.8534
11,12,de2fr,2,fr,6,0.7774
11,12,de2fr,3,de,4,0.4803
11,12,de2fr,3,de,6,0.515
11,12,de2fr,3,fr,4,0.8474
11,12,de2fr,3,fr,6,0.7979
11,12,de2fr,6,de,4,0.4917
11,12,de2fr,6,de,6,0.5266
11,12,de2fr,6,fr,4,0.8563
11,12,de2fr,6,fr,6,0.7967
11,12,de2fr,7,de,4,0.4884
11,12,de2fr,7,de,6,0.5161
11,12,de2fr,7,fr,4,0.8504
11,12,de2fr,7,fr,6,0.7649
11,12,de2fr,8,de,4,0.4637
11,12,de2fr,8,de,6,0.4934
11,12,de2fr,8,fr,4,0.8473
11,12,de2fr,8,fr,6,0.7916
11,12,en2fr,2,de,4,0.4712
11,12,en2fr,2,de,6,0.5086
11,12,en2fr,2,fr,4,0.8423
11,12,en2fr,2,fr,6,0.7676
11,12,en2fr,3,de,4,0.4693
11,12,en2fr,3,de,6,0.5009
11,12,en2fr,3,fr,4,0.8534
11,12,en2fr,3,fr,6,0.8022
11,12,en2fr,6,de,4,0.4786
11,12,en2fr,6,de,6,0.4744
11,12,en2fr,6,fr,4,0.7934
11,12,en2fr,6,fr,6,0.8012
11,12,en2fr,7,de,4,0.456
11,12,en2fr,7,de,6,0.496
11,12,en2fr,7,fr,4,0.857
11,12,en2fr,7,fr,6,0.7771
11,12,en2fr,8,de,4,0.4744
11,12,en2fr,8,de,6,0.5066
11,12,en2fr,8,fr,4,0.8578
11,12,en2fr,8,fr,6,0.7839
11,12,en2fr,9,de,4,0.4611
11,12,en2fr,9,de,6,0.4903
11,12,en2fr,9,fr,4,0.8597
11,12,en2fr,9,fr,6,0.7842
11,12,en2fr,0,de,4,0.4789
11,12,en2fr,0,de,6,0.5067
11,12,en2fr,0,fr,4,0.8631
11,12,en2fr,0,fr,6,0.7987
12,12,de2fr,2,de,4,0.5163
12,12,de2fr,2,de,6,0.5346
12,12,de2fr,2,fr,4,0.8478
12,12,de2fr,2,fr,6,0.7779
12,12,de2fr,3,de,4,0.5071
12,12,de2fr,3,de,6,0.5153
12,12,de2fr,3,fr,4,0.8527
12,12,de2fr,3,fr,6,0.8015
12,12,de2fr,6,de,4,0.4788
12,12,de2fr,6,de,6,0.4916
12,12,de2fr,6,fr,4,0.857
12,12,de2fr,6,fr,6,0.8024
12,12,de2fr,7,de,4,0.5128
12,12,de2fr,7,de,6,0.5249
12,12,de2fr,7,fr,4,0.8586
12,12,de2fr,7,fr,6,0.7832
12,12,de2fr,8,de,4,0.5126
12,12,de2fr,8,de,6,0.5372
12,12,de2fr,8,fr,4,0.8608
12,12,de2fr,8,fr,6,0.8065
12,12,en2fr,2,de,4,0.4913
12,12,en2fr,2,de,6,0.5276
12,12,en2fr,2,fr,4,0.8425
12,12,en2fr,2,fr,6,0.7776
12,12,en2fr,3,de,4,0.5066
12,12,en2fr,3,de,6,0.5229
12,12,en2fr,3,fr,4,0.8594
12,12,en2fr,3,fr,6,0.814
12,12,en2fr,6,de,4,0.512
12,12,en2fr,6,de,6,0.4908
12,12,en2fr,6,fr,4,0.814
12,12,en2fr,6,fr,6,0.8118
12,12,en2fr,7,de,4,0.4993
12,12,en2fr,7,de,6,0.5273
12,12,en2fr,7,fr,4,0.8601
12,12,en2fr,7,fr,6,0.7728
12,12,en2fr,8,de,4,0.5037
12,12,en2fr,8,de,6,0.5347
12,12,en2fr,8,fr,4,0.8643
12,12,en2fr,8,fr,6,0.8051
12,12,en2fr,9,de,4,0.5037
12,12,en2fr,9,de,6,0.5106
12,12,en2fr,9,fr,4,0.8563
12,12,en2fr,9,fr,6,0.7979
12,12,en2fr,0,de,4,0.504
12,12,en2fr,0,de,6,0.5182
12,12,en2fr,0,fr,4,0.8608
12,12,en2fr,0,fr,6,0.8096
13,12,de2fr,2,de,4,0.4876
13,12,de2fr,2,de,6,0.522
13,12,de2fr,2,fr,4,0.8383
13,12,de2fr,2,fr,6,0.7484
13,12,de2fr,3,de,4,0.5013
13,12,de2fr,3,de,6,0.5234
13,12,de2fr,3,fr,4,0.8535
13,12,de2fr,3,fr,6,0.7831
13,12,de2fr,6,de,4,0.466
13,12,de2fr,6,de,6,0.4847
13,12,de2fr,6,fr,4,0.8669
13,12,de2fr,6,fr,6,0.7847
13,12,de2fr,7,de,4,0.5005
13,12,de2fr,7,de,6,0.5011
13,12,de2fr,7,fr,4,0.8673
13,12,de2fr,7,fr,6,0.7514
13,12,de2fr,8,de,4,0.4878
13,12,de2fr,8,de,6,0.5036
13,12,de2fr,8,fr,4,0.8619
13,12,de2fr,8,fr,6,0.7773
13,12,en2fr,2,de,4,0.472
13,12,en2fr,2,de,6,0.4956
13,12,en2fr,2,fr,4,0.8412
13,12,en2fr,2,fr,6,0.7595
13,12,en2fr,3,de,4,0.4935
13,12,en2fr,3,de,6,0.5091
13,12,en2fr,3,fr,4,0.8475
13,12,en2fr,3,fr,6,0.7959
13,12,en2fr,6,de,4,0.4888
13,12,en2fr,6,de,6,0.4727
13,12,en2fr,6,fr,4,0.8136
13,12,en2fr,6,fr,6,0.7964
13,12,en2fr,7,de,4,0.4887
13,12,en2fr,7,de,6,0.5116
13,12,en2fr,7,fr,4,0.8498
13,12,en2fr,7,fr,6,0.7536
13,12,en2fr,8,de,4,0.4882
13,12,en2fr,8,de,6,0.5037
13,12,en2fr,8,fr,4,0.8616
13,12,en2fr,8,fr,6,0.7829
13,12,en2fr,9,de,4,0.4607
13,12,en2fr,9,de,6,0.4742
13,12,en2fr,9,fr,4,0.8584
13,12,en2fr,9,fr,6,0.7726
13,12,en2fr,0,de,4,0.4837
13,12,en2fr,0,de,6,0.4965
13,12,en2fr,0,fr,4,0.8703
13,12,en2fr,0,fr,6,0.7893
14,12,de2fr,2,de,4,0.4979
14,12,de2fr,2,de,6,0.4984
14,12,de2fr,2,fr,4,0.8767
14,12,de2fr,2,fr,6,0.7791
14,12,de2fr,3,de,4,0.5049
14,12,de2fr,3,de,6,0.4849
14,12,de2fr,3,fr,4,0.8813
14,12,de2fr,3,fr,6,0.8155
14,12,de2fr,6,de,4,0.4927
14,12,de2fr,6,de,6,0.497
14,12,de2fr,6,fr,4,0.8678
14,12,de2fr,6,fr,6,0.8022
14,12,de2fr,7,de,4,0.514
14,12,de2fr,7,de,6,0.4998
14,12,de2fr,7,fr,4,0.8876
14,12,de2fr,7,fr,6,0.7886
14,12,de2fr,8,de,4,0.4869
14,12,de2fr,8,de,6,0.4641
14,12,de2fr,8,fr,4,0.8816
14,12,de2fr,8,fr,6,0.7964
14,12,en2fr,2,de,4,0.5018
14,12,en2fr,2,de,6,0.4874
14,12,en2fr,2,fr,4,0.8772
14,12,en2fr,2,fr,6,0.782
14,12,en2fr,3,de,4,0.4891
14,12,en2fr,3,de,6,0.461
14,12,en2fr,3,fr,4,0.8704
14,12,en2fr,3,fr,6,0.8038
14,12,en2fr,6,de,4,0.4808
14,12,en2fr,6,de,6,0.4404
14,12,en2fr,6,fr,4,0.8128
14,12,en2fr,6,fr,6,0.8157
14,12,en2fr,7,de,4,0.4934
14,12,en2fr,7,de,6,0.4929
14,12,en2fr,7,fr,4,0.8829
14,12,en2fr,7,fr,6,0.7798
14,12,en2fr,8,de,4,0.4904
14,12,en2fr,8,de,6,0.4904
14,12,en2fr,8,fr,4,0.8783
14,12,en2fr,8,fr,6,0.7944
14,12,en2fr,9,de,4,0.5206
14,12,en2fr,9,de,6,0.5143
14,12,en2fr,9,fr,4,0.8689
14,12,en2fr,9,fr,6,0.7837
14,12,en2fr,0,de,4,0.5086
14,12,en2fr,0,de,6,0.4917
14,12,en2fr,0,fr,4,0.8699
14,12,en2fr,0,fr,6,0.799
15,12,de2fr,2,de,4,0.525
15,12,de2fr,2,de,6,0.4606
15,12,de2fr,2,fr,4,0.8508
15,12,de2fr,2,fr,6,0.7782
15,12,de2fr,3,de,4,0.5373
15,12,de2fr,3,de,6,0.4744
15,12,de2fr,3,fr,4,0.853
15,12,de2fr,3,fr,6,0.7992
15,12,de2fr,6,de,4,0.4994
15,12,de2fr,6,de,6,0.4397
15,12,de2fr,6,fr,4,0.8435
15,12,de2fr,6,fr,6,0.7923
15,12,de2fr,7,de,4,0.5181
15,12,de2fr,7,de,6,0.4524
15,12,de2fr,7,fr,4,0.8562
15,12,de2fr,7,fr,6,0.7867
15,12,de2fr,8,de,4,0.5141
15,12,de2fr,8,de,6,0.4396
15,12,de2fr,8,fr,4,0.8637
15,12,de2fr,8,fr,6,0.8086
15,12,en2fr,2,de,4,0.5185
15,12,en2fr,2,de,6,0.449
15,12,en2fr,2,fr,4,0.8586
15,12,en2fr,2,fr,6,0.7959
15,12,en2fr,3,de,4,0.503
15,12,en2fr,3,de,6,0.4392
15,12,en2fr,3,fr,4,0.8541
15,12,en2fr,3,fr,6,0.8088
15,12,en2fr,6,de,4,0.4819
15,12,en2fr,6,de,6,0.4149
15,12,en2fr,6,fr,4,0.814
15,12,en2fr,6,fr,6,0.8244
15,12,en2fr,7,de,4,0.5092
15,12,en2fr,7,de,6,0.4465
15,12,en2fr,7,fr,4,0.8501
15,12,en2fr,7,fr,6,0.7715
15,12,en2fr,8,de,4,0.5177
15,12,en2fr,8,de,6,0.4551
15,12,en2fr,8,fr,4,0.8528
15,12,en2fr,8,fr,6,0.7735
15,12,en2fr,9,de,4,0.5217
15,12,en2fr,9,de,6,0.4548
15,12,en2fr,9,fr,4,0.8546
15,12,en2fr,9,fr,6,0.7715
15,12,en2fr,0,de,4,0.5298
15,12,en2fr,0,de,6,0.4559
15,12,en2fr,0,fr,4,0.8651
15,12,en2fr,0,fr,6,0.8168
16,12,de2fr,2,de,4,0.5263
16,12,de2fr,2,de,6,0.4921
16,12,de2fr,2,fr,4,0.8372
16,12,de2fr,2,fr,6,0.7689
16,12,de2fr,3,de,4,0.5384
16,12,de2fr,3,de,6,0.4962
16,12,de2fr,3,fr,4,0.841
16,12,de2fr,3,fr,6,0.8074
16,12,de2fr,6,de,4,0.4962
16,12,de2fr,6,de,6,0.4629
16,12,de2fr,6,fr,4,0.844
16,12,de2fr,6,fr,6,0.7991
16,12,de2fr,7,de,4,0.5249
16,12,de2fr,7,de,6,0.4856
16,12,de2fr,7,fr,4,0.8613
16,12,de2fr,7,fr,6,0.7804
16,12,de2fr,8,de,4,0.5267
16,12,de2fr,8,de,6,0.4777
16,12,de2fr,8,fr,4,0.8509
16,12,de2fr,8,fr,6,0.8004
16,12,en2fr,2,de,4,0.534
16,12,en2fr,2,de,6,0.4933
16,12,en2fr,2,fr,4,0.8378
16,12,en2fr,2,fr,6,0.7911
16,12,en2fr,3,de,4,0.529
16,12,en2fr,3,de,6,0.4896
16,12,en2fr,3,fr,4,0.8563
16,12,en2fr,3,fr,6,0.8089
16,12,en2fr,6,de,4,0.462
16,12,en2fr,6,de,6,0.4017
16,12,en2fr,6,fr,4,0.7588
16,12,en2fr,6,fr,6,0.7936
16,12,en2fr,7,de,4,0.5094
16,12,en2fr,7,de,6,0.4774
16,12,en2fr,7,fr,4,0.849
16,12,en2fr,7,fr,6,0.7705
16,12,en2fr,8,de,4,0.5036
16,12,en2fr,8,de,6,0.4635
16,12,en2fr,8,fr,4,0.8561
16,12,en2fr,8,fr,6,0.7927
16,12,en2fr,9,de,4,0.5243
16,12,en2fr,9,de,6,0.4833
16,12,en2fr,9,fr,4,0.8455
16,12,en2fr,9,fr,6,0.7776
16,12,en2fr,0,de,4,0.5247
16,12,en2fr,0,de,6,0.4848
16,12,en2fr,0,fr,4,0.8515
16,12,en2fr,0,fr,6,0.8017
17,12,de2fr,2,de,4,0.4758
17,12,de2fr,2,de,6,0.507
17,12,de2fr,2,fr,4,0.8448
17,12,de2fr,2,fr,6,0.7707
17,12,de2fr,3,de,4,0.498
17,12,de2fr,3,de,6,0.5182
17,12,de2fr,3,fr,4,0.8553
17,12,de2fr,3,fr,6,0.829
17,12,de2fr,6,de,4,0.477
17,12,de2fr,6,de,6,0.5016
17,12,de2fr,6,fr,4,0.8539
17,12,de2fr,6,fr,6,0.8076
17,12,de2fr,7,de,4,0.4958
17,12,de2fr,7,de,6,0.5026
17,12,de2fr,7,fr,4,0.8733
17,12,de2fr,7,fr,6,0.8007
17,12,de2fr,8,de,4,0.492
17,12,de2fr,8,de,6,0.5
17,12,de2fr,8,fr,4,0.8636
17,12,de2fr,8,fr,6,0.7932
17,12,en2fr,2,de,4,0.4915
17,12,en2fr,2,de,6,0.5036
17,12,en2fr,2,fr,4,0.8539
17,12,en2fr,2,fr,6,0.7963
17,12,en2fr,3,de,4,0.4975
17,12,en2fr,3,de,6,0.5121
17,12,en2fr,3,fr,4,0.8594
17,12,en2fr,3,fr,6,0.8106
17,12,en2fr,6,de,4,0.4761
17,12,en2fr,6,de,6,0.4848
17,12,en2fr,6,fr,4,0.8145
17,12,en2fr,6,fr,6,0.8263
17,12,en2fr,7,de,4,0.4786
17,12,en2fr,7,de,6,0.5077
17,12,en2fr,7,fr,4,0.8626
17,12,en2fr,7,fr,6,0.7877
17,12,en2fr,8,de,4,0.4763
17,12,en2fr,8,de,6,0.4976
17,12,en2fr,8,fr,4,0.858
17,12,en2fr,8,fr,6,0.7975
17,12,en2fr,9,de,4,0.4862
17,12,en2fr,9,de,6,0.5059
17,12,en2fr,9,fr,4,0.8607
17,12,en2fr,9,fr,6,0.7819
17,12,en2fr,0,de,4,0.4971
17,12,en2fr,0,de,6,0.5105
17,12,en2fr,0,fr,4,0.8672
17,12,en2fr,0,fr,6,0.809
18,12,de2fr,2,de,4,0.543
18,12,de2fr,2,de,6,0.4956
18,12,de2fr,2,fr,4,0.8212
18,12,de2fr,2,fr,6,0.7995
18,12,de2fr,3,de,4,0.542
18,12,de2fr,3,de,6,0.4946
18,12,de2fr,3,fr,4,0.8348
18,12,de2fr,3,fr,6,0.8464
18,12,de2fr,6,de,4,0.5142
18,12,de2fr,6,de,6,0.4782
18,12,de2fr,6,fr,4,0.8202
18,12,de2fr,6,fr,6,0.8262
18,12,de2fr,7,de,4,0.5362
18,12,de2fr,7,de,6,0.4822
18,12,de2fr,7,fr,4,0.8446
18,12,de2fr,7,fr,6,0.8151
18,12,de2fr,8,de,4,0.5302
18,12,de2fr,8,de,6,0.477
18,12,de2fr,8,fr,4,0.842
18,12,de2fr,8,fr,6,0.8255
18,12,en2fr,2,de,4,0.5272
18,12,en2fr,2,de,6,0.4721
18,12,en2fr,2,fr,4,0.8248
18,12,en2fr,2,fr,6,0.826
18,12,en2fr,3,de,4,0.5087
18,12,en2fr,3,de,6,0.4611
18,12,en2fr,3,fr,4,0.8421
18,12,en2fr,3,fr,6,0.8311
18,12,en2fr,6,de,4,0.5167
18,12,en2fr,6,de,6,0.4584
18,12,en2fr,6,fr,4,0.8153
18,12,en2fr,6,fr,6,0.8319
18,12,en2fr,7,de,4,0.5163
18,12,en2fr,7,de,6,0.4851
18,12,en2fr,7,fr,4,0.8256
18,12,en2fr,7,fr,6,0.8057
18,12,en2fr,8,de,4,0.5186
18,12,en2fr,8,de,6,0.4799
18,12,en2fr,8,fr,4,0.8188
18,12,en2fr,8,fr,6,0.8266
18,12,en2fr,9,de,4,0.4977
18,12,en2fr,9,de,6,0.4416
18,12,en2fr,9,fr,4,0.8282
18,12,en2fr,9,fr,6,0.8099
18,12,en2fr,0,de,4,0.5226
18,12,en2fr,0,de,6,0.4748
18,12,en2fr,0,fr,4,0.8339
18,12,en2fr,0,fr,6,0.8143
19,12,de2fr,2,de,4,0.5081
19,12,de2fr,2,de,6,0.464
19,12,de2fr,2,fr,4,0.83
19,12,de2fr,2,fr,6,0.7951
19,12,de2fr,3,de,4,0.5143
19,12,de2fr,3,de,6,0.4708
19,12,de2fr,3,fr,4,0.8433
19,12,de2fr,3,fr,6,0.809
19,12,de2fr,6,de,4,0.5286
19,12,de2fr,6,de,6,0.4894
19,12,de2fr,6,fr,4,0.8404
19,12,de2fr,6,fr,6,0.8088
19,12,de2fr,7,de,4,0.5239
19,12,de2fr,7,de,6,0.4781
19,12,de2fr,7,fr,4,0.8482
19,12,de2fr,7,fr,6,0.8141
19,12,de2fr,8,de,4,0.5171
19,12,de2fr,8,de,6,0.4729
19,12,de2fr,8,fr,4,0.8407
19,12,de2fr,8,fr,6,0.8061
19,12,en2fr,2,de,4,0.5246
19,12,en2fr,2,de,6,0.4825
19,12,en2fr,2,fr,4,0.8335
19,12,en2fr,2,fr,6,0.8147
19,12,en2fr,3,de,4,0.5328
19,12,en2fr,3,de,6,0.4961
19,12,en2fr,3,fr,4,0.8574
19,12,en2fr,3,fr,6,0.828
19,12,en2fr,6,de,4,0.5006
19,12,en2fr,6,de,6,0.4625
19,12,en2fr,6,fr,4,0.8194
19,12,en2fr,6,fr,6,0.8322
19,12,en2fr,7,de,4,0.5169
19,12,en2fr,7,de,6,0.4747
19,12,en2fr,7,fr,4,0.8439
19,12,en2fr,7,fr,6,0.7973
19,12,en2fr,8,de,4,0.5164
19,12,en2fr,8,de,6,0.4849
19,12,en2fr,8,fr,4,0.8387
19,12,en2fr,8,fr,6,0.8111
19,12,en2fr,9,de,4,0.499
19,12,en2fr,9,de,6,0.4661
19,12,en2fr,9,fr,4,0.8345
19,12,en2fr,9,fr,6,0.7965
19,12,en2fr,0,de,4,0.5124
19,12,en2fr,0,de,6,0.4644
19,12,en2fr,0,fr,4,0.8566
19,12,en2fr,0,fr,6,0.815
20,12,de2fr,2,de,4,0.5191
20,12,de2fr,2,de,6,0.4629
20,12,de2fr,2,fr,4,0.8221
20,12,de2fr,2,fr,6,0.7838
20,12,de2fr,3,de,4,0.5181
20,12,de2fr,3,de,6,0.4721
20,12,de2fr,3,fr,4,0.8467
20,12,de2fr,3,fr,6,0.8046
20,12,de2fr,6,de,4,0.5161
20,12,de2fr,6,de,6,0.4631
20,12,de2fr,6,fr,4,0.8345
20,12,de2fr,6,fr,6,0.7989
20,12,de2fr,7,de,4,0.5121
20,12,de2fr,7,de,6,0.4433
20,12,de2fr,7,fr,4,0.8455
20,12,de2fr,7,fr,6,0.793
20,12,de2fr,8,de,4,0.5292
20,12,de2fr,8,de,6,0.4719
20,12,de2fr,8,fr,4,0.8439
20,12,de2fr,8,fr,6,0.8234
20,12,en2fr,2,de,4,0.529
20,12,en2fr,2,de,6,0.4667
20,12,en2fr,2,fr,4,0.8312
20,12,en2fr,2,fr,6,0.8009
20,12,en2fr,3,de,4,0.5273
20,12,en2fr,3,de,6,0.4835
20,12,en2fr,3,fr,4,0.8438
20,12,en2fr,3,fr,6,0.8061
20,12,en2fr,6,de,4,0.496
20,12,en2fr,6,de,6,0.4472
20,12,en2fr,6,fr,4,0.808
20,12,en2fr,6,fr,6,0.8101
20,12,en2fr,7,de,4,0.4996
20,12,en2fr,7,de,6,0.4453
20,12,en2fr,7,fr,4,0.8345
20,12,en2fr,7,fr,6,0.7826
20,12,en2fr,8,de,4,0.5132
20,12,en2fr,8,de,6,0.4582
20,12,en2fr,8,fr,4,0.8338
20,12,en2fr,8,fr,6,0.796
20,12,en2fr,9,de,4,0.5078
20,12,en2fr,9,de,6,0.443
20,12,en2fr,9,fr,4,0.8267
20,12,en2fr,9,fr,6,0.7951
20,12,en2fr,0,de,4,0.53
20,12,en2fr,0,de,6,0.4746
20,12,en2fr,0,fr,4,0.8553
20,12,en2fr,0,fr,6,0.8133
21,12,de2fr,2,de,4,0.5146
21,12,de2fr,2,de,6,0.5217
21,12,de2fr,2,fr,4,0.8347
21,12,de2fr,2,fr,6,0.8026
21,12,de2fr,3,de,4,0.5
21,12,de2fr,3,de,6,0.4902
21,12,de2fr,3,fr,4,0.855
21,12,de2fr,3,fr,6,0.8264
21,12,de2fr,6,de,4,0.5011
21,12,de2fr,6,de,6,0.5071
21,12,de2fr,6,fr,4,0.8433
21,12,de2fr,6,fr,6,0.8251
21,12,de2fr,7,de,4,0.5055
21,12,de2fr,7,de,6,0.4737
21,12,de2fr,7,fr,4,0.8529
21,12,de2fr,7,fr,6,0.833
21,12,de2fr,8,de,4,0.5152
21,12,de2fr,8,de,6,0.4835
21,12,de2fr,8,fr,4,0.8458
21,12,de2fr,8,fr,6,0.8396
21,12,en2fr,2,de,4,0.5113
21,12,en2fr,2,de,6,0.5064
21,12,en2fr,2,fr,4,0.8273
21,12,en2fr,2,fr,6,0.8253
21,12,en2fr,3,de,4,0.5224
21,12,en2fr,3,de,6,0.5095
21,12,en2fr,3,fr,4,0.8662
21,12,en2fr,3,fr,6,0.8426
21,12,en2fr,6,de,4,0.5125
21,12,en2fr,6,de,6,0.4793
21,12,en2fr,6,fr,4,0.824
21,12,en2fr,6,fr,6,0.8365
21,12,en2fr,7,de,4,0.5009
21,12,en2fr,7,de,6,0.5057
21,12,en2fr,7,fr,4,0.8459
21,12,en2fr,7,fr,6,0.8157
21,12,en2fr,8,de,4,0.4857
21,12,en2fr,8,de,6,0.4727
21,12,en2fr,8,fr,4,0.8516
21,12,en2fr,8,fr,6,0.8114
21,12,en2fr,9,de,4,0.5048
21,12,en2fr,9,de,6,0.4985
21,12,en2fr,9,fr,4,0.8276
21,12,en2fr,9,fr,6,0.8108
21,12,en2fr,0,de,4,0.5078
21,12,en2fr,0,de,6,0.4908
21,12,en2fr,0,fr,4,0.8655
21,12,en2fr,0,fr,6,0.8381
22,12,de2fr,2,de,4,0.5135
22,12,de2fr,2,de,6,0.4771
22,12,de2fr,2,fr,4,0.8528
22,12,de2fr,2,fr,6,0.827
22,12,de2fr,3,de,4,0.5096
22,12,de2fr,3,de,6,0.4796
22,12,de2fr,3,fr,4,0.8532
22,12,de2fr,3,fr,6,0.8251
22,12,de2fr,6,de,4,0.4882
22,12,de2fr,6,de,6,0.4667
22,12,de2fr,6,fr,4,0.853
22,12,de2fr,6,fr,6,0.8311
22,12,de2fr,7,de,4,0.5007
22,12,de2fr,7,de,6,0.4531
22,12,de2fr,7,fr,4,0.8688
22,12,de2fr,7,fr,6,0.8393
22,12,de2fr,8,de,4,0.512
22,12,de2fr,8,de,6,0.4747
22,12,de2fr,8,fr,4,0.8521
22,12,de2fr,8,fr,6,0.8377
22,12,en2fr,2,de,4,0.5258
22,12,en2fr,2,de,6,0.4877
22,12,en2fr,2,fr,4,0.8416
22,12,en2fr,2,fr,6,0.8344
22,12,en2fr,3,de,4,0.5045
22,12,en2fr,3,de,6,0.4656
22,12,en2fr,3,fr,4,0.8729
22,12,en2fr,3,fr,6,0.8452
22,12,en2fr,6,de,4,0.5063
22,12,en2fr,6,de,6,0.4654
22,12,en2fr,6,fr,4,0.8408
22,12,en2fr,6,fr,6,0.8447
22,12,en2fr,7,de,4,0.5014
22,12,en2fr,7,de,6,0.4648
22,12,en2fr,7,fr,4,0.8578
22,12,en2fr,7,fr,6,0.825
22,12,en2fr,8,de,4,0.5124
22,12,en2fr,8,de,6,0.4768
22,12,en2fr,8,fr,4,0.8419
22,12,en2fr,8,fr,6,0.8176
22,12,en2fr,9,de,4,0.5123
22,12,en2fr,9,de,6,0.4703
22,12,en2fr,9,fr,4,0.8364
22,12,en2fr,9,fr,6,0.8097
22,12,en2fr,0,de,4,0.528
22,12,en2fr,0,de,6,0.4808
22,12,en2fr,0,fr,4,0.8664
22,12,en2fr,0,fr,6,0.8408
23,12,de2fr,2,de,4,0.5358
23,12,de2fr,2,de,6,0.4931
23,12,de2fr,2,fr,4,0.8453
23,12,de2fr,2,fr,6,0.8248
23,12,de2fr,3,de,4,0.5367
23,12,de2fr,3,de,6,0.4906
23,12,de2fr,3,fr,4,0.8481
23,12,de2fr,3,fr,6,0.8367
23,12,de2fr,6,de,4,0.5108
23,12,de2fr,6,de,6,0.482
23,12,de2fr,6,fr,4,0.8439
23,12,de2fr,6,fr,6,0.8314
23,12,de2fr,7,de,4,0.5242
23,12,de2fr,7,de,6,0.4751
23,12,de2fr,7,fr,4,0.8557
23,12,de2fr,7,fr,6,0.8299
23,12,de2fr,8,de,4,0.5313
23,12,de2fr,8,de,6,0.48
23,12,de2fr,8,fr,4,0.8475
23,12,de2fr,8,fr,6,0.8213
23,12,en2fr,2,de,4,0.5368
23,12,en2fr,2,de,6,0.4856
23,12,en2fr,2,fr,4,0.8383
23,12,en2fr,2,fr,6,0.8239
23,12,en2fr,3,de,4,0.5432
23,12,en2fr,3,de,6,0.4948
23,12,en2fr,3,fr,4,0.8614
23,12,en2fr,3,fr,6,0.8394
23,12,en2fr,6,de,4,0.5075
23,12,en2fr,6,de,6,0.4662
23,12,en2fr,6,fr,4,0.8199
23,12,en2fr,6,fr,6,0.84
23,12,en2fr,7,de,4,0.5189
23,12,en2fr,7,de,6,0.4752
23,12,en2fr,7,fr,4,0.8418
23,12,en2fr,7,fr,6,0.8186
23,12,en2fr,8,de,4,0.5385
23,12,en2fr,8,de,6,0.4923
23,12,en2fr,8,fr,4,0.8463
23,12,en2fr,8,fr,6,0.8265
23,12,en2fr,9,de,4,0.5174
23,12,en2fr,9,de,6,0.4752
23,12,en2fr,9,fr,4,0.8365
23,12,en2fr,9,fr,6,0.8229
23,12,en2fr,0,de,4,0.5144
23,12,en2fr,0,de,6,0.4668
23,12,en2fr,0,fr,4,0.8416
23,12,en2fr,0,fr,6,0.8335
24,12,de2fr,2,de,4,0.5557
24,12,de2fr,2,de,6,0.4981
24,12,de2fr,2,fr,4,0.8447
24,12,de2fr,2,fr,6,0.8188
24,12,de2fr,3,de,4,0.5712
24,12,de2fr,3,de,6,0.5141
24,12,de2fr,3,fr,4,0.8415
24,12,de2fr,3,fr,6,0.8269
24,12,de2fr,6,de,4,0.542
24,12,de2fr,6,de,6,0.4854
24,12,de2fr,6,fr,4,0.846
24,12,de2fr,6,fr,6,0.8203
24,12,de2fr,7,de,4,0.5568
24,12,de2fr,7,de,6,0.492
24,12,de2fr,7,fr,4,0.8637
24,12,de2fr,7,fr,6,0.8305
24,12,de2fr,8,de,4,0.5432
24,12,de2fr,8,de,6,0.49
24,12,de2fr,8,fr,4,0.85
24,12,de2fr,8,fr,6,0.8429
24,12,en2fr,2,de,4,0.541
24,12,en2fr,2,de,6,0.4806
24,12,en2fr,2,fr,4,0.8563
24,12,en2fr,2,fr,6,0.8363
24,12,en2fr,3,de,4,0.5524
24,12,en2fr,3,de,6,0.5013
24,12,en2fr,3,fr,4,0.865
24,12,en2fr,3,fr,6,0.8345
24,12,en2fr,6,de,4,0.5379
24,12,en2fr,6,de,6,0.4969
24,12,en2fr,6,fr,4,0.8341
24,12,en2fr,6,fr,6,0.83
24,12,en2fr,7,de,4,0.5513
24,12,en2fr,7,de,6,0.4973
24,12,en2fr,7,fr,4,0.8536
24,12,en2fr,7,fr,6,0.8251
24,12,en2fr,8,de,4,0.5342
24,12,en2fr,8,de,6,0.4757
24,12,en2fr,8,fr,4,0.841
24,12,en2fr,8,fr,6,0.8285
24,12,en2fr,9,de,4,0.564
24,12,en2fr,9,de,6,0.5016
24,12,en2fr,9,fr,4,0.8392
24,12,en2fr,9,fr,6,0.8061
24,12,en2fr,0,de,4,0.5442
24,12,en2fr,0,de,6,0.4843
24,12,en2fr,0,fr,4,0.8445
24,12,en2fr,0,fr,6,0.8444
25,12,de2fr,2,de,4,0.5404
25,12,de2fr,2,de,6,0.4852
25,12,de2fr,2,fr,4,0.84
25,12,de2fr,2,fr,6,0.8258
25,12,de2fr,3,de,4,0.5842
25,12,de2fr,3,de,6,0.5243
25,12,de2fr,3,fr,4,0.8345
25,12,de2fr,3,fr,6,0.824
25,12,de2fr,6,de,4,0.5474
25,12,de2fr,6,de,6,0.4969
25,12,de2fr,6,fr,4,0.8428
25,12,de2fr,6,fr,6,0.828
25,12,de2fr,7,de,4,0.5453
25,12,de2fr,7,de,6,0.479
25,12,de2fr,7,fr,4,0.8575
25,12,de2fr,7,fr,6,0.8273
25,12,de2fr,8,de,4,0.535
25,12,de2fr,8,de,6,0.4828
25,12,de2fr,8,fr,4,0.8501
25,12,de2fr,8,fr,6,0.8446
25,12,en2fr,2,de,4,0.5593
25,12,en2fr,2,de,6,0.506
25,12,en2fr,2,fr,4,0.8407
25,12,en2fr,2,fr,6,0.8241
25,12,en2fr,3,de,4,0.5524
25,12,en2fr,3,de,6,0.4986
25,12,en2fr,3,fr,4,0.8656
25,12,en2fr,3,fr,6,0.8475
25,12,en2fr,6,de,4,0.524
25,12,en2fr,6,de,6,0.4797
25,12,en2fr,6,fr,4,0.844
25,12,en2fr,6,fr,6,0.8365
25,12,en2fr,7,de,4,0.5558
25,12,en2fr,7,de,6,0.5023
25,12,en2fr,7,fr,4,0.8462
25,12,en2fr,7,fr,6,0.8212
25,12,en2fr,8,de,4,0.5569
25,12,en2fr,8,de,6,0.4888
25,12,en2fr,8,fr,4,0.8563
25,12,en2fr,8,fr,6,0.8328
25,12,en2fr,9,de,4,0.5651
25,12,en2fr,9,de,6,0.5072
25,12,en2fr,9,fr,4,0.8383
25,12,en2fr,9,fr,6,0.815
25,12,en2fr,0,de,4,0.5501
25,12,en2fr,0,de,6,0.4851
25,12,en2fr,0,fr,4,0.8499
25,12,en2fr,0,fr,6,0.8316
26,12,de2fr,2,de,4,0.5472
26,12,de2fr,2,de,6,0.4918
26,12,de2fr,2,fr,4,0.8302
26,12,de2fr,2,fr,6,0.8158
26,12,de2fr,3,de,4,0.5951
26,12,de2fr,3,de,6,0.5343
26,12,de2fr,3,fr,4,0.8441
26,12,de2fr,3,fr,6,0.8345
26,12,de2fr,6,de,4,0.5475
26,12,de2fr,6,de,6,0.4932
26,12,de2fr,6,fr,4,0.8395
26,12,de2fr,6,fr,6,0.8265
26,12,de2fr,7,de,4,0.5477
26,12,de2fr,7,de,6,0.4802
26,12,de2fr,7,fr,4,0.8581
26,12,de2fr,7,fr,6,0.8315
26,12,de2fr,8,de,4,0.5547
26,12,de2fr,8,de,6,0.5025
26,12,de2fr,8,fr,4,0.8501
26,12,de2fr,8,fr,6,0.8411
26,12,en2fr,2,de,4,0.5599
26,12,en2fr,2,de,6,0.5002
26,12,en2fr,2,fr,4,0.8367
26,12,en2fr,2,fr,6,0.8335
26,12,en2fr,3,de,4,0.5513
26,12,en2fr,3,de,6,0.4902
26,12,en2fr,3,fr,4,0.8588
26,12,en2fr,3,fr,6,0.8399
26,12,en2fr,6,de,4,0.55
26,12,en2fr,6,de,6,0.5052
26,12,en2fr,6,fr,4,0.8436
26,12,en2fr,6,fr,6,0.8319
26,12,en2fr,7,de,4,0.559
26,12,en2fr,7,de,6,0.5046
26,12,en2fr,7,fr,4,0.8441
26,12,en2fr,7,fr,6,0.8219
26,12,en2fr,8,de,4,0.5537
26,12,en2fr,8,de,6,0.4895
26,12,en2fr,8,fr,4,0.8552
26,12,en2fr,8,fr,6,0.8335
26,12,en2fr,9,de,4,0.5329
26,12,en2fr,9,de,6,0.4674
26,12,en2fr,9,fr,4,0.8379
26,12,en2fr,9,fr,6,0.811
26,12,en2fr,0,de,4,0.5455
26,12,en2fr,0,de,6,0.4839
26,12,en2fr,0,fr,4,0.8458
26,12,en2fr,0,fr,6,0.8382
27,12,de2fr,2,de,4,0.5649
27,12,de2fr,2,de,6,0.5065
27,12,de2fr,2,fr,4,0.8418
27,12,de2fr,2,fr,6,0.8191
27,12,de2fr,3,de,4,0.5719
27,12,de2fr,3,de,6,0.5145
27,12,de2fr,3,fr,4,0.8485
27,12,de2fr,3,fr,6,0.8397
27,12,de2fr,6,de,4,0.5314
27,12,de2fr,6,de,6,0.4798
27,12,de2fr,6,fr,4,0.847
27,12,de2fr,6,fr,6,0.8234
27,12,de2fr,7,de,4,0.5406
27,12,de2fr,7,de,6,0.4691
27,12,de2fr,7,fr,4,0.8627
27,12,de2fr,7,fr,6,0.8314
27,12,de2fr,8,de,4,0.5321
27,12,de2fr,8,de,6,0.4814
27,12,de2fr,8,fr,4,0.8492
27,12,de2fr,8,fr,6,0.8398
27,12,en2fr,2,de,4,0.5363
27,12,en2fr,2,de,6,0.4807
27,12,en2fr,2,fr,4,0.8469
27,12,en2fr,2,fr,6,0.8301
27,12,en2fr,3,de,4,0.5547
27,12,en2fr,3,de,6,0.5039
27,12,en2fr,3,fr,4,0.8647
27,12,en2fr,3,fr,6,0.8449
27,12,en2fr,6,de,4,0.5243
27,12,en2fr,6,de,6,0.4787
27,12,en2fr,6,fr,4,0.8234
27,12,en2fr,6,fr,6,0.829
27,12,en2fr,7,de,4,0.5618
27,12,en2fr,7,de,6,0.5082
27,12,en2fr,7,fr,4,0.8494
27,12,en2fr,7,fr,6,0.8153
27,12,en2fr,8,de,4,0.5703
27,12,en2fr,8,de,6,0.5077
27,12,en2fr,8,fr,4,0.8444
27,12,en2fr,8,fr,6,0.8299
27,12,en2fr,9,de,4,0.5499
27,12,en2fr,9,de,6,0.5067
27,12,en2fr,9,fr,4,0.8244
27,12,en2fr,9,fr,6,0.809
27,12,en2fr,0,de,4,0.5627
27,12,en2fr,0,de,6,0.5035
27,12,en2fr,0,fr,4,0.8451
27,12,en2fr,0,fr,6,0.8377
28,12,de2fr,2,de,4,0.5636
28,12,de2fr,2,de,6,0.5075
28,12,de2fr,2,fr,4,0.8405
28,12,de2fr,2,fr,6,0.8262
28,12,de2fr,3,de,4,0.5985
28,12,de2fr,3,de,6,0.5461
28,12,de2fr,3,fr,4,0.8385
28,12,de2fr,3,fr,6,0.8216
28,12,de2fr,6,de,4,0.5451
28,12,de2fr,6,de,6,0.4905
28,12,de2fr,6,fr,4,0.8441
28,12,de2fr,6,fr,6,0.83
28,12,de2fr,7,de,4,0.5449
28,12,de2fr,7,de,6,0.4846
28,12,de2fr,7,fr,4,0.8457
28,12,de2fr,7,fr,6,0.8252
28,12,de2fr,8,de,4,0.556
28,12,de2fr,8,de,6,0.5022
28,12,de2fr,8,fr,4,0.8505
28,12,de2fr,8,fr,6,0.8427
28,12,en2fr,2,de,4,0.5625
28,12,en2fr,2,de,6,0.5077
28,12,en2fr,2,fr,4,0.8437
28,12,en2fr,2,fr,6,0.8271
28,12,en2fr,3,de,4,0.5559
28,12,en2fr,3,de,6,0.5082
28,12,en2fr,3,fr,4,0.8683
28,12,en2fr,3,fr,6,0.8393
28,12,en2fr,6,de,4,0.5114
28,12,en2fr,6,de,6,0.4699
28,12,en2fr,6,fr,4,0.8233
28,12,en2fr,6,fr,6,0.8293
28,12,en2fr,7,de,4,0.573
28,12,en2fr,7,de,6,0.5275
28,12,en2fr,7,fr,4,0.8461
28,12,en2fr,7,fr,6,0.8274
28,12,en2fr,8,de,4,0.5604
28,12,en2fr,8,de,6,0.501
28,12,en2fr,8,fr,4,0.8401
28,12,en2fr,8,fr,6,0.8235
28,12,en2fr,9,de,4,0.553
28,12,en2fr,9,de,6,0.499
28,12,en2fr,9,fr,4,0.8277
28,12,en2fr,9,fr,6,0.8088
28,12,en2fr,0,de,4,0.5531
28,12,en2fr,0,de,6,0.4965
28,12,en2fr,0,fr,4,0.8504
28,12,en2fr,0,fr,6,0.8212
29,12,de2fr,2,de,4,0.5682
29,12,de2fr,2,de,6,0.5106
29,12,de2fr,2,fr,4,0.8442
29,12,de2fr,2,fr,6,0.82
29,12,de2fr,3,de,4,0.5894
29,12,de2fr,3,de,6,0.5358
29,12,de2fr,3,fr,4,0.8332
29,12,de2fr,3,fr,6,0.8186
29,12,de2fr,6,de,4,0.5462
29,12,de2fr,6,de,6,0.4971
29,12,de2fr,6,fr,4,0.8443
29,12,de2fr,6,fr,6,0.8177
29,12,de2fr,7,de,4,0.5569
29,12,de2fr,7,de,6,0.4876
29,12,de2fr,7,fr,4,0.85
29,12,de2fr,7,fr,6,0.8199
29,12,de2fr,8,de,4,0.5434
29,12,de2fr,8,de,6,0.4859
29,12,de2fr,8,fr,4,0.8481
29,12,de2fr,8,fr,6,0.8271
29,12,en2fr,2,de,4,0.5615
29,12,en2fr,2,de,6,0.5023
29,12,en2fr,2,fr,4,0.8442
29,12,en2fr,2,fr,6,0.8297
29,12,en2fr,3,de,4,0.5533
29,12,en2fr,3,de,6,0.506
29,12,en2fr,3,fr,4,0.8652
29,12,en2fr,3,fr,6,0.841
29,12,en2fr,6,de,4,0.5311
29,12,en2fr,6,de,6,0.4817
29,12,en2fr,6,fr,4,0.8246
29,12,en2fr,6,fr,6,0.8343
29,12,en2fr,7,de,4,0.5665
29,12,en2fr,7,de,6,0.5203
29,12,en2fr,7,fr,4,0.8441
29,12,en2fr,7,fr,6,0.8166
29,12,en2fr,8,de,4,0.5637
29,12,en2fr,8,de,6,0.497
29,12,en2fr,8,fr,4,0.846
29,12,en2fr,8,fr,6,0.8202
29,12,en2fr,9,de,4,0.5501
29,12,en2fr,9,de,6,0.4954
29,12,en2fr,9,fr,4,0.8342
29,12,en2fr,9,fr,6,0.8064
29,12,en2fr,0,de,4,0.5642
29,12,en2fr,0,de,6,0.5051
29,12,en2fr,0,fr,4,0.8457
29,12,en2fr,0,fr,6,0.8241
